BOAMP_AVIS_NUM,D_16_01_Renseignementscomplementaires_Commandeelectroniqueoui,D_16_02_Renseignementscomplementaires_Commandeelectroniquenon,D_16_03_Renseignementscomplementaires_Facturationelectroniqueoui,D_16_04_Renseignementscomplementaires_Facturationelectroniquenon,D_16_05_Renseignementscomplementaires_Paiementelectroniqueoui,D_16_06_Renseignementscomplementaires_Paiementelectroniquenon,D_16_07_Renseignementscomplementaires_Renscomplement,D_16_08_Renseignementscomplementaires_Proceduresrecoursprecision,D_16_09_Renseignementscomplementaires_Adressescomplementaires,D_16_09_01_Renseignementscomplementaires_Adressescomplementaires_Adresse,D_16_09_01_01_Renseignementscomplementaires_Adressescomplementaires_Adresse_Type,D_16_09_01_01_02_Renseignementscomplementaires_Adressescomplementaires_Adresse_Type_Admintech,D_16_09_01_01_03_Renseignementscomplementaires_Adressescomplementaires_Adresse_Type_Admin,D_16_09_01_01_04_Renseignementscomplementaires_Adressescomplementaires_Adresse_Type_Tech,D_16_09_01_01_05_Renseignementscomplementaires_Adressescomplementaires_Adresse_Type_Renseignements,D_16_09_01_01_06_Renseignementscomplementaires_Adressescomplementaires_Adresse_Type_Documents,D_16_09_01_01_07_Renseignementscomplementaires_Adressescomplementaires_Adresse_Type_Envoyeroffres,D_16_09_01_01_08_Renseignementscomplementaires_Adressescomplementaires_Adresse_Type_Instancerecours,D_16_09_01_01_09_Renseignementscomplementaires_Adressescomplementaires_Adresse_Type_Organemediation,D_16_09_01_01_10_Renseignementscomplementaires_Adressescomplementaires_Adresse_Type_Rensrecours,D_16_09_01_02_Renseignementscomplementaires_Adressescomplementaires_Adresse_Denomination,D_16_09_01_03_Renseignementscomplementaires_Adressescomplementaires_Adresse_Codeidentnational,D_16_09_01_04_Renseignementscomplementaires_Adressescomplementaires_Adresse_Correspondant,D_16_09_01_05_Renseignementscomplementaires_Adressescomplementaires_Adresse_Contact,D_16_09_01_06_Renseignementscomplementaires_Adressescomplementaires_Adresse_Adresse,D_16_09_01_07_Renseignementscomplementaires_Adressescomplementaires_Adresse_Cp,D_16_09_01_08_Renseignementscomplementaires_Adressescomplementaires_Adresse_Ville,D_16_09_01_09_Renseignementscomplementaires_Adressescomplementaires_Adresse_Pays,D_16_09_01_10_Renseignementscomplementaires_Adressescomplementaires_Adresse_Codenuts,D_16_09_01_11_Renseignementscomplementaires_Adressescomplementaires_Adresse_Tel,D_16_09_01_12_Renseignementscomplementaires_Adressescomplementaires_Adresse_Poste,D_16_09_01_13_Renseignementscomplementaires_Adressescomplementaires_Adresse_Fax,D_16_09_01_14_Renseignementscomplementaires_Adressescomplementaires_Adresse_Mel,D_16_09_01_15_Renseignementscomplementaires_Adressescomplementaires_Adresse_Url
22-16699,False,False,False,False,False,False,,,CF_NIV_SUIV,CF_NIV_SUIV,CF_NIV_SUIV,False,False,False,False,True,False,False,False,False,,None,,,,None,,,,,,,,https://www.marches-publics.gouv.fr/?page=Entreprise.EntrepriseAdvancedSearch&AllCons&id=1975255&orgAcronyme=f2h
22-16701,False,False,False,False,False,False,,,CF_NIV_SUIV,CF_NIV_SUIV,CF_NIV_SUIV,False,False,False,False,False,False,True,False,False,Tribunal administratif de Grenoble,None,,,"2, place Verdun - BP 1135",38022,Grenoble cedex,,,04-76-42-90-00,,04-76-42-22-69,greffe.ta-grenoble@juradm.fr,
22-16701,False,False,False,False,False,False,,,CF_NIV_SUIV,CF_NIV_SUIV,CF_NIV_SUIV,False,False,False,False,False,False,False,False,True,Tribunal administratif de Grenoble,None,,,"2, place Verdun - BP 1135",38022,Grenoble cedex,,,04-76-42-90-00,,04-76-42-22-69,greffe.ta-grenoble@juradm.fr,
22-16707,False,False,False,False,False,False,,,CF_NIV_SUIV,CF_NIV_SUIV,CF_NIV_SUIV,False,False,False,False,False,False,True,False,False,Tribunal Administratif d'Amiens,None,,,"14, rue Lemerchier",80011,Amiens cedex 1,,,03-22-33-61-70,,,greffe.ta-amiens@juradm.fr,
22-16707,False,False,False,False,False,False,,,CF_NIV_SUIV,CF_NIV_SUIV,CF_NIV_SUIV,False,False,False,False,False,False,False,False,True,Tribunal Administratif d'Amiens,None,,,"14, rue Lemerchier",80011,Amiens cedex 1,,,03-22-33-61-70,,,greffe.ta-amiens@juradm.fr,
22-16732,False,False,False,False,False,False,,,CF_NIV_SUIV,CF_NIV_SUIV,CF_NIV_SUIV,False,False,False,False,False,False,True,False,False,Tribunal administratif de Nantes,None,,,"6, allée de l'Ile-Gloriette, CS 24111",44041,Nantes,,,02-40-99-46-00,,02-40-99-46-58,greffe.ta-nantes@juradm.fr,http://nantes.tribunal-administratif.fr
22-16763,False,False,False,False,False,False,,,CF_NIV_SUIV,CF_NIV_SUIV,CF_NIV_SUIV,False,False,False,False,True,False,False,False,False,,None,,,,None,,,,,,,,https://www.achatpublic.com/sdm/ent/gen/ent_detail.do?PCSLID=CSL_2022_ksd6fV_j5o&v=1&selected=0
22-16767,False,False,False,False,False,False,,,CF_NIV_SUIV,CF_NIV_SUIV,CF_NIV_SUIV,False,False,False,False,True,False,False,False,False,,None,,,,None,,,,,,,,https://www.achatpublic.com/sdm/ent/gen/ent_detail.do?PCSLID=CSL_2022_8dOmMJSzoz
22-16774,False,False,False,False,False,False,"Les dépôts de plis doivent être impérativement remis par voie dématérialisée.Pour retrouver cet avis intégral, accéder au DCE, poser des questions à l'acheteur, déposer un pli, allez sur https://www.marches-publics.info/Code NUTS : FRE11Valeur estimée hors TVA : 45 909,00 euro(s)Options : OUILes opérateurs économiques sont informés que l'acheteur pourra passer un marché sans publicité ni mise en concurrence préalables pour des prestations similaires à celles confiées au titulaire du présent marché public, en application de l'article R 2122-7 du Code de la Commande Publique, si les conditions sont remplies.Modalités d'ouverture des offres :Date: 08 mars 2022Lieu :Personnes autorisées à assister à l'ouverture des offres : NONMarché périodique : NONCalendrier prévisionnel de publication des prochains avis :Le marché s'inscrit dans un projet/programme financé par des fonds communautaires : NONRéférences du ou des projet(s) et / ou programme(s) :Lespersonnes morales sont tenues d'indiquer les noms et qualifications professionnelles des membres du personnel chargés de la prestation : OUIMarchés réservés : NONLa prestation est réservée à une profession particulière : Marché de contrôle technique : le candidat fournira la copie de l'agrément du ministère chargé de la construction, prévu à l'article agrément défini à l'article R125-1 du Décret no2021-872 du 30 juin 2021 et prévu par l'article L. 125-3 du code de la construction, en cours de validité (ou équivalent) du / des contrôleurs techniques affectés à l'exécution des prestationsInstance chargée des procédures de recours : Tribunal administratif de Lille, 5 rue Geoffroy Saint-Hilaire CS 62039,59014 LilleTél : 0359542342 Fax : 0359542445Mel : greffe.ta-lille@juradm.frWeb : http://lille.tribunal-administratif.fr/Précisions concernant le(s) délai(s) d'introduction des recours : 'Les recours ouverts aux candidats sont les suivants :-Référé précontractuel avant la signature du contrat (articles L.551-1 à 12 du Code de Justice Administrative) ;- Référé contractuel après la signature du contrat, dans les 31 jours qui suivent la publication de l'avis d'attribution du contrat, ou, à défaut d'un tel avis, dans les six mois qui suivent la date de conclusion de celui-ci (dans les conditions décrites aux articles L.551-13 à 23 du même code) ;- soit d'un recours en contestation de la validité du contrat, conformément à la décision du Conseil d'Etat du 4 avril 2014 no358994 'Tarn et Garonne', dans un délai de 2 mois à compter de la publication de l'avis d'attribution ou à défaut de toute autre mesure de publicité concernant la conclusion du contrat.'- Procédure d'appel d'offres ouverte, conformément aux articles L.2124-2 et R.2124-2 du Code de la Commande Publique-Téléchargement des documents de la consultation par un opérateur économique :http://www.lenord.fr/ à la mention 'Marchés publics' ou directement sur https://www.marches-publics.info/ sur la procédure correspondante;- Modalités de remise des plis : cf article 3 du RC ;- Modalités de sélections des candidatures : cf article 4 du RC ;- Sous-critères de jugement des offres et modalités d'analyse des offres : cf. article 4 du RC ;- Les prestations démarrent à la réception d'un ordre de service ;- Modalités essentielles de financement : ressources propres de la collectivité, au titre de son budget d'investissement ;- Les réponses au marché se font par voie électronique uniquement ;- La valeur estimée est indiquée à titre purement indicatif ;- Informations sur les personnes autorisées et les modalités d'ouverture des plis :La date et le lieu sont donnés à titre indicatif. La séance d'ouverture n'est pas publique ;- Code d'identification national : 22590001801244",,CF_NIV_SUIV,CF_NIV_SUIV,CF_NIV_SUIV,False,False,False,False,False,False,False,False,False,,None,,,,None,,,,,,,,
22-16779,False,False,False,False,False,False,"Les dépôts de plis doivent être impérativement remis par voie dématérialisée.Pour retrouver cet avis intégral, accéder au DCE, poser des questions à l'acheteur, déposer un pli, allez sur http://www.marchespublics.departement18.fr/Code NUTS : FRB01Options : OUILe contrat prévoit la possibilité de confier ultérieurement au titulaire du marché un ou plusieurs marchés ayant pour objet la réalisation de prestations similaires.Marché périodique : NONCalendrier prévisionnel de publication des prochains avis :Le marché s'inscrit dans un projet/programme financé par des fonds communautaires : NONRéférences du ou des projet(s) et / ou programme(s) :Les personnes morales sont tenues d'indiquer les noms et qualifications professionnelles des membres du personnel chargés de la prestation : NONMarchés réservés : NONL'execution du marché est soumise à d'autres conditions particulières :L'exécution des prestations débute à compter de la date de notification du contrat.Le paiement des prestations se fera dans le respect du délai global de paiement applicable à l'acheteur.La prestation est réservée à une profession particulière : NonInstance chargée des procédures de recours : Tribunal administratif d'Orléans, 28 rue de la Bretonnerie45057 OrléansCedex 1Tél : 0238775900 Fax : 0238538516Mel : greffe.ta-orleans@juradm.frWeb : http://orleans.tribunal-administratif.frOrgane chargé des procédures de médiation : DIRECCTE DES PAYS DE LA LOIRE , Comité consultatif interrégional de règlement amiable des différends ou litiges relatifs aux marchés publics, Préfecture de région pays de la Loire, 22 mail Pablo Picasso, BP 2420944035 NantesTél : 0253467983 Fax : 0253467979Mel : paysdl.ccira@direccte.gouv.frPrécisions concernant le(s) délai(s) d'introduction des recours : En cas de litige, seul le Tribunal Administratif d'Orléans est compétent en la matière. Le tribunal administratif peut être saisi par l'application informatique ' Télérecours citoyens' accessible par le site Internet http://www.telerecours.fr .Tous les documents, inscriptions sur matériel, correspondances, demandes de paiement ou modes d'emploi doivent être entièrement rédigés en langue française ou accompagnés d'une traduction en français, certifiée conforme à l'original par un traducteur assermenté.Chaque transmission par voie électronique fera l'objet d'un accusé de réception. Le pli sera considéré "" hors délai "" si le téléchargement se termine après la date et l'heure limites prévues.Si un nouveau pli est envoyé par voie électronique par le même candidat, celui-ci annule et remplace le pli précédent.Le pli peut être doublé d'une copie de sauvegarde transmise dans les délais impartis, sur support physique électronique ou sur support papier.La transmission des plis sur un support physique électronique n'est pas autorisée.Aucune forme de groupement n'est imposée à l'attributaire.Les formats de fichiers acceptés par l'acheteur sont précisés dans le règlement de la consultation et sont rappelés lors du dépôt du pli sur le profil d'acheteur.La signature électronique des documents n'est pas exigée à ce stade de la consultation.Les sous-critères retenus pour le jugement des offres sont définis dans le règlement de la consultation",,CF_NIV_SUIV,CF_NIV_SUIV,CF_NIV_SUIV,False,False,False,False,False,False,False,False,False,,None,,,,None,,,,,,,,
22-16784,False,False,False,False,False,False,,,CF_NIV_SUIV,CF_NIV_SUIV,CF_NIV_SUIV,False,False,False,False,False,False,True,False,False,Tribunal administratif de Lille,None,,,"5 Rue Geoffroy Saint Hilaire, cs 62039",59014,Lille,,,03-59-54-23-42,,03-59-54-24-45,greffe.ta-lille@juradm.fr,
22-16786,False,False,False,False,False,False,Retrait du Dossier de Consultation des Entreprises par téléchargement sur le profil acheteur de l'Etablissement :https://eptb-loire.e-marchespublics.com,,CF_NIV_SUIV,CF_NIV_SUIV,CF_NIV_SUIV,True,False,False,False,False,False,False,False,False,Etablissement public Loire,None, Service marchés,,"2, quai du Fort Alleaume - CS 55708",45057,ORLEANS CEDEX,,,02-46-47-03-21,,09-70-65-01-06,marches.eploire@eptb-loire.fr,http://eptb-loire.e-marchespublics.com
22-16791,False,False,False,False,False,False,,,CF_NIV_SUIV,CF_NIV_SUIV,CF_NIV_SUIV,True,False,False,False,False,False,False,False,False,SIABAVES,None,,,Hôtel de Ville,51096,REIMS,,,(+33) -06-10-37-10-30,,,aline.antoine@siabaves.fr,
22-16810,False,False,False,False,False,False,,,CF_NIV_SUIV,CF_NIV_SUIV,CF_NIV_SUIV,False,False,False,False,True,False,False,False,False,SETEC ORGANISATION agissant au nom et pour le compte de la Région Auvergne-Rhône-Alpes,None,,,191/193 Cours Lafayette Immeuble le Crystallin,69006,Lyon,,,,,,,https://www.achatpublic.com/sdm/ent/gen/ent_detail.do?PCSLID=CSL_2022_117ax6T_Wn
22-16819,False,False,False,False,False,False,,,CF_NIV_SUIV,CF_NIV_SUIV,CF_NIV_SUIV,True,False,False,False,False,False,False,False,False,Mairie d'ALTKIRCH,None, Valérie PEREIRA,,,None,,,,,,,valerie.pereira@mairie-altkirch.fr,http://mairie-altkirch.e-marchespublics.com
22-16819,False,False,False,False,False,False,,,CF_NIV_SUIV,CF_NIV_SUIV,CF_NIV_SUIV,False,False,False,True,False,False,False,False,False,,None,,,,None,,,,,,,,http://mairie-altkirch.e-marchespublics.com
22-16819,False,False,False,False,False,False,,,CF_NIV_SUIV,CF_NIV_SUIV,CF_NIV_SUIV,False,False,False,False,True,False,False,False,False,,None,,,,None,,,,,,,,http://mairie-altkirch.e-marchespublics.com
22-16819,False,False,False,False,False,False,,,CF_NIV_SUIV,CF_NIV_SUIV,CF_NIV_SUIV,False,False,False,False,False,True,False,False,False,,None,,,,None,,,,,,,,http://mairie-altkirch.e-marchespublics.com
22-16821,False,False,False,False,False,False,,,CF_NIV_SUIV,CF_NIV_SUIV,CF_NIV_SUIV,True,False,False,False,False,False,False,False,False,Mairie d'ALTKIRCH,None, Valérie PEREIRA,,,None,,,,,,,valerie.pereira@mairie-altkirch.fr,http://mairie-altkirch.e-marchespublics.com
22-16821,False,False,False,False,False,False,,,CF_NIV_SUIV,CF_NIV_SUIV,CF_NIV_SUIV,False,False,False,True,False,False,False,False,False,,None,,,,None,,,,,,,,http://mairie-altkirch.e-marchespublics.com
22-16821,False,False,False,False,False,False,,,CF_NIV_SUIV,CF_NIV_SUIV,CF_NIV_SUIV,False,False,False,False,True,False,False,False,False,,None,,,,None,,,,,,,,http://mairie-altkirch.e-marchespublics.com
22-16821,False,False,False,False,False,False,,,CF_NIV_SUIV,CF_NIV_SUIV,CF_NIV_SUIV,False,False,False,False,False,True,False,False,False,,None,,,,None,,,,,,,,http://mairie-altkirch.e-marchespublics.com
22-16836,False,False,False,False,False,False,,,CF_NIV_SUIV,CF_NIV_SUIV,CF_NIV_SUIV,False,False,False,False,False,False,True,False,False,Tribunal administratif de Lille,None,,,5 rue Geoffroy Saint HilaireCS 62039,59014,Lille cedex,,,(+33) 3-59-54-23-42,,(+33) 3-59-54-24-45,,http://lille.tribunal-administratif.fr
22-16836,False,False,False,False,False,False,,,CF_NIV_SUIV,CF_NIV_SUIV,CF_NIV_SUIV,False,False,False,False,False,False,False,False,True,Greffe du tribunal administratif de Lille,None,,,5 rue Geoffroy Saint HilaireCS 62039,59014,Lille cedex,,,(+33) 3-59-54-23-42,,(+33) -59-54-24-45,,http://lille.tribunal-administratif.fr
22-16854,False,False,False,False,False,False,,,CF_NIV_SUIV,CF_NIV_SUIV,CF_NIV_SUIV,False,False,False,False,False,False,True,False,False,Tribunal administratif de Toulouse,None,,,68 rue Raymond IV BP 70007,31068,Toulouse cedex 7,,,05-62-73-57-57,,05-62-73-57-40,,http://toulouse.tribunal-administratif.fr/
22-16854,False,False,False,False,False,False,,,CF_NIV_SUIV,CF_NIV_SUIV,CF_NIV_SUIV,False,False,False,False,False,False,False,False,True,Tribunal administratif de Toulouse,None,,,68 rue Raymond IV BP 70007,31068,Toulouse cedex 7,,,,,,,http://toulouse.tribunal-administratif.fr/
22-16856,False,False,False,False,False,False,,,CF_NIV_SUIV,CF_NIV_SUIV,CF_NIV_SUIV,False,False,False,False,True,False,False,False,False,,None,,,,None,,,,,,,,https://marches.maximilien.fr/?page=Entreprise.EntrepriseAdvancedSearch&AllCons&id=801841&orgAcronyme=d7j
22-16864,False,False,False,False,False,False,"Les dépôts de plis doivent être impérativement remis par voie dématérialisée.Pour retrouver cet avis intégral, accéder au DCE, poser des questions à l'acheteur, déposer un pli, allez sur http://marchespublics.grandlyon.comCriteres d'attributions : Les pièces de l'offre à déposer sont:- Le bordereau des prix (BP) dans l'un des formats de fichier prévus à l'article 4.2 du règlement de la consultation,- La note technique reprenant la compréhension des enjeux et la méthodologie et le planning prévisionnel proposés,- La présentation de l'équipe chargée de réaliser les prestations (CV, titre d'études et professionnels, compétences de chacun des membres).*Aucun acte d'engagement n'est requis lors du dépôt de l'offre. un acte d'engagement sera demandé au candidat pressenti pour être retenu dans les conditions fixées à l'article 6.2.4 du règlement de la consultation.*Le critère prix sera analysé au regard du montant total forfaitaire des cinq premières phases auquel s'ajouteront les prestations unitaires de la phase de suivi avec l'élaboration d'un outil de pilotage financier, la conception d'un outil de suivi technique, l'élaboration d'une grille annuelle d'évaluation et l'analyse annuelle des éléments complétés par le concessionnaire dans les outils de suivi, se trouvant au sein du bordereau de prix. Il sera appliqué à ce montant la formule suivante :*(prix total le plus bas / prix total analysé) * pondération*Les critères et sous-critères techniques seront analysés au regard des réponses fournies dans la note technique et la présentation de l'équipe chargée de réaliser les missions.*Après une première analyse des offres, des négociations en une ou plusieurs phases pourront être engagées par le pouvoir adjudicateur. Elles pourront porter sur l'ensemble des éléments de l'offre, y compris le prix et seront menées, le cas échéant, avec le ou lescandidats ayant présenté les offres les plus intéressantes dans la limite de 3 maximum.*Le dossier de consultation des entreprises est téléchargeable gratuitement sur:https://grandlyon.marches-publics.info/meyzieuCode NUTS : FRK26Les personnes morales sont tenues d'indiquer les noms et qualifications professionnelles des membres du personnel chargés de la prestation : NONMarchés réservés : NONL'execution du marché est soumise à d'autres conditions particulières : NONLa prestation est réservée à une profession particulière : NonInstance chargée des procédures de recours : Tribunal administratif de Lyon, 184, rue Duguesclin69433 LyonCedex 03Tél : 0478141010 Fax : 0478141065Mel : greffe.ta-lyon@juradm.frPrécisions concernant le(s) délai(s) d'introduction des recours : Cf. le greffe du Tribunal Administratif à l'adresse ci-dessus.Pour obtenir tous les renseignements complémentaires qui leur seraient nécessaires au cours de leur étude, les candidats devront poser leurs questions à l'adresse indiquée sur la page de garde du règlement, rubrique 'Correspondre avec l'acheteur' au plus tard 6 jours avant la date limite de remise des offres.*Une réponse sera alors adressée, dans la mesure du possible, par écrit à toutes les entreprises ayant retiré le dossier, 6 jours au plus tard avant la date limite de réception des offres",,CF_NIV_SUIV,CF_NIV_SUIV,CF_NIV_SUIV,False,False,False,False,False,False,False,False,False,,None,,,,None,,,,,,,,
22-16884,False,False,False,False,False,False,,,CF_NIV_SUIV,CF_NIV_SUIV,CF_NIV_SUIV,False,False,False,False,False,False,True,False,False,Tribunal administratif de Melun,None,,,43 rue du Général de Gaulle case postale N°8630,77008,Melun cedex,,,01-60-56-66-30,,,greffe-ta-melun@juradm.fr,http://melun.tribunal-administratif.fr
22-16913,False,False,False,False,False,False,,,CF_NIV_SUIV,CF_NIV_SUIV,CF_NIV_SUIV,True,False,False,False,False,False,False,False,False,Mairie d'Armentières,None,,,Les questions d'ordre administratif et technique devront être adressées via le lien ci-après,59427,Armentières cedex,,,,,,,https://marchespublics596280.fr/?page=Entreprise.EntrepriseAdvancedSearch&AllCons&id=534232&orgAcronyme=50017
22-16913,False,False,False,False,False,False,,,CF_NIV_SUIV,CF_NIV_SUIV,CF_NIV_SUIV,False,False,False,False,True,False,False,False,False,Mairie d'Armentières,None,,,Les documents de consultation sont téléchargeables sur le site du Cdg596280 via le lien ci-après,59427,Armentières cedex,,,,,,,https://marchespublics596280.fr/?page=Entreprise.EntrepriseAdvancedSearch&AllCons&id=534232&orgAcronyme=50017
22-16918,False,False,False,False,False,False,,,CF_NIV_SUIV,CF_NIV_SUIV,CF_NIV_SUIV,False,False,False,False,False,False,True,False,False,Tribunal administratif de Caen,None,,,,14050,Caen,,,02-31-70-72-72,,,greffe.ta-caen@juradm.fr,http://caen.tribunal-administratif.fr
22-16934,False,False,False,False,False,False,"Les dépôts de plis doivent être impérativement remis par voie dématérialisée.Pour retrouver cet avis intégral, accéder au DCE, poser des questions à l'acheteur, déposer un pli, allez sur http://www.marches-publics.infoCode NUTS : FRF33Conditions et mode de paiement pour obtenir les documents contractuels et additionnels :Documents payant : NONModalités d'ouverture des offres :Date: 02 mars 2022Lieu :Marché périodique : NONCalendrier prévisionnel de publication des prochains avis :Le marché s'inscrit dans un projet/programme financé par des fonds communautaires : NONRéférences du ou des projet(s) et / ou programme(s) :Marchés réservés : NONLa prestation est réservée à une profession particulière : NonInstance chargée des procédures de recours : Tribunal administratif de Strasbourg, 31, avenue de la Paix, BP 5103867070 StrasbourgTél : 0388212323 Fax : 0388364466Mel : greffe.ta-strasbourg@juradm.frPour retrouver cet avis intégral, accéder au DCE, poser des questions à l'acheteur, déposer un pli, il convient de se connecter à l'adresse suivante: http://www.marches-publics.info/avis/index.cfm?IDS=3799",,CF_NIV_SUIV,CF_NIV_SUIV,CF_NIV_SUIV,False,False,False,False,False,False,False,False,False,,None,,,,None,,,,,,,,
22-16936,False,False,False,False,False,False,"Les dépôts de plis doivent être impérativement remis par voie dématérialisée.Cette consultation bénéficie du Service DUME.Pour retrouver cet avis intégral, accéder au DCE, poser des questions à l'acheteur, déposer un pli, allez sur http://marchespublicsmanche.frCode NUTS : FRD12Marché périodique : NONCalendrier prévisionnel de publication des prochains avis :Le marché s'inscrit dans un projet/programme financé par des fonds communautaires : NONRéférences du ou des projet(s) et / ou programme(s) :Marchés réservés : NONL'execution du marché est soumise à d'autres conditions particulières : NONLa prestation est réservée à une profession particulière : NonInstance chargée des procédures de recours : Tribunal administratif de Caen, 3, rue Arthur Leduc, BP 2508614050 CaenCedex 4Tél : 0231707272 Fax : 0231524217Mel : greffe.ta-caen@juradm.frWeb : http://caen.tribunal-administratif.fr/Organe chargé des procédures de médiation : Tribunal administratif de Caen, 3, rue Arthur Leduc, BP 2508614050 CaenCedex 4Tél : 0231707272 Fax : 0231524217Mel : greffe.ta-caen@juradm.frService auprès duquel des renseignements peuvent être obtenus concernant l'introduction des recours : Tribunal administratif de Caen, 3, rue Arthur Leduc, BP 2508614050 CaenCedex 4Tél : 0231707272 Fax : 0231524217Mel : greffe.ta-caen@juradm.frProcédure adaptée ouverte avec négociation éventuelle librement définie par le pouvoir adjudicateur",,CF_NIV_SUIV,CF_NIV_SUIV,CF_NIV_SUIV,False,False,False,False,False,False,False,False,False,,None,,,,None,,,,,,,,
22-16938,False,False,False,False,False,False,,,CF_NIV_SUIV,CF_NIV_SUIV,CF_NIV_SUIV,False,False,False,False,False,False,True,False,False,Tribunal administratif de Toulon,None,,,"5, rue Racine, BP40510 Cedex 9",83041,TOULON,,,04-94-42-79-30,,04-94-42-79-89,greffe.ta-toulon@juradm.fr,http://www.ta-toulon.juradm.fr
22-16940,False,False,False,False,False,False,,,CF_NIV_SUIV,CF_NIV_SUIV,CF_NIV_SUIV,False,False,False,False,False,False,True,False,False,Tribunal administratif de Toulon,None,,,5 rue Racine Cedex 9 BP 40510,83041,Toulon,,,04-94-42-79-30,,04-94-42-79-89,greffe.ta-toulon@juradm.fr,
22-16949,False,False,False,False,False,False,,,CF_NIV_SUIV,CF_NIV_SUIV,CF_NIV_SUIV,False,False,False,False,False,False,True,False,False,Tribunal administratif de Caen,None,,,,14050,Caen,,,02-31-70-72-72,,,greffe.ta-caen@juradm.fr,http://caen.tribunal-administratif.fr
22-16953,False,False,False,False,False,False,,,CF_NIV_SUIV,CF_NIV_SUIV,CF_NIV_SUIV,False,False,False,False,False,False,True,False,False,Tribunal Administratif de Toulouse,None,,,68 rue raymond IV,31000,Toulouse,,,,,,,
22-16971,False,False,False,False,False,False,,,CF_NIV_SUIV,CF_NIV_SUIV,CF_NIV_SUIV,False,False,False,False,False,False,True,False,False,Tribunal administratif de Cergy-Pontoise,None,,,2-4 boulevard de l'Hautil,95027,Pontoise,,,01-30-17-34-00,,,greffe.ta-cergy-pontoise@juradm.fr,http://Cergy-pontoise.tribunal-administratif.fr
22-16971,False,False,False,False,False,False,,,CF_NIV_SUIV,CF_NIV_SUIV,CF_NIV_SUIV,False,False,False,False,False,False,False,False,True,Tribunal administratif de Cergy-Pontoise,None,,,2-4 boulevard de l'Hautil,95027,Pontoise,,,,,,,
22-17006,False,False,False,False,False,False,"Pour retrouver cet avis intégral, déposer un pli, allez sur http://www.marches-securises.frType de marché de Fournitures :Code NUTS : FRE12Lot 1 - Acquisition d'un tracteur d'occasion avec reprise de l'ancien matérielLot 2 - Acquisition d'une benne neuve pour tracteurLot 3 - Acquisition d'une lame de déneigement neuve pour tracteurMarché périodique : NONCalendrier prévisionnel de publication des prochains avis :Le marché s'inscrit dans un projet/programme financé par des fonds communautaires : NONRéférences du ou des projet(s) et / ou programme(s) :Marchés réservés : NONL'execution du marché est soumise à d'autres conditions particulières :L'exécution des prestations débute à compter de la date de notification du contrat.Les candidats peuvent proposer un délai d'exécution/de livraison sans dépasser le délai maximum fixé par l'acheteur.Aucune clause de garantie financière prévue.Le contrat prévoit le versement d'uneavance, avec obligation de constituer une garantie à première demande ou une caution personnelle et solidaire en contrepartie.Les prestations sont réglées par des prix forfaitaires.Les prix sont fermes.Le paiement des prestations se fera dans le respect du délai global de paiement applicable à l'acheteur.Budget Investissement de la Ville de LiévinInstance chargée des procédures de recours : Tribunal administratif de Lille, 143, rue Jacquemars Giélée, BP 203959014 LilleTél : 0320631300 Fax : 0320631347Mel : greffe.ta-lille@juradm.frChaque transmission par voie électronique fera l'objet d'un accusé de réception. Le pli sera considéré "" hors délai "" si le téléchargement se termine après la date et l'heure limites prévues. Si un nouveau pli est envoyé par voie électronique par le même candidat, celui-ci annule et remplace le pli précédent. Le pli peut être doublé d'une copie de sauvegarde transmise dans les délais impartis, sur support physique électronique ou sur support papier.La transmission des plis sur un support physique électronique n'est pas autorisée.Il est interdit de présenter plusieurs offres en agissant à la fois en qualité de candidats individuels et de membres d'un ou plusieurs groupements ou en qualité de membres de plusieurs groupements.Aucune forme de groupement n'est imposée à l'attributaire.Les formats de fichiers acceptés par l'acheteur sont précisés dans le règlement de la consultation et sont rappelés lors du dépôt du pli sur le profil d'acheteur.La signature électronique des documents n'est pas exigée pour cette consultation.Les sous-critères retenus pour le jugement des offres sont définis dans le règlement de la consultation",,CF_NIV_SUIV,CF_NIV_SUIV,CF_NIV_SUIV,False,False,False,False,False,False,False,False,False,,None,,,,None,,,,,,,,
22-17018,False,False,False,False,False,False,,,CF_NIV_SUIV,CF_NIV_SUIV,CF_NIV_SUIV,False,False,False,False,False,False,True,False,False,Tribunal administratif de Toulouse,None,,,"68, rue Raymond IV Cedex 07 BP 7007",31068,Toulouse,,,05-62-73-57-57,,05-62-73-57-40,greffe.ta-toulouse@juradm.fr,
22-17023,False,False,False,False,False,False,,,CF_NIV_SUIV,CF_NIV_SUIV,CF_NIV_SUIV,False,False,False,False,True,False,False,False,False,,None,,,,None,,,,,,,,https://www.achatpublic.com/sdm/ent/gen/ent_detail.do?PCSLID=CSL_2022_WoZ6QMF9QF
22-17024,False,False,False,False,False,False,,,CF_NIV_SUIV,CF_NIV_SUIV,CF_NIV_SUIV,False,False,False,False,False,False,True,False,False,Tribunal administratif de Cergy-Pontoise,None,,,2/4 boulevard de l'Hautil,95027,Cergy-Pontoise,,,01-30-17-34-00,,,greffe.ta-cergy-pontoise@juradm.fr,
22-17027,False,False,False,False,False,False,,,CF_NIV_SUIV,CF_NIV_SUIV,CF_NIV_SUIV,False,False,False,False,False,False,True,False,False,Tribunal administratif de Cergy Pontoise,None,,,2/4 Boulevard de l'Hautil,95027,Cergy Pontoise,,,01-30-17-34-00,,01-30-17-34-59,greffe.ta-cergy-pontoise@juradm.fr,http://cergy-pontoise.tribunal-administratif.fr/
22-17028,False,False,False,False,False,False,,,CF_NIV_SUIV,CF_NIV_SUIV,CF_NIV_SUIV,False,False,False,False,False,False,True,False,False,Tribunal Administratif de Cergy Pontoise,None,,,2/4 boulevard de l'Hautil,95027,Cergy-Pontoise Cedex,,,01-30-17-34-00,,,greffe.tacergypontoise@juradm.fr,http://cergypontoise.tribunal-administratif.fr
22-17034,False,False,False,False,False,False,,,CF_NIV_SUIV,CF_NIV_SUIV,CF_NIV_SUIV,False,False,False,False,False,False,True,False,False,Tribunal administratif de Nice,None,,,18 avenue des Fleurs CS 61039,06050,Nice cedex 1,,,04-89-97-86-00,,,,
22-17034,False,False,False,False,False,False,,,CF_NIV_SUIV,CF_NIV_SUIV,CF_NIV_SUIV,False,False,False,False,False,False,False,False,True,Tribunal administratif de Nice,None,,,18 avenue des Fleurs CS 61039,06050,Nice cedex 1,,,04-89-97-86-00,,,,
22-17046,False,False,False,False,False,False,,,CF_NIV_SUIV,CF_NIV_SUIV,CF_NIV_SUIV,False,False,False,False,True,False,False,False,False,,None,,,,None,,,,,,,,https://meoss.achatpublic.com/sdm/ent/gen/ent_detail.do?PCSLID=CSL_2022_VhLGWvyEQt
22-17063,False,False,False,False,False,False,,,CF_NIV_SUIV,CF_NIV_SUIV,CF_NIV_SUIV,False,False,False,False,False,False,True,False,False,Tribunal administratif de Toulouse,None,,,"68, rue Raymond IV Cedex 07 BP 7007",31068,Toulouse,,,05-62-73-57-57,,05-62-73-57-40,greffe.ta-toulouse@juradm.fr,
22-17070,False,False,False,False,False,False,"A) L'acheteur se réserve la possibilité de négocier avec tous les candidats ayant présenté une offre. Cette négociation peut porter sur tous les éléments de l'offre, y compris le prix. Le marché pourra également être attribué sans négociation sur la base des offres initiales.",,CF_NIV_SUIV,CF_NIV_SUIV,CF_NIV_SUIV,True,False,False,False,False,False,False,False,False,,None,,,,None,,,,,,,,http://www.marches-publics.gouv.fr/?page=Entreprise.EntrepriseAdvancedSearch&AllCons&id=1974617&orgAcronyme=f2h
22-17070,False,False,False,False,False,False,"A) L'acheteur se réserve la possibilité de négocier avec tous les candidats ayant présenté une offre. Cette négociation peut porter sur tous les éléments de l'offre, y compris le prix. Le marché pourra également être attribué sans négociation sur la base des offres initiales.",,CF_NIV_SUIV,CF_NIV_SUIV,CF_NIV_SUIV,False,False,False,False,True,False,False,False,False,,None,,,,None,,,,,,,,http://www.marches-publics.gouv.fr/?page=Entreprise.EntrepriseAdvancedSearch&AllCons&id=1974617&orgAcronyme=f2h
22-17070,False,False,False,False,False,False,"A) L'acheteur se réserve la possibilité de négocier avec tous les candidats ayant présenté une offre. Cette négociation peut porter sur tous les éléments de l'offre, y compris le prix. Le marché pourra également être attribué sans négociation sur la base des offres initiales.",,CF_NIV_SUIV,CF_NIV_SUIV,CF_NIV_SUIV,False,False,False,False,False,True,False,False,False,,None,,,,None,,,,,,,,http://www.marches-publics.gouv.fr/?page=Entreprise.EntrepriseAdvancedSearch&AllCons&id=1974617&orgAcronyme=f2h
22-17082,False,False,False,False,False,False,"Les dépôts de plis doivent être impérativement remis par voie dématérialisée.Cette consultation bénéficie du Service DUME.Pour retrouver cet avis intégral, accéder au DCE, poser des questions à l'acheteur, déposer un pli, allez sur https://www.marches-publics.infoCode NUTS : FRK13Lot 01 - Visites théâtralisées du château de Chavaniac-LafayetteLot 02 - visites théâtralisées et musicales de l'Hôtel du DépartementModalités d'ouverture des offres :Date: 28 mars 2022Lieu :Marché périodique : NONCalendrier prévisionnel de publication des prochains avis :Le marché s'inscrit dans un projet/programme financé par des fonds communautaires : NONRéférences du ou des projet(s) et / ou programme(s) :Les personnes morales sont tenues d'indiquer les noms et qualifications professionnelles des membres du personnel chargés de la prestation : NONMarchés réservés : NONL'execution du marché est soumise à d'autres conditions particulières :L'exécution des prestations débute à compter de la date de notification du contrat.Aucune clause de garantie financière prévue.Le contrat prévoit le versement d'une avance, sans obligation de constituer une garantie financière pour en bénéficier.Les prestations sont réglées par des prix forfaitaires.Les prix sont fermes.Le paiement des prestations se fera dans le respect du délai global de paiement applicable à l'acheteur.La prestation est réservée à une profession particulière : NonInstance chargée des procédures de recours : Tribunal administratif de Clermont-Ferrand, 6 cours Sablon63033 Clermont-FerrandCedex 01Tél : 0473146100 Fax : 0473146122Mel : greffe.ta-clermont-ferrand@juradm.frChaque transmission par voie électronique fera l'objet d'un accusé de réception. Le pli sera considéré "" hors délai "" si le téléchargement se termine après la date et l'heure limites prévues. Si un nouveau pli est envoyé par voie électronique par le même candidat, celui-ci annule et remplace le pli précédent. Le pli peut être doublé d'une copie de sauvegarde transmise dans les délais impartis, sur support physique électronique ou sur support papier.La transmission des plis sur un support physique électronique n'est pas autorisée.Il est interdit de présenter plusieurs offres en agissant à la fois en qualité de candidats individuels et de membres d'un ou plusieurs groupements.Aucune forme de groupement n'est imposée à l'attributaire.Les formats de fichiers acceptés par l'acheteur sont précisés dans le règlement de la consultation et sont rappelés lors du dépôt du pli sur le profil d'acheteur.La signature électronique des documents n'est pas exigée pour cette consultation.Une visite sur site est préconisée. Les modalités d'organisation de la viste sont disponibles dans le règlement de la consultation",,CF_NIV_SUIV,CF_NIV_SUIV,CF_NIV_SUIV,False,False,False,False,False,False,False,False,False,,None,,,,None,,,,,,,,
22-17087,False,False,False,False,False,False,"Les dépôts de plis doivent être impérativement remis par voie dématérialisée.Cette consultation bénéficie du Service DUME.Pour retrouver cet avis intégral, accéder au DCE, poser des questions à l'acheteur, déposer un pli, allez sur https://www.marches-publics.infoType de marché de Fournitures :Marchés réservés : NONInstance chargée des procédures de recours : Tribunal administratif de Bastia, Villa Montépiano20407 BastiaTél : 0495328866 Fax : 0495323855Mel : greffe.ta-bastia@juradm.frWeb : http://www.telerecours.frOrgane chargé des procédures de médiation : Comité consultatif interrégional de règlement amiable des litiges Préfecture de la région Provence-Alpes - Côte d'Azur Secrétariat général pour les affaires régionales , Boulevard Paul Peytral13282 Marseille CedexTél : 0484354554 Fax : 0484354460Précisions concernant le(s) délai(s) d'introduction des recours : Référé précontractuel prévu aux articles L.551-1 à L.551-12 du Code de justice administrative (CJA), et pouvant être exercé avant la signature du contrat. Référé contractuel prévu aux articles L.551-13 à L.551-23 du CJA, et pouvant être exercé dans les délais prévus à l'article R. 551-7 du CJA. Recours de pleine juridiction ouvert aux tiers justifiant d'un intérêt lésé, et pouvant être exercé dans les deux mois suivant la date à laquelle la conclusion du contrat est rendue publique.Le tribunal administratif de Bastia peut être saisi via l'application 'Télérecours citoyens', accessible depuis l'adresse ci-après: www.telerecours.fr'Chaque transmission par voie électronique fera l'objet d'un accusé de réception. Le pli sera considéré "" hors délai "" si le téléchargement se termine après la date et l'heure limites prévues. Si un nouveau pli est envoyé par voie électronique par le même candidat, celui-ci annule et remplace le pli précédent. Le pli peut être doublé d'une copie de sauvegarde transmise dans les délais impartis, sursupport physique électronique ou sur support papier. La transmission des plis par voie papier est autorisée. La transmission des plis sur un support physique électronique n'est pas autorisée.Il est interdit de présenter plusieurs offres en agissant à la fois en qualité de candidats individuels et de membres d'un ou plusieurs groupements ou en qualité de membres de plusieurs groupements.Aucune forme de groupement n'est imposée à l'attributaire. Les formats de fichiers acceptés par l'acheteur sont précisés dans le règlement de la consultation et sont rappelés lors du dépôt du pli sur le profil d'acheteur. La signature électronique des documents n'est pas exigée pour cette consultation.Les sous-critères retenus pour le jugement des offres sont définis dans le règlement de la consultation",,CF_NIV_SUIV,CF_NIV_SUIV,CF_NIV_SUIV,False,False,False,False,False,False,False,False,False,,None,,,,None,,,,,,,,
22-17088,False,False,False,False,False,False,"Les dépôts de plis doivent être impérativement remis par voie dématérialisée.Cette consultation bénéficie du Service DUME.Pour retrouver cet avis intégral, accéder au DCE, poser des questions à l'acheteur, déposer un pli, allez sur http://www.marches-publics.infoCriteres d'attributions : Si une audition est organisée avec les candidats les mieux-disants, les critères de sélection des offres seront :- Valeur technique : 55%- Prix des prestations : 30%- Audition : 15%Instance chargée des procédures de recours : Tribunal administratif de Poitiers, 15, rue de Blossac, Hôtel Gilbert, BP 54186020 PoitiersTél : 0549607919 Fax : 0549606809Mel : greffe.ta-poitiers@juradm.frService auprès duquel des renseignements peuvent être obtenus concernant l'introduction des recours : Tribunal administratif de Poitiers, 15, rue de Blossac, Hôtel Gilbert, BP 54186020 PoitiersTél : 0549607919 Fax : 0549606809Mel : greffe.ta-poitiers@juradm.fr",,CF_NIV_SUIV,CF_NIV_SUIV,CF_NIV_SUIV,False,False,False,False,False,False,False,False,False,,None,,,,None,,,,,,,,
22-17093,False,False,False,False,False,False,"Une phase de négociation pourra être engagée dans un délai de deux mois à compter de la date limite de réception des offres et portera notamment surle prix des prestations. L'ensemble des candidats sera contacté via la plateforme de la collectivité. Le pouvoir adjudicateur pourra toutefois attribuer le contrat sur la base des offres initiales, sans négociation.",,CF_NIV_SUIV,CF_NIV_SUIV,CF_NIV_SUIV,False,False,False,True,False,False,False,False,False,Conseil départemental de la Haute-Vienne,None, PAGT/DCP/SERVICES DES MARCHES PUBLICS,,,None,,,,,,,marches-demat@haute-vienne.fr,http://cg87.e-marchespublics.com
22-17093,False,False,False,False,False,False,"Une phase de négociation pourra être engagée dans un délai de deux mois à compter de la date limite de réception des offres et portera notamment surle prix des prestations. L'ensemble des candidats sera contacté via la plateforme de la collectivité. Le pouvoir adjudicateur pourra toutefois attribuer le contrat sur la base des offres initiales, sans négociation.",,CF_NIV_SUIV,CF_NIV_SUIV,CF_NIV_SUIV,False,False,False,False,True,False,False,False,False,Conseil départemental de la Haute-Vienne,None, PAGT/DCP/SERVICES DES MARCHES PUBLICS,,,None,,,,,,,marches-demat@haute-vienne.fr,http://cg87.e-marchespublics.com
22-17093,False,False,False,False,False,False,"Une phase de négociation pourra être engagée dans un délai de deux mois à compter de la date limite de réception des offres et portera notamment surle prix des prestations. L'ensemble des candidats sera contacté via la plateforme de la collectivité. Le pouvoir adjudicateur pourra toutefois attribuer le contrat sur la base des offres initiales, sans négociation.",,CF_NIV_SUIV,CF_NIV_SUIV,CF_NIV_SUIV,False,False,False,False,False,True,False,False,False,Conseil départemental de la Haute-Vienne,None, PAGT/DCP/SERVICES DES MARCHES PUBLICS,,,None,,,,,,,marches-demat@haute-vienne.fr,http://cg87.e-marchespublics.com
22-17114,False,False,False,False,False,False,,,CF_NIV_SUIV,CF_NIV_SUIV,CF_NIV_SUIV,True,False,False,False,False,False,False,False,False,EPAGE LOIRE LIGNON,None, M. le Président,,,None,,,,,,,sophie.vignal@epageloirelignon.fr,https://marchespublics.cdg43.fr
22-17114,False,False,False,False,False,False,,,CF_NIV_SUIV,CF_NIV_SUIV,CF_NIV_SUIV,False,False,False,False,True,False,False,False,False,EPAGE LOIRE LIGNON,None,,,,None,,,,,,,,https://marchespublics.cdg43.fr
22-17114,False,False,False,False,False,False,,,CF_NIV_SUIV,CF_NIV_SUIV,CF_NIV_SUIV,False,False,False,False,False,True,False,False,False,EPAGE LOIRE LIGNON,None, M. le Président,,,None,,,,,,,,https://marchespublics.cdg43.fr
22-17128,False,False,False,False,False,False,"instance chargée des procédures de recours : Tribunal administratif d' amiens 14 rue lemercier, 80000 Amiens, tél. : 03-22-33-61-70, télécopieur : 03-22-33-61-71. Précisions concernant le(s) délai(s) d'introduction des recours : les personnes qui ont un intérêt à conclure le contrat et qui sont susceptibles d'être lésées par ce manquement (ainsi que le représentant de l' état dans le département) peuvent saisir le président du tribunal administratif d' amiens , jusqu'à la signature du contrat sur le fondement de l' article L55-1 du code de justice administrative.",,CF_NIV_SUIV,CF_NIV_SUIV,CF_NIV_SUIV,False,False,False,False,True,False,False,False,False,Etablissement Public de Santé Mentale Départemental de l' Aisne,None,,,,02320,prémontré,,,,,,,https://marchespublics-epsmdaisne.safetender.com
22-17128,False,False,False,False,False,False,"instance chargée des procédures de recours : Tribunal administratif d' amiens 14 rue lemercier, 80000 Amiens, tél. : 03-22-33-61-70, télécopieur : 03-22-33-61-71. Précisions concernant le(s) délai(s) d'introduction des recours : les personnes qui ont un intérêt à conclure le contrat et qui sont susceptibles d'être lésées par ce manquement (ainsi que le représentant de l' état dans le département) peuvent saisir le président du tribunal administratif d' amiens , jusqu'à la signature du contrat sur le fondement de l' article L55-1 du code de justice administrative.",,CF_NIV_SUIV,CF_NIV_SUIV,CF_NIV_SUIV,False,False,True,False,False,False,False,False,False,Epsmd de l' Aisne,None,Mr PITOIS - Responsable du pôle restauration,,,02320,prémontré,,,03-23-23-79-02,,03-23-23-67-81,,
22-17128,False,False,False,False,False,False,"instance chargée des procédures de recours : Tribunal administratif d' amiens 14 rue lemercier, 80000 Amiens, tél. : 03-22-33-61-70, télécopieur : 03-22-33-61-71. Précisions concernant le(s) délai(s) d'introduction des recours : les personnes qui ont un intérêt à conclure le contrat et qui sont susceptibles d'être lésées par ce manquement (ainsi que le représentant de l' état dans le département) peuvent saisir le président du tribunal administratif d' amiens , jusqu'à la signature du contrat sur le fondement de l' article L55-1 du code de justice administrative.",,CF_NIV_SUIV,CF_NIV_SUIV,CF_NIV_SUIV,False,True,False,False,False,False,False,False,False,Epsmd de l' Aisne,None,Mr PIERRET Frédéric Direction des Ressources Matérielles,,,None,,,,03-23-23-66-21,,03-23-23-66-07,,
22-17128,False,False,False,False,False,False,"instance chargée des procédures de recours : Tribunal administratif d' amiens 14 rue lemercier, 80000 Amiens, tél. : 03-22-33-61-70, télécopieur : 03-22-33-61-71. Précisions concernant le(s) délai(s) d'introduction des recours : les personnes qui ont un intérêt à conclure le contrat et qui sont susceptibles d'être lésées par ce manquement (ainsi que le représentant de l' état dans le département) peuvent saisir le président du tribunal administratif d' amiens , jusqu'à la signature du contrat sur le fondement de l' article L55-1 du code de justice administrative.",,CF_NIV_SUIV,CF_NIV_SUIV,CF_NIV_SUIV,False,False,False,False,False,True,False,False,False,Etablissement Public de Santé Mentale Départemental de l' Aisne,None,,,,02320,prémontré,,,,,,,https://marchespublics-epsmdaisne.safetender.com
22-17135,False,False,False,False,False,False,,,CF_NIV_SUIV,CF_NIV_SUIV,CF_NIV_SUIV,False,False,False,False,False,False,True,False,False,Tribunal administratif de Paris,None,,,7 rue de Jouy Cedex 04,75181,Paris,,,01-44-59-44-00,,01-44-59-46-46,greffe.ta-paris@juradm.fr,
22-17135,False,False,False,False,False,False,,,CF_NIV_SUIV,CF_NIV_SUIV,CF_NIV_SUIV,False,False,False,False,False,False,False,False,True,Tribunal administratif de Paris,None,,,7 rue de Jouy Cedex 04,75181,Paris,,,01-44-59-44-00,,01-44-59-46-46,greffe.ta-paris@juradm.fr,
22-17153,False,False,False,False,False,False,,,CF_NIV_SUIV,CF_NIV_SUIV,CF_NIV_SUIV,False,False,False,False,False,False,True,False,False,Tribunal Administratif d'Amiens,None,,,,None,,,,,,,,
22-17158,False,False,False,False,False,False,"- unité monétaire utilisée : l'euro ;- les candidatures qui ne peuvent être admises en application des dispositions du CCP seront éliminées par le RPA ;- il ne s'agit pas d'un marché à caractère périodique ;- le marché ne n'inscrit pas dans un projet ou programme financé par des fonds communautaires.Modalités d'ouverture des offres :- Personnes autorisées à assister à l'ouverture des offres : non, l'ouverture des plis n'est pas publique.Conditions d'obtention du cahier des charges et des documents complémentaires :- les documents de la consultation sont disponibles par voie électronique sur la plateforme de dématérialisation (http://www.marches-publics.gouv.fr) sous la référence publique 'CPCA-SM-Automates2', après avoir installé les pré-requis techniques et avoir pris connaissance du manuel d'utilisation.Conditions de remise des offres et des candidatures :- l'heure de remise des candidatures et des offres est l'heure locale de l'adresse du pouvoir adjudicateur ;- si plusieurs offres sont successivement transmises par un même candidat, seule est ouverte la dernière offre reçue. L'offre rejetée est effacée des fichiers du pouvoir adjudicateur sans avoir été lue ;- la copie de sauvegarde doit être placée dans un pli scellé comportant la mention lisible 'pli de sauvegarde' ;- les candidatures ou les offres dans lesquelles un programme informatique malveillant serait détecté par le pouvoir adjudicateur ne feront pas l'objet d'une réparation, le cas échéant, la copie de sauvegarde sera ouverte. Si cette dernière comportait elle aussi un programme informatique malveillant, les candidatures et les offres seront réputées n'avoir jamais été reçues ;- le mode de transmission des candidatures et des offres retenu est l'échange électronique sur la plateforme de dématérialisation (http://www.marches-publics.gouv.fr) sous la référence publique 'CPCA-SM-Automates2', le seront suivant les modalités précisées par celle-ci et dans le règlement de la consultation. Le mode de transmission retenu par le candidat pour sa candidature s'imposera à lui pour la transmission de son offre.Procédures de recours : Instance chargée des procédures de recours et auprès de laquelle des renseignements peuvent être obtenus concernant l'introduction des recours : Nom de l'organisme : Tribunal Administratif d'Amiens - Adresse : 14 rue Lemerchier - CS 81114 - Code postal : 80011 - Ville : Amiens cedex 01 - Adresse internet (URL) application télérecours citoyens : http://www.telerecours.fr Précisions concernant l'introduction des recours :- référé précontractuel : depuis le début de la procédure de passation jusqu'à la signature du contrat (article L.551-1 du Code de Justice Administrative) ;- référé contractuel : 31 jours à compter de la date de publication de l'avis d'attribution du marché ou à défaut 6 mois à compter du lendemain du jour de la conclusion du marché. Toutefois ce référé n'est pas possible en cas de publication d'un avis d'intention de conclure le marché au moins 11 jours avant sa signature (articles L.551-13 à L551-23 et R.551-7 à R.551-10 du Code de Justice Administrative) ;- recours pour excès de pouvoir : dans un délai de 2 mois à compter de la notification de la décision de rejet (articles R.421-1 à R.421-3 du Code de Justice Administrative) ;- recours de plein contentieux : dans un délai de 2 mois à compter de l'accomplissement des mesures de publicité concernant l'attribution du marché.",,CF_NIV_SUIV,CF_NIV_SUIV,CF_NIV_SUIV,False,False,False,True,False,False,False,False,False,,None,,,,None,,,,,,,,https://www.marches-publics.gouv.fr/?page=Entreprise.EntrepriseAdvancedSearch&AllCons&id=1952412&orgAcronyme=d4t
22-17178,False,False,False,False,False,False,Le paiement interviendra par virement bancaire dans un délai de 30 jours à compter de la réception de la note d'honoraires par le Maître d'ouvrage. Il sera fait application des articles R.2191-3 à R.2191-63 du Code de la Commande Publique.La mission démarre au stade du DIAG et se poursuit jusqu'à l'issue de la période de parfait achèvement d'un an qui suit la réception.Démarrage des études : mars 2022Début prévisionnel des travaux : février 2023Durée prévisionnelle des travaux : 23 mois yc période de préparation.,,CF_NIV_SUIV,CF_NIV_SUIV,CF_NIV_SUIV,False,False,False,False,False,False,False,False,False,,None,,,,None,,,,,,,,
22-17212,False,False,False,False,False,False,,,CF_NIV_SUIV,CF_NIV_SUIV,CF_NIV_SUIV,True,False,False,False,False,False,False,False,False,B.E.J TERRITOIRE,None,Eric PY,,Jonction 11 avenue de la gare TGV,90400,Meroux-Moval,,,03-84-58-02-75,,,e.py@bejsas.com,
22-17220,False,False,False,False,False,False,,,CF_NIV_SUIV,CF_NIV_SUIV,CF_NIV_SUIV,False,False,False,False,False,False,True,False,False,Tribunal administratif de Nantes,None,,,"6, allée de l'Ile-Gloriette BP 24111",44041,Nantes,,,02-40-99-46-00,,02-40-99-46-58,greffe.ta-nantes@juradm.fr,http://nantes.tribunal-administratif.fr
22-17220,False,False,False,False,False,False,,,CF_NIV_SUIV,CF_NIV_SUIV,CF_NIV_SUIV,False,False,False,False,False,False,False,False,True,Tribunal administratif de Nantes,None,,,"6, allée de l'Ile-Gloriette BP 24111",44041,Nantes,,,02-40-99-46-00,,02-40-99-46-58,greffe.ta-nantes@juradm.fr,
22-17232,False,False,False,False,False,False,,,CF_NIV_SUIV,CF_NIV_SUIV,CF_NIV_SUIV,True,False,False,False,False,False,False,False,False,Mairie d'Armentières,None,,,Les questions d'ordre administratif et technique devront être adressées sur le site du cdg596280 via le lien ci-après.,59427,Armentières cedex,,,,,,,https://marchespublics596280.fr/?page=Entreprise.EntrepriseAdvancedSearch&AllCons&id=534256&orgAcronyme=50017
22-17232,False,False,False,False,False,False,,,CF_NIV_SUIV,CF_NIV_SUIV,CF_NIV_SUIV,False,False,False,False,True,False,False,False,False,Mairie d'Armentières,None,,,Les documents de consultation sont téléchargeables sur le site du cdg596280 via le lien ci-après.,59427,Armentières cedex,,,,,,,https://marchespublics596280.fr/?page=Entreprise.EntrepriseAdvancedSearch&AllCons&id=534256&orgAcronyme=50017
22-17233,False,False,False,False,False,False,,,CF_NIV_SUIV,CF_NIV_SUIV,CF_NIV_SUIV,False,False,False,False,False,False,True,False,False,Tribunal administratif d'Amiens,None,,,14 rue Lemerchier,80011,Amiens,,,03-22-33-61-70,,03-22-33-61-71,greffe.ta-amiens@juradm.fr,
22-17233,False,False,False,False,False,False,,,CF_NIV_SUIV,CF_NIV_SUIV,CF_NIV_SUIV,False,False,False,False,False,False,False,False,True,Département de la Somme - DFCP - Pôle commande publique - Service marchés,22800001400016,,,"40, rue de la République",80026,Amiens,,,03-22-71-80-74,,,a.courtial@somme.fr,
22-17246,False,False,False,False,False,False,,,CF_NIV_SUIV,CF_NIV_SUIV,CF_NIV_SUIV,True,False,False,False,False,False,False,False,False,Communauté de Communes de la Vallée du Lot et du Vignoble,None,,,13 Avenue de la gare,46700,PUY L EVEQUE,,,(+33) 9-77-63-87-48,,,commandepublique@ccvlv.fr,https://www.marches-securises.fr
22-17266,False,False,False,False,False,False,,,CF_NIV_SUIV,CF_NIV_SUIV,CF_NIV_SUIV,False,False,False,False,True,False,False,False,False,,None,,,,None,,,,,,,,https://www.marches-publics.gouv.fr/?page=Entreprise.EntrepriseAdvancedSearch&AllCons&id=1974802&orgAcronyme=f2h
22-17276,False,False,False,False,False,False,Phase de Négociation : Le maître d'ouvrage se réserve le droit de négocier ou pas dans le cadre de la procédure avec tout ou partie des candidats.,,CF_NIV_SUIV,CF_NIV_SUIV,CF_NIV_SUIV,True,False,False,False,False,False,False,False,False,EPTB GARDONS,None, M. RETAILLEAU ou Mme LECROART,,06 AVENUE GENERAL LECLERC,30000,NIMES,,,04-66-21-73-77,,,e.retailleau@les-gardons.fr,
22-17285,False,False,False,False,False,False,Les candidats doivent obligatoirement effectuer une visite des lieux d'exécution du marché dans les conditions suivantes : le 14 février 2022 à 14 heures au Ex- Monsieur Bricolage Coté place du 14 Juillet à Flers,,CF_NIV_SUIV,CF_NIV_SUIV,CF_NIV_SUIV,False,False,False,False,False,False,False,False,False,,None,,,,None,,,,,,,,
22-17296,False,False,False,False,False,False,"Des dégustations seront organisées entre le 10 et le 11 mars 2022 2022 de 11 heures 30 à 13 heures 30 à la maison des retraité.e.s.A cet effet, des invitations seront envoyées aux candidats avant les séances de dégustation.Une visite du site est obligatoire pour le lot 3. Un certificat de visite joint au Dossier de Consultation des Entreprises devra être présenté par chaque candidat au CCAS pour signature le jour de la visite prévue :Le vendredi 11 février 2022 de 14 heures à 16 heures (rendez-vous devant le gymnase Alice Milliat, 39 Allée Bellevue 93230 Romainville).Aucune visite ne pourra être faite sans inscription préalable par mail à l'adresse suivante : loisirsretraites@ville-romainville.frInstance chargée des procédures de recoursTribunal administratif de Montreuil7, rue Catherine Puig 93 558 Montreuil Cedex - Téléphone : 01 49 20 20 00  Service auprès duquel des renseignements peuvent être obtenus sur l'introduction des recours Greffe du tribunal administratif de Montreuil7, rue Catherine Puig 93 558 Montreuil CedexCourriel : greffe.ta-montreuil@juradm.fr",,CF_NIV_SUIV,CF_NIV_SUIV,CF_NIV_SUIV,False,False,False,False,True,False,False,False,False,,None,,,,None,,,,,,,,https://www.achatpublic.com/sdm/ent/gen/ent_detail.do?PCSLID=CSL_2022_5OfjByf3VI
22-17308,False,False,False,False,False,False,"Les dépôts de plis doivent être impérativement remis par voie dématérialisée.Pour retrouver cet avis intégral, accéder au DCE, poser des questions à l'acheteur, déposer un pli, allez sur http://www.marchespublics.grandlyon.comValeur estimée hors TVA : 89 000,00 euro(s)Options : OUIMise en oeuvre du projet jusqu'à sa validation par l'ARS.Instance chargée des procédures de recours : Tribunal administratif de Lyon, 184, rue Duguesclin69433 LyonCedex 03Tél : 0478141010 Fax : 0478141065Mel : greffe.ta-lyon@juradm.frPrécisions concernant le(s) délai(s) d'introduction des recours : Cf. Le greffe du Tribunal Administratif à l'adresse ci-dessus",,CF_NIV_SUIV,CF_NIV_SUIV,CF_NIV_SUIV,False,False,False,False,False,False,False,False,False,,None,,,,None,,,,,,,,
22-17315,False,False,False,False,False,False,"Les dépôts de plis doivent être impérativement remis par voie dématérialisée.Cette consultation bénéficie du Service DUME.Pour retrouver cet avis intégral, accéder au DCE, poser des questions à l'acheteur, déposer un pli, allez sur https://www.marches-publics.infoCode NUTS : FRM01Marché périodique : OUICalendrier prévisionnel de publication des prochains avis :Le marché s'inscrit dans un projet/programme financé par des fonds communautaires : NONRéférences du ou des projet(s) et / ou programme(s) :Les personnes morales sont tenues d'indiquer les noms et qualifications professionnelles des membres du personnel chargés de la prestation : NONMarchés réservés : NONL'execution du marché est soumise à d'autres conditions particulières :L'exécution des prestations débute à compter de la signature du contrat.Aucune clause de garantie financière prévue.Aucune avance prévue.Les prestations sont réglées par des prix unitaires.Les prix sont révisables.Lepaiement des prestations se fera dans le respect du délai global de paiement applicable à l'acheteur.La prestation est réservée à une profession particulière : NonInstance chargée des procédures de recours : Tribunal administratif de Bastia, Villa Montépiano20407 BastiaTél : 0495328866 Fax : 0495323855Mel : greffe.ta-bastia@juradm.frWeb : http://www.telerecours.frOrgane chargé des procédures de médiation : Comité consultatif interrégional de règlement amiable des litiges Préfecture de la région Provence-Alpes - Côte d'Azur Secrétariat général pour les affaires régionales , Boulevard Paul Peytral13282 Marseille CedexTél : 0484354554 Fax : 0484354460Précisions concernant le(s) délai(s) d'introduction des recours : Référé précontractuel prévu aux articles L.551-1 à L.551-12 du Code de justice administrative (CJA), et pouvant être exercé avant la signature du contrat. Référé contractuel prévu aux articles L.551-13 à L.551-23 du CJA, et pouvant être exercé dans lesdélais prévus à l'article R. 551-7 du CJA. Recours de pleine juridiction ouvert aux tiers justifiant d'un intérêt lésé, et pouvant être exercé dans les deux mois suivant la date à laquelle la conclusion du contrat est rendue publique.Le tribunal administratif de Bastia peut être saisi via l'application 'Télérecours citoyens', accessible depuis l'adresse ci-après: www.telerecours.fr'Chaque transmission par voie électronique fera l'objet d'un accusé de réception. Le pli sera considéré "" hors délai "" si le téléchargement se termine après la date et l'heure limites prévues. Si un nouveau pli est envoyé par voie électronique par le même candidat, celui-ci annule et remplace le pli précédent. Le pli peut être doublé d'une copie de sauvegarde transmise dans les délais impartis, sur support physique électronique ou sur support papier.La transmission des plis sur un support physique électronique n'est pas autorisée.Il est interdit de présenter plusieurs offres en agissant à la fois en qualité de candidats individuels et de membres d'un ou plusieurs groupements ou en qualité de membres de plusieurs groupements.Aucune forme de groupement n'est imposée à l'attributaire.Les formats de fichiers acceptés par l'acheteur sont précisés dans le règlement de la consultation et sont rappelés lors du dépôt du pli sur le profil d'acheteur.La signature électronique des documents n'est pas exigée pour cette consultation.Les sous-critères retenus pour le jugement des offres sont définis dans le règlement de la consultation",,CF_NIV_SUIV,CF_NIV_SUIV,CF_NIV_SUIV,False,False,False,False,False,False,False,False,False,,None,,,,None,,,,,,,,
22-17335,False,False,False,False,False,False,,,CF_NIV_SUIV,CF_NIV_SUIV,CF_NIV_SUIV,False,False,False,False,True,False,False,False,False,,None,,,,None,,,,,,,,https://marchespublics596280.fr/?page=Entreprise.EntrepriseAdvancedSearch&AllCons&id=534284&orgAcronyme=60383
22-17345,False,False,False,False,False,False,,,CF_NIV_SUIV,CF_NIV_SUIV,CF_NIV_SUIV,False,False,False,False,False,False,True,False,False,Tribunal administratif de Strasbourg,None,,,31 avenue de la PaixBP 51038,67070,Strasbourg Cedex,,,(+33) 3-88-21-23-23,,(+33) 3-88-36-44-66,greffe.ta-strasbourg@juradm.fr,http://strasbourg.tribunal-administratif.fr/
22-17352,False,False,False,False,False,False,,,CF_NIV_SUIV,CF_NIV_SUIV,CF_NIV_SUIV,False,False,False,False,False,False,True,False,False,Tribunal administratif de Cergy-Pontoise,None,,,2-4 bd de l'Hautil - BP 30322,95027,Cergy-pontoise,,,01-30-17-34-00,,01-30-17-34-59,greffe.ta-cergy-pontoise@juradm.fr,
22-17355,False,False,False,False,False,False,,,CF_NIV_SUIV,CF_NIV_SUIV,CF_NIV_SUIV,False,False,False,False,True,False,False,False,False,,None,,,,None,,,,,,,,https://www.achatpublic.com/sdm/ent/gen/ent_detail.do?PCSLID=CSL_2022_S4H6UjT8X6
22-17360,False,False,False,False,False,False,Précision : Les délais d'exécution courent à compter de l'ordre de service.Modalités de retrait des documents : Retrait par voie électronique. La remise des offres est subordonnée à la visite des lieux d'exécution des marchés.Autres renseignements complémentaires : Critères de jugement des propositions :1.PRIX DE LA PRESTATION (Note sur 70)2.VALEUR TECHNIQUE DE L'OFFRE (Note sur 30),,CF_NIV_SUIV,CF_NIV_SUIV,CF_NIV_SUIV,False,False,False,False,True,False,False,False,False,Département de l'Aude,None, Charlène PERIDONT,,Département de l'Aude Allée Raymond Courrière Service des Marchés Publics,11855,CARCASSONNE Cedex 9,,,(+33) 4-68-11-68-11,,,marches@aude.fr,http://www.aude.fr
22-17360,False,False,False,False,False,False,Précision : Les délais d'exécution courent à compter de l'ordre de service.Modalités de retrait des documents : Retrait par voie électronique. La remise des offres est subordonnée à la visite des lieux d'exécution des marchés.Autres renseignements complémentaires : Critères de jugement des propositions :1.PRIX DE LA PRESTATION (Note sur 70)2.VALEUR TECHNIQUE DE L'OFFRE (Note sur 30),,CF_NIV_SUIV,CF_NIV_SUIV,CF_NIV_SUIV,False,True,False,False,False,False,False,False,False,Département de l'Aude,None, Charlène PERIDONT,,Département de l'Aude Allée Raymond Courrière Service des Marchés Publics,11855,CARCASSONNE Cedex 9,,,(+33) 4-68-11-31-36,,,marches@aude.fr,http://marchespublics.aude.fr
22-17360,False,False,False,False,False,False,Précision : Les délais d'exécution courent à compter de l'ordre de service.Modalités de retrait des documents : Retrait par voie électronique. La remise des offres est subordonnée à la visite des lieux d'exécution des marchés.Autres renseignements complémentaires : Critères de jugement des propositions :1.PRIX DE LA PRESTATION (Note sur 70)2.VALEUR TECHNIQUE DE L'OFFRE (Note sur 30),,CF_NIV_SUIV,CF_NIV_SUIV,CF_NIV_SUIV,False,False,True,False,False,False,False,False,False,Département de l'Aude,None, Hugues DROULERS,,Département de l'Aude Allée Raymond Courrière Service travaux collèges,11855,CARCASSONNE Cedex 9,,,(+33) 4-68-11-67-62,,,hugues.droulers@aude.fr,http://marchespublics.aude.fr
22-17376,False,False,False,False,False,False,"Les dépôts de plis doivent être impérativement remis par voie dématérialisée.Pour retrouver cet avis intégral, accéder au DCE, poser des questions à l'acheteur, déposer un pli, allez sur http://www.hautesavoie.frLot 1 - Accompagnement juridiqueLot 2 - Accompagnement financierInstance chargée des procédures de recours : Tribunal administratif de Grenoble, 2 Place de Verdun, BP 113538022 GrenobleTél : 0476429000 Fax : 0476422269Mel : greffe.ta-grenoble@juradm.frOrgane chargé des procédures de médiation : Comité Consultatif Interrégional de Réglement, Amiable des Litiges en matière de Marchés Publics, 107 rue Servient69418 LyonCedex 03Service auprès duquel des renseignements peuvent être obtenus concernant l'introduction des recours : Département de la Haute-Savoie, Services de la Commande Publique au 0450332132, 1 rue du 30° RI, CS 3244474041 Annecy",,CF_NIV_SUIV,CF_NIV_SUIV,CF_NIV_SUIV,False,False,False,False,False,False,False,False,False,,None,,,,None,,,,,,,,
22-17378,False,False,False,False,False,False,"Les dépôts de plis doivent être impérativement remis par voie dématérialisée.Pour retrouver cet avis intégral, accéder au DCE, poser des questions à l'acheteur, déposer un pli, allez sur http://www.marches-publics.infoCriteres d'attributions : Le prix sera noté selon le principe suivant :La note de 10 sera attribuée au montant de l'entreprise moins disante.Pour les autres offres, la note attribuée sera calculée par application de la formule suivante :Note F = 10 x (1 - êF ) FoF étant l'écart entre l'offre F et le prix Fo correspondant au montant de l'entreprise moins disante.En ce qui concerne le critère valeur technique des prestations, la note sera appréciée en fonctiondes sous-critères suivants et de leur évaluation, conformément au tableau d'analyse au règlement de consultation article 6.Lot 1 - Gros oeuvre - VRD - Revêtement des solsLot 2 - Menuiseries bois intérieure et extérieureLot 3 - Plâtrerie - Peintures - CarrelageLot 4 - Electricité - Courants forts et faiblesLot 5 - Plomberie - SanitaireLot 6 - SerrurerieConditions et mode de paiement pour obtenir les documents contractuels et additionnels :Date limite pour la réception des demandes de documents ou pour l'accès aux documents : 01/03/2022 à 12:00Documents payant : NONModalités d'ouverture des offres :Date:Lieu : ClérieuxInstance chargée des procédures de recours : Tribunal Administratif de Grenoble, 2 place de Verdun, BP 113538022 GRENOBLETél : 0476429000 Fax : 0476422269Mel : greffe.ta-grenoble@juradm.frPrécisions concernant le(s) délai(s) d'introduction des recours : Cf. le greffe du Tribunal Administratif à l'adresse ci-dessus.Instance chargée des procédures de recours :Tribunal Administratif de Grenoble2 place de VerdunBP 1135 38022 GRENOBLETél : 04 76 42 90 00 - Fax : 04 76 42 22 69greffe.ta-grenoble@juradm.frPrécisions concernant le(s) délai(s) d'introduction des recours :Cf. le greffe du Tribunal Administratif à l'adresse ci-dessus",,CF_NIV_SUIV,CF_NIV_SUIV,CF_NIV_SUIV,False,False,False,False,False,False,False,False,False,,None,,,,None,,,,,,,,
22-17420,False,False,False,False,False,False,,,CF_NIV_SUIV,CF_NIV_SUIV,CF_NIV_SUIV,False,False,False,False,True,False,False,False,False,,None,,,,None,,,,,,,,https://cacem.achatpublic.com/sdm/ent/gen/ent_detail.do?PCSLID=CSL_2022_yX2QXVGDn6
22-17422,False,False,False,False,False,False,,,CF_NIV_SUIV,CF_NIV_SUIV,CF_NIV_SUIV,False,False,False,False,False,False,True,False,False,Tribunal Administratif de Toulon,None,,,rue Racine BP 40510,83041,TOULON CEDEX 9,,,(+33) 0-49-44-27-93,,(+33) 4-94-42-79-89,greffe.ta-toulon@juradm.fr,http://toulon.tribunal-administratif.fr
22-17442,False,False,False,False,False,False,"Les dépôts de plis doivent être impérativement remis par voie dématérialisée.Pour retrouver cet avis intégral, accéder au DCE, poser des questions à l'acheteur, déposer un pli, allez sur http://agysoft.marches-publics.infoCode NUTS : FRL04Valeur estimée hors TVA : 60 000,00 euro(s)Conditions et mode de paiement pour obtenir les documents contractuels et additionnels :Documents payant : NONMarché périodique : NONCalendrier prévisionnel de publication des prochains avis :Le marché s'inscrit dans un projet/programme financé par des fonds communautaires : NONRéférences du ou des projet(s) et / ou programme(s) :Les personnes morales sont tenues d'indiquer les noms et qualifications professionnelles des membres du personnel chargés de la prestation : OUIMarchés réservés : NONL'execution du marché est soumise à d'autres conditions particulières :L'exécution des prestations débute à compter de la date de notification du contrat.Aucune clause de garantie financière prévue.Aucune avance prévue.Les prestations sont réglées par des prix unitaires et forfaitaires.Les prix sont révisables.Le paiement des prestations se fera dans le respect du délai global de paiement applicable à l'acheteur.sur fonds propres du GPMMLa prestation est réservée à une profession particulière : NonInstance chargée des procédures de recours : Tribunal administratif de Marseille, http://www.marseille.tribunal-administratif.fr13281 Marseille Cedex 06Tél : 0491134813 Fax : 0491811387Mel : greffe.ta-marseille@juradm.frWeb : http://marseille.tribunal-administratif.fr/Précisions concernant le(s) délai(s) d'introduction des recours : Référé pré-contractuel prévu aux articles L.551-1 à L.551-12 du Code de justice administrative (CJA), et pouvant être exercé avant la signature du contrat. Référé contractuel prévu aux articles L.551-13 à L.551-23 du CJA, et pouvant être exercé dans les délais prévus à l'article R. 551-7 du CJA. Recours pour excès de pouvoir contre une décision administrative prévu aux articles R. 421-1 à R. 421-7 du CJA, et pouvant être exercé dans les 2 mois suivant la notification ou publication de la décision de l'organisme (le recours ne peut plus, toutefois, être exercé après la signature du contrat). Recours de pleine juridiction ouvert aux tiers justifiant d'un intérêt lésé, et pouvant être exercé dans les deux mois suivant la date à laquelle la conclusion du contrat est rendue publique.L'ensemble des informations concernant la transmission par voie électronique, la signature électronique des documents et les délais et voies de recours, est indiqué dans le règlement de la consultation (RC)",,CF_NIV_SUIV,CF_NIV_SUIV,CF_NIV_SUIV,False,False,False,False,False,False,False,False,False,,None,,,,None,,,,,,,,
