BOAMP_AVIS_NUM,D_15_01_Conditionadministrative_Referencemarche,D_15_02_Conditionadministrative_Etudesconcours,D_15_03_Conditionadministrative_Recompenseslaureatoui,D_15_04_Conditionadministrative_Recompensesaureatnon,D_15_05_Conditionadministrative_Recompenseslaureat,D_15_06_Conditionadministrative_Indemnisationparticipants,D_15_07_Conditionadministrative_Conditionsremiseoffres,D_15_08_Conditionadministrative_Conditionsetmodepaiementobtenirdocuments,D_15_09_Conditionadministrative_Datelimiteobtentiondocuments,D_15_10_Conditionadministrative_Documentpayantoui,D_15_10_01_Conditionadministrative_Documentpayantoui_Valeur,D_15_10_01_01_Conditionadministrative_Documentpayantoui_Valeur_Value,D_15_10_01_02_Conditionadministrative_Documentpayantoui_Valeur_Devise,D_15_11_Conditionadministrative_Documentpayantnon,D_15_12_Conditionadministrative_Persouvertureoffresoui,D_15_13_Conditionadministrative_Persouvertureoffresnon,D_15_14_Conditionadministrative_Datedebutattribution,D_15_15_Conditionadministrative_Dateouvertureoffres,D_15_16_Conditionadministrative_Lieuouvertureoffres,D_15_17_Conditionadministrative_Abandonsadoui,D_15_18_Conditionadministrative_Abandonsadnon,D_15_19_Conditionadministrative_Finattributionoui,D_15_20_Conditionadministrative_Finattributionnon,D_15_21_Conditionadministrative_Envoielectroniqueavecoutiloui,D_15_22_Conditionadministrative_Envoielectroniqueavecoutilnon
22-148,cc2vv_2022_01,,False,False,,,,,,CF_NIV_SUIV,CF_NIV_SUIV,,,False,,False,,,,,False,False,False,False,False
22-1487,2022-01,,False,False,,,,,,CF_NIV_SUIV,CF_NIV_SUIV,,,False,,False,,,,,False,False,False,False,False
22-1531,22AS-CDCC-1568-B,,False,False,,,,,,CF_NIV_SUIV,CF_NIV_SUIV,,,False,,False,,,,,False,False,False,False,False
22-1559,,,False,False,,,"Les modalités de remise et le contenu des dossiers de candidature sont précisés dans l'Article 5 du cahier des charges qui vous sera transmis selon les modalités de retrait susvisées ci-dessous.Le dossier de candidature devra être transmis par voie électronique avant le jeudi 3 février 2022 à 16h00 aux adresses e-mails : n.dalmasso@cotedazurfrance.fr + CC. info@marque-cotedazurfrance.com, c.behar@cotedazurfrance.fr et f.dezanet@cotedazurfrance.fr.Les offres des candidats seront rédigées en langue française et exprimées en EURO TTC.Tout dossier réceptionné au-delà de la date indiquée ci-dessus sera considéré comme non recevable.",,,CF_NIV_SUIV,CF_NIV_SUIV,,,False,,False,,,,,False,False,False,False,False
22-1570,2022-02,,False,False,,,,,,CF_NIV_SUIV,CF_NIV_SUIV,,,False,,False,,,,,False,False,False,False,False
22-1607,22S0001,,False,False,,,,,,CF_NIV_SUIV,CF_NIV_SUIV,,,False,,False,,,,,False,False,False,False,False
22-1633,2022EVALFLING,,False,False,,,,,,CF_NIV_SUIV,CF_NIV_SUIV,,,False,,False,,,,,False,False,False,False,False
22-1661,2022-01,,False,False,,,,,,CF_NIV_SUIV,CF_NIV_SUIV,,,False,,False,,,,,False,False,False,False,False
22-167,DPMG.22.001.PP,,False,False,,,,,,CF_NIV_SUIV,CF_NIV_SUIV,,,False,,False,,,,,False,False,False,False,False
22-1752,2022B014,,False,False,,,,,,CF_NIV_SUIV,CF_NIV_SUIV,,,False,,False,,,,,False,False,False,False,False
22-1764,2022-05,,False,False,,,,,,CF_NIV_SUIV,CF_NIV_SUIV,,,False,,False,,,,,False,False,False,False,False
22-177,2022PI-01,,False,False,,,,,,CF_NIV_SUIV,CF_NIV_SUIV,,,False,,False,,,,,False,False,False,False,False
22-1836,,,False,False,,,Les offres seront déposées par voie électronique aux adresses suivantes :-florian.chapuy@apij-justice.fr et CMJ-SLM973@apij-justice.fr,Le DCE peut être obtenu par mail aux adresses suivantes :florian.chapuy@apij-justice.fr et CMJ-SLM973@apij-justice.fr,,CF_NIV_SUIV,CF_NIV_SUIV,,,False,,False,,,,,False,False,False,False,False
22-1847,AMO Hôtel de Ville,,False,False,,,,,,CF_NIV_SUIV,CF_NIV_SUIV,,,False,,False,,,,,False,False,False,False,False
22-1849,2022/01,,False,False,,,www.marches-securises.fr,Transmission de la facturation via CHORUS PRO,,CF_NIV_SUIV,CF_NIV_SUIV,,,False,,False,,,,,False,False,False,False,False
22-1855,20222s01,,False,False,,,,,,CF_NIV_SUIV,CF_NIV_SUIV,,,False,,False,,,,,False,False,False,False,False
22-1923,22M001,,False,False,,,,,,CF_NIV_SUIV,CF_NIV_SUIV,,,False,,False,,,,,False,False,False,False,False
22-1934,DDT45-SHRU-BDA-2022,,False,False,,,,,,CF_NIV_SUIV,CF_NIV_SUIV,,,False,,False,,,,,False,False,False,False,False
22-1962,2100001,,False,False,,,,,,CF_NIV_SUIV,CF_NIV_SUIV,,,False,,False,,,,,False,False,False,False,False
22-1975,2022_PNC_MAPA_01,,False,False,,,,,,CF_NIV_SUIV,CF_NIV_SUIV,,,False,,False,,,,,False,False,False,False,False
22-1983,MP2022-002,,False,False,,,"La remise des plis par voie électronique est obligatoire suivant les dispositions de l'article 41 du décret no2016-360 du 25 mars 2016 relatif aux marchés publics. Pour ce faire, la transmission des documents par voie électronique est effectuée sur le profil d'acheteur du pouvoir adjudicateur : https://www.marches-securises.frLe pouvoir adjudicateur impose la transmission des plis par voie électronique pour cette consultation. Par conséquent, la transmission par voie papier n'est pas autorisée. Les plis envoyés ou déposés sous format "" papier "" seront écartés car irréguliers.",,,CF_NIV_SUIV,CF_NIV_SUIV,,,False,,False,,,,,False,False,False,False,False
22-1994,2022PAT024,,False,False,,,,,,CF_NIV_SUIV,CF_NIV_SUIV,,,False,,False,,,,,False,False,False,False,False
22-2021,51030-2022-01,,False,False,,,,,,CF_NIV_SUIV,CF_NIV_SUIV,,,False,,False,,,,,False,False,False,False,False
22-2027,2200003,,False,False,,,,,,CF_NIV_SUIV,CF_NIV_SUIV,,,False,,False,,,,,False,False,False,False,False
22-2039,VNF-UTISA-2021-11,,False,False,,,,,,CF_NIV_SUIV,CF_NIV_SUIV,,,False,,False,,,,,False,False,False,False,False
22-2060,BC 001,,False,False,,,,,,CF_NIV_SUIV,CF_NIV_SUIV,,,False,,False,,,,,False,False,False,False,False
22-2088,01-DVT-2022,,False,False,,,,,,CF_NIV_SUIV,CF_NIV_SUIV,,,False,,False,,,,,False,False,False,False,False
22-2107,2022-01,,False,False,,,,,,CF_NIV_SUIV,CF_NIV_SUIV,,,False,,False,,,,,False,False,False,False,False
22-2189,22S0003,,False,False,,,"les candidats devront OBLIGATOIREMENT transmettre, dans le cadre de la présente Consultation, leur candidature et leur offre par voie électronique, selon les modalités ci-après indiquées. La transmission sous support papier est interdite. Toute offre papier sera considérée comme une offre irrégulière non régularisable. Ainsi, toute offre papier réceptionnée au sein de la Direction de la Commande Publique, sera envoyée par voie postale au candidat évincé. Seront Uniquement acceptées les copies de sauvegarde conformément à l'article 10 du présent règlement de la consultation. Transmission électronique Chaque candidat doit obligatoirement transmettre sa candidature et son offre par voie électronique uniquement, à l'adresse suivante : http://www.xmarches.fr avant les dates et heures limites de réception des offres indiquées en page de garde du règlement de la consultation. Les soumissionnaires devront tenir compte des indications portées à l'article 10 du présent règlement de consultation, afin de garantir au mieux le bon déroulement de la procédure dématérialisée. Les candidats doivent appliquer le même mode de transmission à tous les documents transmis au pouvoir adjudicateur. Par contre, la transmission des plis sur un support physique électronique (CD-ROM, clé usb ...) n'est pas autorisée. Conformément à l'article R.2151-6 du Code de la Commande Publique, le soumissionnaire transmet son offre en une seule fois. Si plusieurs offres sont successivement transmises par un même soumissionnaire, seule est ouverte la dernière offre reçue par l'acheteur dans le délai fixé pour la remise des offres. Le pli pourra être doublé d'une copie de sauvegarde transmise dans les délais impartis, sur support physique électronique (cd rom, clé usb ...) ou sur support papier. Se reporter à l'article 10 du règlement de la consultation.","Conformément aux articles R.2132-2 et R.2132-3 du Code de la Commande Publique, le pouvoir Adjudicateur met à disposition le dossier de consultation par voie électronique, sur le profil acheteur, à l'adresse suivante : http://www.xmarches.fr Les documents de consultation sont mis gratuitement à disposition des opérateurs économiques sur le profil acheteur à compter de la date d'envoi pour publication de l'avis d'appel à la concurrence. Dossier gratuit. Modification de détail au dossier de consultation apportées par le pouvoir adjudicateur : le pouvoir adjudicateur se réserve la possibilité d'envoyer au plus tard 6 jours calendaires avant la date limite de remise des offres des modifications de détail sur le dossier de consultation. Les candidats devront alors répondre sur la base du dossier de consultation modifié sans pouvoir élever aucune réclamation à ce sujet. Si, pendant l'étude du dossier par les candidats, la date limite fixée pour la remise des offres est reportée, la disposition précédente est applicable en fonction de cette nouvelle date.",,CF_NIV_SUIV,CF_NIV_SUIV,,,False,,False,,,,,False,False,False,False,False
22-220,2022-01,,False,False,,,"Sont strictement exclues à ce stade : - toutes les prestations, qu'elles soient graphiques ou écrites, ayant pour objet de présenter un début de projet ou une intention architecturale,- les propositions d'ordre contractuel (honoraires, taux de tolérance, délais, etc.) qui ne seront produites qu'au stade de la négociation- l'analyse de l'enveloppe prévisionnelle du coût des travaux établie par le maitre d'ouvrage ; cette analyse impliquant d'avoir commencé à élaborer les études.",,,CF_NIV_SUIV,CF_NIV_SUIV,,,False,,False,,,,,False,False,False,False,False
22-2228,AM2SA01,,False,False,,,,,,CF_NIV_SUIV,CF_NIV_SUIV,,,False,,False,,,,,False,False,False,False,False
22-2256,N° consultation 2022_PM_2,,False,False,,,,,,CF_NIV_SUIV,CF_NIV_SUIV,,,False,,False,,,,,False,False,False,False,False
22-232,21.02.053,,False,False,,,La transmission des candidatures se fait obligatoirement par voie électronique via le profil acheteur : http://www.marches-securises.fr,,,CF_NIV_SUIV,CF_NIV_SUIV,,,False,,False,,,,,False,False,False,False,False
22-2323,2021-096 SERVICES TECHNIQUES,,False,False,,,"- Lieu de dépôt des propositions:Les dossiers doivent être déposés sur notre plateforme AIR ACHATS après inscription gratuite sur https://achats.nice.aeroport.fr/- Dématérialisation des procédures : la transmission des offres par voie électronique est obligatoire.ATTENTION: Conformément à l'article R2132-7 du code de la commande publique, la proposition doit obligatoirement être déposée de manière dématérialisée sur notre plateforme AIR ACHATS.Vous pouvez disposer gratuitement d'un compte sur la plateforme AIR ACHATS: https://achats.nice.aeroport.fr/Copie de sauvegarde (non obligatoire)Une copie de sauvegarde peut être envoyée conformément aux dispositions de l'article R2131-11 du code susvisé.La copie de sauvegarde doit être placée dans un pli scellé comportant la mention lisible : "" copie de sauvegarde "", le numéro et l'intitulé de la consultation et le nom du candidat auxquels elle se rapporte.Cette copie doit être transmise dans les délais impartis pour la remise des candidatures ou des offres :  Soit déposée contre remise de récépissé à AEROPORTS DE LA COTE D'AZUR - Département Achats - Bâtiment B1 - 6ème étage- Accès par la rue Coste Bellonte - AEROPORT NICE COTE D'AZUR (Réception du lundi au vendredi de 9h00 à 12h00) Soit adressée par voie postale : AEROPORTS DE LA COTE D'AZUR - Bâtiment B1 - 6ème étage- Rue Coste Bellonte B.P 3331 - 06206 Nice CedexPRESENTATION DES PROPOSITIONS :Les dossiers devront parvenir au plus tard à la date limite indiquée ci-dessous, et selon les modalités indiquées au règlement de la consultation.Les dossiers seront impérativement rédigés en langue française.Ils comprendront toutes les pièces indiquées au règlement de la consultation.",Retrait du dossier : Les dossiers doivent être retirés sur notre plateforme AIR ACHATS après inscription gratuite sur https://achats.nice.aeroport.fr/,,CF_NIV_SUIV,CF_NIV_SUIV,,,False,,False,,,,,False,False,False,False,False
22-2335,S22AC001,,False,False,,,,,,CF_NIV_SUIV,CF_NIV_SUIV,,,False,,False,,,,,False,False,False,False,False
22-2419,2022_05_MAP1,,False,False,,,,,,CF_NIV_SUIV,CF_NIV_SUIV,,,False,,False,,,,,False,False,False,False,False
22-2421,2001AFFB,,False,False,,,,,,CF_NIV_SUIV,CF_NIV_SUIV,,,False,,False,,,,,False,False,False,False,False
22-2509,CCIPN 2022 MAPA 001,,False,False,,,remise des offres par voie électronique uniquement sur www.marches-publics.gouv.fr,,,CF_NIV_SUIV,CF_NIV_SUIV,,,False,,False,,,,,False,False,False,False,False
22-2561,2022G001/BO.,,False,False,,,"La candidature est présentée soit sous la forme des formulaires DC1 et DC2 (disponibles gratuitement sur le site www.economie.gouv.fr.), soit sous la forme d'un Document Unique de Marché Européen (DUME). La transmission des plis par voie électronique est imposée pour cette consultation. Par conséquent, la transmission par voie papier n'est pas autorisée.",,,CF_NIV_SUIV,CF_NIV_SUIV,,,False,,False,,,,,False,False,False,False,False
22-2568,Commune de Lacapelle-Viescamp,,False,False,,,,,,CF_NIV_SUIV,CF_NIV_SUIV,,,False,,False,,,,,False,False,False,False,False
22-2706,2022L06,,False,False,,,,,,CF_NIV_SUIV,CF_NIV_SUIV,,,False,,False,,,,,False,False,False,False,False
22-2731,22A101,,False,False,,,,,,CF_NIV_SUIV,CF_NIV_SUIV,,,False,,False,,,,,False,False,False,False,False
22-2745,2022COVA001,,False,False,,,,,,CF_NIV_SUIV,CF_NIV_SUIV,,,False,,False,,,,,False,False,False,False,False
22-2848,Marché no CMA PdL-2022-02,,False,False,,,,,,CF_NIV_SUIV,CF_NIV_SUIV,,,False,,False,,,,,False,False,False,False,False
22-2856,21P084,,False,False,,,voir DCE,,,CF_NIV_SUIV,CF_NIV_SUIV,,,False,,False,,,,,False,False,False,False,False
22-2882,22S0001,,False,False,,,,,,CF_NIV_SUIV,CF_NIV_SUIV,,,False,,False,,,,,False,False,False,False,False
22-2915,2021_30502_0061,,False,False,,,,,,CF_NIV_SUIV,CF_NIV_SUIV,,,False,,False,,,,,False,False,False,False,False
22-2946,2022-001,,False,False,,,,,,CF_NIV_SUIV,CF_NIV_SUIV,,,False,,False,,,,,False,False,False,False,False
22-2960,MA2022-01,,False,False,,,,,,CF_NIV_SUIV,CF_NIV_SUIV,,,False,,False,,,,,False,False,False,False,False
22-3002,2022005,,False,False,,,,,,CF_NIV_SUIV,CF_NIV_SUIV,,,False,,False,,,,,False,False,False,False,False
22-3004,2022/003,,False,False,,,Les offres devront être remises exclusivement par voie électronique sur le profil d'acheteur de la commune.,,,CF_NIV_SUIV,CF_NIV_SUIV,,,False,,False,,,,,False,False,False,False,False
22-3067,2022.02.00,,False,False,,,,,,CF_NIV_SUIV,CF_NIV_SUIV,,,False,,False,,,,,False,False,False,False,False
22-3097,2022.03.00,,False,False,,,,,,CF_NIV_SUIV,CF_NIV_SUIV,,,False,,False,,,,,False,False,False,False,False
22-3132,2022006PM,,False,False,,,Critères de sélection des candidatures : capacités professionnelles,,,CF_NIV_SUIV,CF_NIV_SUIV,,,False,,False,,,,,False,False,False,False,False
22-316,,,False,False,,,Elles sont décrites dans les pièces de consultations,"Les candidats intéressés peuvent télécharger gratuitement les pièces du dossier de consultation, jusqu'aux dates et heure limites de réception des offres, à l'adresse suivante : https://marchespublics.grandest.fr",,CF_NIV_SUIV,CF_NIV_SUIV,,,False,,False,,,,,False,False,False,False,False
22-3161,22.03,,False,False,,,,,,CF_NIV_SUIV,CF_NIV_SUIV,,,False,,False,,,,,False,False,False,False,False
22-3168,21S0017,,False,False,,,"Conformément aux dispositions de l'article R2132-7 du Code de la Commande Publique, les candidats doivent déposer leur pli sur le profil acheteur. La transmission d'un pli papier n'est plus autorisée.Dépôt électronique sur le profil acheteur :Les candidats déposent leur pli, comprenant leur candidature et leur offre, par voie électronique à l'adresse suivante :https://www.marches-publics.gouv.fr/Parallèlement à l'envoi électronique de leur dossier sur le profil acheteur, les candidats peuvent faireParvenir une copie de sauvegarde, transmise dans les délais impartis, sur support physique électronique(Cd - clé usb) ou sur support papier à l'adresse précisée au règlement de la consultation.",,,CF_NIV_SUIV,CF_NIV_SUIV,,,False,,False,,,,,False,False,False,False,False
22-3280,AO1202201,,False,False,,,,,,CF_NIV_SUIV,CF_NIV_SUIV,,,False,,False,,,,,False,False,False,False,False
22-3305,VBMATVRD,,False,False,,,,,,CF_NIV_SUIV,CF_NIV_SUIV,,,False,,False,,,,,False,False,False,False,False
22-3350,RLV22-002,,False,False,,,,,,CF_NIV_SUIV,CF_NIV_SUIV,,,False,,False,,,,,False,False,False,False,False
22-3395,MAPA_2022-04,,False,False,,,,,,CF_NIV_SUIV,CF_NIV_SUIV,,,False,,False,,,,,False,False,False,False,False
22-342,Consultation no202111241042,,False,False,,,,,,CF_NIV_SUIV,CF_NIV_SUIV,,,False,,False,,,,,False,False,False,False,False
22-3432,22a012,,False,False,,,,,,CF_NIV_SUIV,CF_NIV_SUIV,,,False,,False,,,,,False,False,False,False,False
22-3440,CONSULTPLANJEUNE,,False,False,,,,,,CF_NIV_SUIV,CF_NIV_SUIV,,,False,,False,,,,,False,False,False,False,False
22-3466,01/2022,,False,False,,,,,,CF_NIV_SUIV,CF_NIV_SUIV,,,False,,False,,,,,False,False,False,False,False
22-3493,Longages-202201- Vidéoprotection,,False,False,,,"Un dépôt d'offre électronique devra obligatoirement être effectué sur le profil d'acheteur du pouvoir adjudicateur (http://www.synapse-entreprises.com ). En cas de difficultés rencontrées lors du dépôt de son offre, le candidat pourra contacter le service commun de la commande publique à l'adresse suivante : marches.publics@ville-carbonne.fr .","Le dossier de consultation des entreprises est téléchargeable sur le profil acheteur de la Ville : http://www.synapse-entreprises.com. En cas de difficultés rencontrées lors du téléchargement des pièces du Dossier de consultation des entreprises, le candidat pourra contacter le service commun de la commande publique à l'adresse suivante : marches.publics@ville-carbonne.fr .",,CF_NIV_SUIV,CF_NIV_SUIV,,,False,,False,,,,,False,False,False,False,False
22-3518,2021-0611,,False,False,,,,,,CF_NIV_SUIV,CF_NIV_SUIV,,,False,,False,,,,,False,False,False,False,False
22-3521,,,False,False,,,Elles sont décrites dans les pièces de consultations,"Les candidats intéressés peuvent télécharger gratuitement les pièces du dossier de consultation, jusqu'aux dates et heure limites de réception des offres, à l'adresse suivante : https://marchespublics.grandest.fr",,CF_NIV_SUIV,CF_NIV_SUIV,,,False,,False,,,,,False,False,False,False,False
22-3531,2022.01.00,,False,False,,,,,,CF_NIV_SUIV,CF_NIV_SUIV,,,False,,False,,,,,False,False,False,False,False
22-3550,MB/LM - 22-319,,False,False,,,,,,CF_NIV_SUIV,CF_NIV_SUIV,,,False,,False,,,,,False,False,False,False,False
22-3560,2022-01-F-60001,,False,False,,,,,,CF_NIV_SUIV,CF_NIV_SUIV,,,False,,False,,,,,False,False,False,False,False
22-3590,22AF-0031-U,,False,False,,,,,,CF_NIV_SUIV,CF_NIV_SUIV,,,False,,False,,,,,False,False,False,False,False
22-3621,,,False,False,,,Les dossiers de candidatures doivent être transmis par voie électronique via le profil acheteur de la Ville www.demat-ampa.frLes modalités et le détail sont donnés dans le dossier de consultation.,Le dossier de consultation est disponible sur le profil acheteur de la Ville www.demat-ampa.fr,,CF_NIV_SUIV,CF_NIV_SUIV,,,False,,False,,,,,False,False,False,False,False
22-3646,211/2022,,False,False,,,,,,CF_NIV_SUIV,CF_NIV_SUIV,,,False,,False,,,,,False,False,False,False,False
22-365,2022-01,,False,False,,,,,,CF_NIV_SUIV,CF_NIV_SUIV,,,False,,False,,,,,False,False,False,False,False
22-3663,2022-01,,False,False,,,,,,CF_NIV_SUIV,CF_NIV_SUIV,,,False,,False,,,,,False,False,False,False,False
22-3675,salle11Travaux,,False,False,,,,,,CF_NIV_SUIV,CF_NIV_SUIV,,,False,,False,,,,,False,False,False,False,False
22-3707,2022MAS001,,False,False,,,Les candidats déposeront obligatoirement leurs candidatures et leurs offres sur le profil acheteur dont l'adresse est précisée au présent avis.,,,CF_NIV_SUIV,CF_NIV_SUIV,,,False,,False,,,,,False,False,False,False,False
22-3746,202201030901,,False,False,,,,,,CF_NIV_SUIV,CF_NIV_SUIV,,,False,,False,,,,,False,False,False,False,False
22-3758,S-2022-00130,,False,False,,,,,,CF_NIV_SUIV,CF_NIV_SUIV,,,False,,False,,,,,False,False,False,False,False
22-3801,M21012,,False,False,,,,,,CF_NIV_SUIV,CF_NIV_SUIV,,,False,,False,,,,,False,False,False,False,False
22-381,CACL/PLUV/2021/005,,False,False,,,"La transmission des candidatures se fait obligatoirement par voie électronique via le profil d'acheteur : http://www.marches-securises.fr/perso/CACL-MatouryUn mode d'emploi est disponible sur le site. Les frais d'accès au réseau sont à la charge des candidats..La présentation sur un support physique électronique n'est pas autorisée.La remise des candidatures contre récépissé n'est pas autorisée.L'envoi des candidatures par voie postale n'est pas autorisé.Conditions d'envoi de la copie de sauvegarde : Cette copie est transmise sous pli par voie postale ou par dépôt chez l'acheteur dans les délais impartis pour la remise des candidatures ou des offres. Ce pli, fermé, doit mentionner "" copie de sauvegarde "" de manière claire et lisible, porter également le nom de l'opérateur économique candidat, l'identification de la procédure et l'éventuel lot concerné. La copie de sauvegarde ne peut être commune à l'ensemble des lots pour lesquels candidate éventuellement l'opérateur économique",,,CF_NIV_SUIV,CF_NIV_SUIV,,,False,,False,,,,,False,False,False,False,False
22-3836,2022-003-BAT,,False,False,,,,,,CF_NIV_SUIV,CF_NIV_SUIV,,,False,,False,,,,,False,False,False,False,False
22-389,2022RTPN2001,,False,False,,,,,,CF_NIV_SUIV,CF_NIV_SUIV,,,False,,False,,,,,False,False,False,False,False
22-392,1T2022,,False,False,,,,,,CF_NIV_SUIV,CF_NIV_SUIV,,,False,,False,,,,,False,False,False,False,False
22-3945,21M12Z,,False,False,,,,,,CF_NIV_SUIV,CF_NIV_SUIV,,,False,,False,,,,,False,False,False,False,False
22-395,2021A26MOE,,False,False,,,,,,CF_NIV_SUIV,CF_NIV_SUIV,,,False,,False,,,,,False,False,False,False,False
22-4033,2200001,,False,False,,,,,,CF_NIV_SUIV,CF_NIV_SUIV,,,False,,False,,,,,False,False,False,False,False
22-404,M21A0222,,False,False,,,,,,CF_NIV_SUIV,CF_NIV_SUIV,,,False,,False,,,,,False,False,False,False,False
22-4048,C22.001,,False,False,,,Les offres doivent être déposées à l'adresse suivante : https://lavenirdelartois.e-marchespublics.com/,Le dossier de consultation des entreprises est téléchargeable à l'adresse suivante : https://lavenirdelartois.e-marchespublics.com/,,CF_NIV_SUIV,CF_NIV_SUIV,,,False,,False,,,,,False,False,False,False,False
22-4055,21167,,False,False,,,par voie électronique uniquement - copie de sauvegarde possible par voie postale à l'adresse du syndicat,,,CF_NIV_SUIV,CF_NIV_SUIV,,,False,,False,,,,,False,False,False,False,False
22-4062,2022S01,,False,False,,,,,,CF_NIV_SUIV,CF_NIV_SUIV,,,False,,False,,,,,False,False,False,False,False
22-4069,2022008,,False,False,,,,,,CF_NIV_SUIV,CF_NIV_SUIV,,,False,,False,,,,,False,False,False,False,False
22-4079,21-10-03_MAISON_TRANSITION,,False,False,,,,,,CF_NIV_SUIV,CF_NIV_SUIV,,,False,,False,,,,,False,False,False,False,False
22-4111,MA2204,,False,False,,,Les offres doivent être déposées électroniquement sur la plateforme https://sdis85.emarchespublics.com,Le dossier de consultation doit être téléchargé sur la plateforme https://sdis85.emarchéspublics.com (gratuit),,CF_NIV_SUIV,CF_NIV_SUIV,,,False,,False,,,,,False,False,False,False,False
22-4127,001-22-1700,,False,False,,,,,,CF_NIV_SUIV,CF_NIV_SUIV,,,False,,False,,,,,False,False,False,False,False
22-4169,2022-05,,False,False,,,,,,CF_NIV_SUIV,CF_NIV_SUIV,,,False,,False,,,,,False,False,False,False,False
22-417,22S0000,,False,False,,,,,,CF_NIV_SUIV,CF_NIV_SUIV,,,False,,False,,,,,False,False,False,False,False
22-4187,2022MBC01,,False,False,,,,,,CF_NIV_SUIV,CF_NIV_SUIV,,,False,,False,,,,,False,False,False,False,False
22-4221,,,False,False,,,"La candidature est présentée soit sous la forme des formulaires DC1 et DC2 (disponibles gratuitement sur le site www.economie.gouv.fr.), soit sous la forme d'un Document Unique de Marché Européen (DUME). La transmission des plis par voie électronique est imposée pour cette consultation. Par conséquent, la transmission par voie papier n'est pas autorisée.",,,CF_NIV_SUIV,CF_NIV_SUIV,,,False,,False,,,,,False,False,False,False,False
22-4281,2022S003,,False,False,,,,,,CF_NIV_SUIV,CF_NIV_SUIV,,,False,,False,,,,,False,False,False,False,False
22-4350,F_M03_2022,,False,False,,,,,,CF_NIV_SUIV,CF_NIV_SUIV,,,False,,False,,,,,False,False,False,False,False
22-4353,AMOABATBFC,,False,False,,,"Est autorisée pour cette consultation, la remise des plis (candidature et offres) exclusivement par voie électronique en utilisant prioritairement le Document Unique de Marchés Européens 'Dume' (procédure décrite dans le guide de réponse en ligne) via le site https://ternum-bfc.fr.La signature électronique ne sera pas exigée au stade de la remise de l'offre.Les formats de fichiers rtf, docs, slsx, slk, pdf, pptx, ppsx, dwg, dxf, jpg sont acceptés.",,,CF_NIV_SUIV,CF_NIV_SUIV,,,False,,False,,,,,False,False,False,False,False
22-4358,MAPA-2021-46 (ENV),,False,False,,,,,,CF_NIV_SUIV,CF_NIV_SUIV,,,False,,False,,,,,False,False,False,False,False
22-4407,AmenagVeh,,False,False,,,,,,CF_NIV_SUIV,CF_NIV_SUIV,,,False,,False,,,,,False,False,False,False,False
22-4416,2022-03-01,,False,False,,,"Précisions sur la remise des offres électroniques :La transmission des documents par voie électronique est effectuée sur le profil d'acheteur du pouvoir adjudicateur, à l'adresse URL suivante : https://marchespublics.landespublic.org.Chaque transmission fera l'objet d'une date certaine de réception et d'un accusé de réception électronique. A ce titre, le fuseau horaire de référence est celui de (GMT+01:00) Paris, Bruxelles, Copenhague, Madrid. Le pli sera considéré "" hors délai "" si le téléchargement se termine après la date et l'heure limites de réception des offres.Si une nouvelle offre est envoyée par voie électronique par le même candidat, celle-ci annule et remplace l'offre précédente.Aucun format électronique n'est préconisé pour la transmission des documents. Cependant, les fichiers devront être transmis dans des formats largement disponibles, et la collectivité interdit les formats type "".DWG"" et "".DXF"". Les plis ne devront pas dépasser les 200 Mo.La signature électronique n'est pas exigée pour déposer un pliEn revanche, le candidat retenu devra signer électroniquement l'offre définitive.Les frais d'accès au réseau et de recours à la signature électronique sont à la charge des candidats.Transmission sous support papier - COPIE DE SAUVEGARDE UNIQUEMENT :La transmission des plis par voie électronique est imposée pour cette consultation. Par conséquent, la transmission par voie papier n'est pas autorisée, à l'exception de la "" copie de sauvegarde "".Le pli électronique peut être doublé d'une copie de sauvegarde transmise dans les délais impartis, sur support physique électronique (CD-ROM, DVD-ROM, clé usb) ou sur support papier. Cette copie doit être placée dans un pli portant la mention "" copie de sauvegarde "", ainsi que le nom du candidat et l'identification de la procédure concernée.",,,CF_NIV_SUIV,CF_NIV_SUIV,,,False,,False,,,,,False,False,False,False,False
22-4442,21VX040,,False,False,,,,,,CF_NIV_SUIV,CF_NIV_SUIV,,,False,,False,,,,,False,False,False,False,False
22-4514,21256MPFXPBL,,False,False,,,,,,CF_NIV_SUIV,CF_NIV_SUIV,,,False,,False,,,,,False,False,False,False,False
22-4560,MOBILITE,,False,False,,,,,,CF_NIV_SUIV,CF_NIV_SUIV,,,False,,False,,,,,False,False,False,False,False
22-4597,22/CPM/01,,False,False,,,Les plis sont transmis par voie électronique via le profil acheteur du Centre Pompidou-Metz : https://centrepompidou-metz.e-marchespublics.com,"Le dossier de consultation des entreprises est consultable et téléchargeable sur le profil acheteur du Centre Pompidou-Metz à l'adresse suivante : https://centrepompidou-metz.e-marchespublics.comA titre subsidiaire, le dossier de consultation des entreprises peut également être remis gratuitement aux entreprises désirant soumissionner, sur demande écrite par courriel à l'adresse suivante : alexandra.morizet@centrepompidou-metz.fr",,CF_NIV_SUIV,CF_NIV_SUIV,,,False,,False,,,,,False,False,False,False,False
22-4635,21COM15,,False,False,,,,,,CF_NIV_SUIV,CF_NIV_SUIV,,,False,,False,,,,,False,False,False,False,False
22-4668,22SAJ01,,False,False,,,,,,CF_NIV_SUIV,CF_NIV_SUIV,,,False,,False,,,,,False,False,False,False,False
22-4696,2101820,,False,False,,,,,,CF_NIV_SUIV,CF_NIV_SUIV,,,False,,False,,,,,False,False,False,False,False
22-4711,21M11Z,,False,False,,,,,,CF_NIV_SUIV,CF_NIV_SUIV,,,False,,False,,,,,False,False,False,False,False
22-4727,21000374,,False,False,,,,,,CF_NIV_SUIV,CF_NIV_SUIV,,,False,,False,,,,,False,False,False,False,False
22-4749,22FACT01,,False,False,,,,,,CF_NIV_SUIV,CF_NIV_SUIV,,,False,,False,,,,,False,False,False,False,False
22-4751,22FASPS01,,False,False,,,,,,CF_NIV_SUIV,CF_NIV_SUIV,,,False,,False,,,,,False,False,False,False,False
22-4799,Aff_2021_030,,False,False,,,,"Conformément à l'article R.2132-2 du Code de la commande publique, le pouvoir adjudicateur met à disposition le dossier de consultation par voie électronique, à l'adresse suivante : https://marchespublics596280.fr * Les soumissionnaires pourront s'authentifier sur le site et notamment indiquer une adresse courriel électronique permettant de façon certaine une correspondance électronique notamment pour l'envoi d'éventuels compléments, précisions ou rectifications.",,CF_NIV_SUIV,CF_NIV_SUIV,,,False,,False,,,,,False,False,False,False,False
22-4839,22a010,,False,False,,,,,,CF_NIV_SUIV,CF_NIV_SUIV,,,False,,False,,,,,False,False,False,False,False
22-4852,MAPA N°01H22 SEMINAIRE,,False,False,,,,,,CF_NIV_SUIV,CF_NIV_SUIV,,,False,,False,,,,,False,False,False,False,False
22-4880,EM/VV Géotech. Sect.1 Laufromont,,False,False,,,,,,CF_NIV_SUIV,CF_NIV_SUIV,,,False,,False,,,,,False,False,False,False,False
22-4885,MAPA 22FO001,,False,False,,,"La transmission des candidatures se fait obligatoirement par voie électronique via le profil d'acheteur : https://www.marches-securises.frUn mode d'emploi est disponible sur le site. Les frais d'accès au réseau sont à la charge des candidats..La présentation sur un support physique électronique n'est pas autorisée.La remise des candidatures contre récépissé n'est pas autorisée.L'envoi des candidatures par voie postale n'est pas autorisé.Conditions d'envoi de la copie de sauvegarde : Cette copie est transmise sous pli par voie postale ou par dépôt chez l'acheteur dans les délais impartis pour la remise des candidatures ou des offres. Ce pli, fermé, doit mentionner "" copie de sauvegarde "" de manière claire et lisible, porter également le nom de l'opérateur économique candidat, l'identification de la procédure et l'éventuel lot concerné. La copie de sauvegarde ne peut être commune à l'ensemble des lots pour lesquels candidate éventuellement l'opérateur économique",,,CF_NIV_SUIV,CF_NIV_SUIV,,,False,,False,,,,,False,False,False,False,False
22-4894,2021-230,,False,False,,,,,,CF_NIV_SUIV,CF_NIV_SUIV,,,False,,False,,,,,False,False,False,False,False
22-4914,2022-17PI,,False,False,,,,,,CF_NIV_SUIV,CF_NIV_SUIV,,,False,,False,,,,,False,False,False,False,False
22-4915,DAF_2021_001832,,False,False,,,,,,CF_NIV_SUIV,CF_NIV_SUIV,,,False,,False,,,,,False,False,False,False,False
22-4924,2021-TX-ACP-0474,,False,False,,,,,,CF_NIV_SUIV,CF_NIV_SUIV,,,False,,False,,,,,False,False,False,False,False
22-4985,2022-01,,False,False,,,,,,CF_NIV_SUIV,CF_NIV_SUIV,,,False,,False,,,,,False,False,False,False,False
22-4991,2022-01,,False,False,,,,"Pour tout renseignement complémentaire relatif à la récupération en ligne des pièces du dossier, les entreprises peuvent s'adresser à l'équipe support de SYNAPSE Entreprises par mail sur info@synapse-entreprises.com ou au 01 72 33 90 70 qui les aidera à s'enregistrer gratuitement et leur expliquera le cadre de la démarche.Les dossiers de consultation peuvent être également retirés auprès du Service de la Commande publique de la CCRV (mail : v.fouquet@retzenvalois.fr).",,CF_NIV_SUIV,CF_NIV_SUIV,,,False,,False,,,,,False,False,False,False,False
22-501,21247MGF0P00,,False,False,,,,,,CF_NIV_SUIV,CF_NIV_SUIV,,,False,,False,,,,,False,False,False,False,False
22-5014,2022-101,,False,False,,,,,,CF_NIV_SUIV,CF_NIV_SUIV,,,False,,False,,,,,False,False,False,False,False
22-5025,,,False,False,,,"En application de l'article L.2132-2 du code de la commande publique, les candidats devront transmettre obligatoirement leur candidature et leur offre par voie électronique sur la plateforme de dématérialisation du Département : https://marchespublics596280.fr.L'enveloppe électronique contiendra les documents relatifs à la candidature et à l'offre du candidat listés à l'article 5-1 du présent règlement.Il n'est pas exigé de signature électronique à la remise des offres. Aussi, le candidat s'engage, s'il est attributaire, à signer manuscritement l'accord-cadre rematérialisé au format papier. Les dossiers réceptionnés hors délai ne seront pas retenus.Conformément aux articles L.2132-2, R.2132-2, R.2132-7 à R.2132-9 du code de la commande publique, les candidats doivent télécharger les documents du dossier de consultation sur un réseau électronique, et doivent déposer leur candidature et leur offre par voie électronique (https://marchespublics596280.fr).Il n'est pas exigé de signature électronique à la remise des offres. Seul le candidat retenu sera tenu de signer l'accord-cadre. Aussi, le candidat s'engage, s'il est attributaire, à signer manuscritement l'accord-cadre rematérialisé au format papier. Toutefois, si le candidat utilise la signature électronique, il est conseillé d'utiliser la signature électronique sous format PADES.",,,CF_NIV_SUIV,CF_NIV_SUIV,,,False,,False,,,,,False,False,False,False,False
22-5051,2022_VDG_0006,,False,False,,,,,,CF_NIV_SUIV,CF_NIV_SUIV,,,False,,False,,,,,False,False,False,False,False
22-5076,DDP-2022-02,,False,False,,,"Les plis devront parvenir à destination avant la date et l'heure limites de réception des offres indiquées sur la page de garde du règlement de consultation.La transmission des documents par voie électronique est effectuée sur le profil d'acheteur du pouvoir adjudicateur, à l'adresse URL suivante : https://www.marches-securises.frLa transmission des plis par voie électronique est imposée pour cette consultation. Par conséquent, la transmission par voie papier n'est pas autorisée.","Le dossier de consultation est téléchargeable gratuitement sur le profil d'acheteur du pouvoir adjudicateur, à l'adresse URL suivante : https://www.marches-securises.fr",,CF_NIV_SUIV,CF_NIV_SUIV,,,False,,False,,,,,False,False,False,False,False
22-5165,SPI22-001,,False,False,,,,,,CF_NIV_SUIV,CF_NIV_SUIV,,,False,,False,,,,,False,False,False,False,False
22-5190,22-01,,False,False,,,,,,CF_NIV_SUIV,CF_NIV_SUIV,,,False,,False,,,,,False,False,False,False,False
22-5255,2021037,,False,False,,,,,,CF_NIV_SUIV,CF_NIV_SUIV,,,False,,False,,,,,False,False,False,False,False
22-5270,DAC972-2021-SRA-CCE-ETUDES-PROG,,False,False,,,,,,CF_NIV_SUIV,CF_NIV_SUIV,,,False,,False,,,,,False,False,False,False,False
22-5274,2022-003,,False,False,,,La voie dématérialisée est privilégiée.,,,CF_NIV_SUIV,CF_NIV_SUIV,,,False,,False,,,,,False,False,False,False,False
22-5292,PA01-2022,,False,False,,,,,,CF_NIV_SUIV,CF_NIV_SUIV,,,False,,False,,,,,False,False,False,False,False
22-5295,C2022-02,,False,False,,,,,,CF_NIV_SUIV,CF_NIV_SUIV,,,False,,False,,,,,False,False,False,False,False
22-5308,RM_21_35_MAPA,,False,False,,,,,,CF_NIV_SUIV,CF_NIV_SUIV,,,False,,False,,,,,False,False,False,False,False
22-5312,2021DDET0011,,False,False,,,,,,CF_NIV_SUIV,CF_NIV_SUIV,,,False,,False,,,,,False,False,False,False,False
22-5315,21609,,False,False,,,,,,CF_NIV_SUIV,CF_NIV_SUIV,,,False,,False,,,,,False,False,False,False,False
22-5332,21000327,,False,False,,,,,,CF_NIV_SUIV,CF_NIV_SUIV,,,False,,False,,,,,False,False,False,False,False
22-5342,FCS22-002,,False,False,,,,,,CF_NIV_SUIV,CF_NIV_SUIV,,,False,,False,,,,,False,False,False,False,False
22-5350,2021CM-TRX235,,False,False,,,,,,CF_NIV_SUIV,CF_NIV_SUIV,,,False,,False,,,,,False,False,False,False,False
22-5378,2021-ETU-DPAT-0452,,False,False,,,,,,CF_NIV_SUIV,CF_NIV_SUIV,,,False,,False,,,,,False,False,False,False,False
22-5434,MAPA-AC_HUISSIER,,False,False,,,,,,CF_NIV_SUIV,CF_NIV_SUIV,,,False,,False,,,,,False,False,False,False,False
22-5443,REVISION PLU,,False,False,,,,,,CF_NIV_SUIV,CF_NIV_SUIV,,,False,,False,,,,,False,False,False,False,False
22-5447,2202,,False,False,,,,,,CF_NIV_SUIV,CF_NIV_SUIV,,,False,,False,,,,,False,False,False,False,False
22-5463,2022/004 à 2022/006,,False,False,,,,,,CF_NIV_SUIV,CF_NIV_SUIV,,,False,,False,,,,,False,False,False,False,False
22-5469,GAZ INDUSTRIEL,,False,False,,,,,,CF_NIV_SUIV,CF_NIV_SUIV,,,False,,False,,,,,False,False,False,False,False
22-5474,2022-M003,,False,False,,,"Exception faite des dispositions particulières relatives à la copie de sauvegardeet des cas listés à l'article suivant du présent RC,LES PLIS TRANSMIS PAR VOIE PAPIER SERONT IRRECEVABLES !Une offre papier sera jugée irrégulière et assimilée à une absence d'offre. Elle sera en outre insusceptible de régularisation !L'attention des concurrents est attirée sur le fait que toute offre non remise dans les conditions prescrites par le présent R.C. sera immédiatement écartée.Les plis devront parvenir à destination avant la date et l'heure limites de réception des offres indiquées sur la page de garde du présent document.",,,CF_NIV_SUIV,CF_NIV_SUIV,,,False,,False,,,,,False,False,False,False,False
22-5482,MAPA 2022002,,False,False,,,,,,CF_NIV_SUIV,CF_NIV_SUIV,,,False,,False,,,,,False,False,False,False,False
22-5502,202112162240,,False,False,,,,,,CF_NIV_SUIV,CF_NIV_SUIV,,,False,,False,,,,,False,False,False,False,False
22-5503,20215499,,False,False,,,,,,CF_NIV_SUIV,CF_NIV_SUIV,,,False,,False,,,,,False,False,False,False,False
22-5507,202112301011,,False,False,,,,,,CF_NIV_SUIV,CF_NIV_SUIV,,,False,,False,,,,,False,False,False,False,False
22-5510,2021-31,,False,False,,,,,,CF_NIV_SUIV,CF_NIV_SUIV,,,False,,False,,,,,False,False,False,False,False
22-5579,2022/007,,False,False,,,,,,CF_NIV_SUIV,CF_NIV_SUIV,,,False,,False,,,,,False,False,False,False,False
22-5612,2021SGAMI57048,,False,False,,,,,,CF_NIV_SUIV,CF_NIV_SUIV,,,False,,False,,,,,False,False,False,False,False
22-5681,ODS-2022-02-MIR-ROC,,False,False,,,,,,CF_NIV_SUIV,CF_NIV_SUIV,,,False,,False,,,,,False,False,False,False,False
22-5696,A21DM-LCD008,,False,False,,,,,,CF_NIV_SUIV,CF_NIV_SUIV,,,False,,False,,,,,False,False,False,False,False
22-5710,MP2022-011,,False,False,,,Les candidatures et les offres sont à déposer de manière dématérialisée via https://www.marches-securises.fr selon les modalités décrites dans le règlement de la consultation,Téléchargement gratuit sur la plateforme de dématérialisation des marchés publics www.marches-securises.fr,,CF_NIV_SUIV,CF_NIV_SUIV,,,False,,False,,,,,False,False,False,False,False
22-5735,22.02,,False,False,,,,,,CF_NIV_SUIV,CF_NIV_SUIV,,,False,,False,,,,,False,False,False,False,False
22-5742,DAT22002,,False,False,,,,,,CF_NIV_SUIV,CF_NIV_SUIV,,,False,,False,,,,,False,False,False,False,False
22-5751,22S0005,,False,False,,,,,,CF_NIV_SUIV,CF_NIV_SUIV,,,False,,False,,,,,False,False,False,False,False
22-5767,TV-22-002,,False,False,,,La remise des plis s'effectue par voie électronique sur le profil d'acheteur: www.marches-securises.fr. Les modalités de remise des copies de sauvegarde sont fixées au règlement de la consultation.,,,CF_NIV_SUIV,CF_NIV_SUIV,,,False,,False,,,,,False,False,False,False,False
22-5792,2022-02,,False,False,,,,,,CF_NIV_SUIV,CF_NIV_SUIV,,,False,,False,,,,,False,False,False,False,False
22-5856,2021SDIS010bis,,False,False,,,La transmission des documents par voie électronique ne peut être réalisée qu'à l'adresse suivante : https://www.marches-securises.fr,,,CF_NIV_SUIV,CF_NIV_SUIV,,,False,,False,,,,,False,False,False,False,False
22-5861,22-02,,False,False,,,,,,CF_NIV_SUIV,CF_NIV_SUIV,,,False,,False,,,,,False,False,False,False,False
22-5900,22-5900,,False,False,,,"Le titulaire du marché produira impérativement le jour de la livraison du matériel : Un rapport de vérification de conformité CE réalisé par un organisme de contrôle de type APAVE, SOCOTEC...Le certificat de conformité CE du fabriquantLes Documentations techniques de l'appareil en langue française = Manuel de l'utilisation, le tout en deux exemplaires.Le manuel de pièces détachées, le tout en deux exemplaires.Le manuel Technique dans la langue d'origine de la machineLe manuel d'entretien, le tout en deux exemplaires.","Notre établissement est soumis aux règles de la comptabilité publique : le paiement ne peut intervenir qu'une fois le service fait, c'est-à-dire lorsque l'acheteur public a constaté que les prestations ont bien été réalisées et qu'elles sont conformes au contrat signé.",,CF_NIV_SUIV,CF_NIV_SUIV,,,False,,False,,,,,False,False,False,False,False
22-5902,2021-MOE-CHAP-0015,,False,False,,,,,,CF_NIV_SUIV,CF_NIV_SUIV,,,False,,False,,,,,False,False,False,False,False
22-5903,2021-ETU-ACP-0465,,False,False,,,,,,CF_NIV_SUIV,CF_NIV_SUIV,,,False,,False,,,,,False,False,False,False,False
22-5905,MAPASEFORM32021-02,,False,False,,,,,,CF_NIV_SUIV,CF_NIV_SUIV,,,False,,False,,,,,False,False,False,False,False
22-5907,2021/ETU/0052/RLP-TLPE2022,,False,False,,,,,,CF_NIV_SUIV,CF_NIV_SUIV,,,False,,False,,,,,False,False,False,False,False
22-5909,22AS-CP-0026-J,,False,False,,,,,,CF_NIV_SUIV,CF_NIV_SUIV,,,False,,False,,,,,False,False,False,False,False
22-5910,MAPA 2021.079,,False,False,,,,,,CF_NIV_SUIV,CF_NIV_SUIV,,,False,,False,,,,,False,False,False,False,False
22-5911,A21DM-SD013,,False,False,,,,,,CF_NIV_SUIV,CF_NIV_SUIV,,,False,,False,,,,,False,False,False,False,False
22-5930,202201101200,,False,False,,,,,,CF_NIV_SUIV,CF_NIV_SUIV,,,False,,False,,,,,False,False,False,False,False
22-5931,2022.413.01.6TRX-3,,False,False,,,,,,CF_NIV_SUIV,CF_NIV_SUIV,,,False,,False,,,,,False,False,False,False,False
22-5952,2022_DIAGNOSTIC _BATI_SDIE,,False,False,,,offre dématérialisée via le profil acheteur Mégalis.,,,CF_NIV_SUIV,CF_NIV_SUIV,,,False,,False,,,,,False,False,False,False,False
22-6001,21.02.037,,False,False,,,La transmission des candidatures se fait obligatoirement par voie électronique via le profil d'acheteur : http://www.marches-securises.fr.,,,CF_NIV_SUIV,CF_NIV_SUIV,,,False,,False,,,,,False,False,False,False,False
22-6007,2022004FCS,,False,False,,,,,,CF_NIV_SUIV,CF_NIV_SUIV,,,False,,False,,,,,False,False,False,False,False
22-6014,2021-401-DPI,,False,False,,,,,,CF_NIV_SUIV,CF_NIV_SUIV,,,False,,False,,,,,False,False,False,False,False
22-6020,AAGR_CHAUMONT - E. Cassez,,False,False,,,,,,CF_NIV_SUIV,CF_NIV_SUIV,,,False,,False,,,,,False,False,False,False,False
22-6032,SG-SAD3-026-21,,False,False,,,Une copie de sauvegarde peut être transmis àl'adresse ci-dessus en indiquant la référence SG-SAD3-026-21,,,CF_NIV_SUIV,CF_NIV_SUIV,,,False,,False,,,,,False,False,False,False,False
22-6035,AC22-1,,False,False,,,,,,CF_NIV_SUIV,CF_NIV_SUIV,,,False,,False,,,,,False,False,False,False,False
22-6040,M22-08,,False,False,,,,,,CF_NIV_SUIV,CF_NIV_SUIV,,,False,,False,,,,,False,False,False,False,False
22-6044,2203,,False,False,,,,,,CF_NIV_SUIV,CF_NIV_SUIV,,,False,,False,,,,,False,False,False,False,False
22-6072,21000466,,False,False,,,,,,CF_NIV_SUIV,CF_NIV_SUIV,,,False,,False,,,,,False,False,False,False,False
22-6075,22P018,,False,False,,,Voir DCE,,,CF_NIV_SUIV,CF_NIV_SUIV,,,False,,False,,,,,False,False,False,False,False
22-6106,210435050_CREMAT_G,,False,False,,,,,,CF_NIV_SUIV,CF_NIV_SUIV,,,False,,False,,,,,False,False,False,False,False
22-6107,S22TRANSP_OEUVRES,,False,False,,,,,,CF_NIV_SUIV,CF_NIV_SUIV,,,False,,False,,,,,False,False,False,False,False
22-6108,21835049_MAPA,,False,False,,,,,,CF_NIV_SUIV,CF_NIV_SUIV,,,False,,False,,,,,False,False,False,False,False
22-6109,2022-02,,False,False,,,,,,CF_NIV_SUIV,CF_NIV_SUIV,,,False,,False,,,,,False,False,False,False,False
22-6110,2201,,False,False,,,,,,CF_NIV_SUIV,CF_NIV_SUIV,,,False,,False,,,,,False,False,False,False,False
22-6111,A21SPN-DP020,,False,False,,,,,,CF_NIV_SUIV,CF_NIV_SUIV,,,False,,False,,,,,False,False,False,False,False
22-6138,2022-46104,,False,False,,,,,,CF_NIV_SUIV,CF_NIV_SUIV,,,False,,False,,,,,False,False,False,False,False
22-6161,A22DCET-JBC01,,False,False,,,,,,CF_NIV_SUIV,CF_NIV_SUIV,,,False,,False,,,,,False,False,False,False,False
22-6282,CPCA-IPRE-Chauny2,,False,False,,,,,,CF_NIV_SUIV,CF_NIV_SUIV,,,False,,False,,,,,False,False,False,False,False
22-6295,M21T20040,,False,False,,,,,,CF_NIV_SUIV,CF_NIV_SUIV,,,False,,False,,,,,False,False,False,False,False
22-6342,FD2100258MIBRZ,,False,False,,,,,,CF_NIV_SUIV,CF_NIV_SUIV,,,False,,False,,,,,False,False,False,False,False
22-6397,599/01/2022,,False,False,,,,,,CF_NIV_SUIV,CF_NIV_SUIV,,,False,,False,,,,,False,False,False,False,False
22-6428,2022-2,,False,False,,,,,,CF_NIV_SUIV,CF_NIV_SUIV,,,False,,False,,,,,False,False,False,False,False
22-6431,,,False,False,,,"La transmission des documents par voie électronique est effectuée sur le profil d'acheteur du pouvoir adjudicateur, à l'adresse URL suivante : https://www.marches.grandbesancon.fr",,,CF_NIV_SUIV,CF_NIV_SUIV,,,False,,False,,,,,False,False,False,False,False
22-6474,22B03,,False,False,,,,,,CF_NIV_SUIV,CF_NIV_SUIV,,,False,,False,,,,,False,False,False,False,False
22-6488,MAPA 2022/01,,False,False,,,,"Le Dossier de Consultation des Entreprises peut être téléchargé sur la plateforme dédiée 'laqueueenbrie.achatpublic.com',",,CF_NIV_SUIV,CF_NIV_SUIV,,,False,,False,,,,,False,False,False,False,False
22-6504,MAPA 2022-011,,False,False,,,"Les plis devront être transmis sur le site https://www.marches-securises.fr.Les candidats pourront, par ailleurs, adresser une copie de sauvegarde sur support électronique. Cette copie devra impérativement contenir une signature électronique. Elle devra également parvenir Adjudicateur dans les délais fixés par le Règlement de la ConsultationLes dossiers de consultation sont à télécharger le site https://www.marches-securises.fr. Il est vivement recommandé aux entreprises de s'identifier, faute de quoi elles ne pourraient être informées d'éventuelles modifications apportées aux documents du dossier de consultation.Les renseignements peuvent être obtenus auprès du service de la Commande Publique, Mme PARIS (04 92 18 23 25)",,,CF_NIV_SUIV,CF_NIV_SUIV,,,False,,False,,,,,False,False,False,False,False
22-6505,Laverie_collegeIrandatz,,False,False,,,,,,CF_NIV_SUIV,CF_NIV_SUIV,,,False,,False,,,,,False,False,False,False,False
22-6530,2022-01,,False,False,,,,,,CF_NIV_SUIV,CF_NIV_SUIV,,,False,,False,,,,,False,False,False,False,False
22-6628,2022.004,,False,False,,,,,,CF_NIV_SUIV,CF_NIV_SUIV,,,False,,False,,,,,False,False,False,False,False
22-6720,2022-01CA,,False,False,,,"Le pouvoir adjudicateur impose la transmission des documents par voie électronique à l'adresse suivante : http://www.xmarches.frVeillez à déposer votre offre sous la dénomination sociale de l'entreprise.Aucun autre mode de transmission n'est autorisé. Par conséquence, la transmission des documents sur un support électronique autre que le profil acheteur (CD-ROM, clé USB, courriels...) n'est pas autorisée.Signature des documents : La signature électronique n'est pas exigée dans le cadre de cette consultation au stade de la remise de l'offre mais est fortement recommandée. La signature électronique des documents, si elle n'est pas réalisée au moment du dépôt, sera demandée en phase d'attribution. Le candidat retenu sera donc invité à acquérir un certificat de signature électronique. Pour déposer une offre, l'opérateur économique doit nécessairement être identifié sur la plate-forme www.xmarches.fr puis cliquer sur le lien ' répondre par voie électronique '. Le candidat est invité à se reporter au 'Manuel Utilisateur de la plate-forme' mis à disposition sur www.xmarches.fr. Le pli doit contenir deux dossiers distincts comportant respectivement les pièces de la candidature 'Candidature' et les pièces de l'offre 'Offre' définies au règlement de la consultation.","Le dossier de consultation des entreprises sera remis gratuitement à chaque candidat, il est ainsi disponible à l'adresse électronique suivante : http://www.xmarches.fr.",,CF_NIV_SUIV,CF_NIV_SUIV,,,False,,False,,,,,False,False,False,False,False
22-6743,2021-006,,False,False,,,,,,CF_NIV_SUIV,CF_NIV_SUIV,,,False,,False,,,,,False,False,False,False,False
22-6786,PA02-2022,,False,False,,,,,,CF_NIV_SUIV,CF_NIV_SUIV,,,False,,False,,,,,False,False,False,False,False
22-6795,2022/01,,False,False,,,,,,CF_NIV_SUIV,CF_NIV_SUIV,,,False,,False,,,,,False,False,False,False,False
22-6831,,,False,False,,,https://www.marches-securises.fr/,,,CF_NIV_SUIV,CF_NIV_SUIV,,,False,,False,,,,,False,False,False,False,False
22-6847,2021SPA07,,False,False,,,,,,CF_NIV_SUIV,CF_NIV_SUIV,,,False,,False,,,,,False,False,False,False,False
22-6849,2022-01,,False,False,,,Plate forme des achats de l'État,,,CF_NIV_SUIV,CF_NIV_SUIV,,,False,,False,,,,,False,False,False,False,False
22-6853,2022-09-002,,False,False,,,,,,CF_NIV_SUIV,CF_NIV_SUIV,,,False,,False,,,,,False,False,False,False,False
22-6897,22.003,,False,False,,,,,,CF_NIV_SUIV,CF_NIV_SUIV,,,False,,False,,,,,False,False,False,False,False
22-6964,2022-03,,False,False,,,,,,CF_NIV_SUIV,CF_NIV_SUIV,,,False,,False,,,,,False,False,False,False,False
22-6999,2021 11 16 0922,,False,False,,,,,,CF_NIV_SUIV,CF_NIV_SUIV,,,False,,False,,,,,False,False,False,False,False
22-7002,21-ECLA-0007,,False,False,,,,,,CF_NIV_SUIV,CF_NIV_SUIV,,,False,,False,,,,,False,False,False,False,False
22-7012,2022fPPL05,,False,False,,,,,,CF_NIV_SUIV,CF_NIV_SUIV,,,False,,False,,,,,False,False,False,False,False
22-7037,PARAVENT22ASM,,False,False,,,,,,CF_NIV_SUIV,CF_NIV_SUIV,,,False,,False,,,,,False,False,False,False,False
22-704,2100005,,False,False,,,,,,CF_NIV_SUIV,CF_NIV_SUIV,,,False,,False,,,,,False,False,False,False,False
22-7048,CCI973-AERO-0222,,False,False,,,,,,CF_NIV_SUIV,CF_NIV_SUIV,,,False,,False,,,,,False,False,False,False,False
22-7148,2022-FCS-MBAA-0004,,False,False,,,"la transmission des documents par voie électronique est effectuée sur le profil d'acheteur www.marches-securises.fr. Les modalités de transmission des plis par voie électronique sont définies dans le règlement de consultation. La candidature peut être présentée soit sous la forme des formulaires Dc1 et Dc2 (disponibles gratuitement sur le site www.economie.gouv.fr.), soit sous la forme d'un Document Unique de Marché Européen (Dume). La transmission des plis par voie électronique est imposée pour cette consultation. Par conséquent, la transmission par voie papier n'est pas autorisée.",,,CF_NIV_SUIV,CF_NIV_SUIV,,,False,,False,,,,,False,False,False,False,False
22-7155,2022-02,,False,False,,,Le dépôt dématérialisé des candidatures et des offres est imposé à l'adresse suivante : http://www.caprovenceverte.e-marchespublics.com.,"Le dossier de consultation doit être retiré par voie électronique à l'adresse Internet suivante : http://www.caprovenceverte.e-marchespublics.comCe site est d'accès libre, direct et complet.",,CF_NIV_SUIV,CF_NIV_SUIV,,,False,,False,,,,,False,False,False,False,False
22-7168,USN TVXMDR,,False,False,,,,,,CF_NIV_SUIV,CF_NIV_SUIV,,,False,,False,,,,,False,False,False,False,False
22-7206,22M01,,False,False,,,,,,CF_NIV_SUIV,CF_NIV_SUIV,,,False,,False,,,,,False,False,False,False,False
22-7243,MCH22001_159RPGA,,False,False,,,"Les candidatures ou offres sont transmises en une seule fois. Si plusieurs candidatures ou offres sont adressées ou transmises successivement par un même candidat, seule la dernière reçue dans le délai fixé pour la remise des candidatures ou offres sera ouverte.Les candidatures ou offres doivent être adressées ou remises dans les conditions suivantes : Par transmission électronique","L'accès aux documents de la consultation est gratuit, complet, direct et sans restriction sur le site : http://www.e-marchespublics.com/",,CF_NIV_SUIV,CF_NIV_SUIV,,,False,,False,,,,,False,False,False,False,False
22-7251,2022S003,,False,False,,,,,,CF_NIV_SUIV,CF_NIV_SUIV,,,False,,False,,,,,False,False,False,False,False
22-7280,,,False,False,,,"La transmission des documents est effectuée par voie électronique sur le profil d'acheteur du pouvoir adjudicateur, à l'adresse URL suivante : https://www.marches-publics.gouv.fr",,,CF_NIV_SUIV,CF_NIV_SUIV,,,False,,False,,,,,False,False,False,False,False
22-7317,22S0018,,False,False,,,,,,CF_NIV_SUIV,CF_NIV_SUIV,,,False,,False,,,,,False,False,False,False,False
22-7325,2021/12,,False,False,,,,,,CF_NIV_SUIV,CF_NIV_SUIV,,,False,,False,,,,,False,False,False,False,False
22-7429,2022*02*01/02,,False,False,,,,,,CF_NIV_SUIV,CF_NIV_SUIV,,,False,,False,,,,,False,False,False,False,False
22-7460,MP2022-02,,False,False,,,,,,CF_NIV_SUIV,CF_NIV_SUIV,,,False,,False,,,,,False,False,False,False,False
22-7501,M 01/22,,False,False,,,,,,CF_NIV_SUIV,CF_NIV_SUIV,,,False,,False,,,,,False,False,False,False,False
22-7505,21MOE36,,False,False,,,,,,CF_NIV_SUIV,CF_NIV_SUIV,,,False,,False,,,,,False,False,False,False,False
22-7561,22MP01_CNA,,False,False,,,,,,CF_NIV_SUIV,CF_NIV_SUIV,,,False,,False,,,,,False,False,False,False,False
22-7577,DAG32-202246112,,False,False,,,,,,CF_NIV_SUIV,CF_NIV_SUIV,,,False,,False,,,,,False,False,False,False,False
22-7633,2021-TIC-0146,,False,False,,,,,,CF_NIV_SUIV,CF_NIV_SUIV,,,False,,False,,,,,False,False,False,False,False
22-7660,3192 MOE,,False,False,,,,,,CF_NIV_SUIV,CF_NIV_SUIV,,,False,,False,,,,,False,False,False,False,False
22-7673,178,,False,False,,,offres à déposer sur la plateforme www.e-marchespublics.com,dossier à télécharger gratuitement sur la plateforme : www.e-marchespublics.com,,CF_NIV_SUIV,CF_NIV_SUIV,,,False,,False,,,,,False,False,False,False,False
22-7695,2022-PA2-01,,False,False,,,exclusivement sur http://symevad.e-marchespublics.com,Accès gratuit et direct exclusivement sur http://symevad.e-marchespublics.com,,CF_NIV_SUIV,CF_NIV_SUIV,,,False,,False,,,,,False,False,False,False,False
22-7756,,,False,False,,,"La transmission des candidatures et des offres par voie électronique est obligatoire via le profil d'acheteur : http://colmar.e-marchespublics.com/(pour davantage de renseignements, se reporter à l'article 6 - Modalités de remise des offres du Règlement de consultation)",,,CF_NIV_SUIV,CF_NIV_SUIV,,,False,,False,,,,,False,False,False,False,False
22-7763,S01-2022,,False,False,,,,,,CF_NIV_SUIV,CF_NIV_SUIV,,,False,,False,,,,,False,False,False,False,False
22-7782,SDIS97/22-001,,False,False,,,,,,CF_NIV_SUIV,CF_NIV_SUIV,,,False,,False,,,,,False,False,False,False,False
22-7788,RM_21_33_MAPA,,False,False,,,,,,CF_NIV_SUIV,CF_NIV_SUIV,,,False,,False,,,,,False,False,False,False,False
22-7794,2021M038,,False,False,,,,,,CF_NIV_SUIV,CF_NIV_SUIV,,,False,,False,,,,,False,False,False,False,False
22-7801,T2142,,False,False,,,,,,CF_NIV_SUIV,CF_NIV_SUIV,,,False,,False,,,,,False,False,False,False,False
22-7829,22.01,,False,False,,,,,,CF_NIV_SUIV,CF_NIV_SUIV,,,False,,False,,,,,False,False,False,False,False
22-7841,2022MAS002,,False,False,,,Les candidats déposeront obligatoirement leurs candidatures et leurs offres sur le profil acheteur dont l'adresse est précisée au présent avis.,,,CF_NIV_SUIV,CF_NIV_SUIV,,,False,,False,,,,,False,False,False,False,False
22-7870,AMO CTM,,False,False,,,,,,CF_NIV_SUIV,CF_NIV_SUIV,,,False,,False,,,,,False,False,False,False,False
22-7915,PA2201,,False,False,,,,,,CF_NIV_SUIV,CF_NIV_SUIV,,,False,,False,,,,,False,False,False,False,False
22-7989,2022-08,,False,False,,,,,,CF_NIV_SUIV,CF_NIV_SUIV,,,False,,False,,,,,False,False,False,False,False
22-8037,SGC13-PEYTRAL-SSI-MOE,,False,False,,,,,,CF_NIV_SUIV,CF_NIV_SUIV,,,False,,False,,,,,False,False,False,False,False
22-8050,SN_21_03,,False,False,,,,,,CF_NIV_SUIV,CF_NIV_SUIV,,,False,,False,,,,,False,False,False,False,False
22-8116,2022ECL,,False,False,,,,,,CF_NIV_SUIV,CF_NIV_SUIV,,,False,,False,,,,,False,False,False,False,False
22-8131,2021 MOE JOUY,,False,False,,,,,,CF_NIV_SUIV,CF_NIV_SUIV,,,False,,False,,,,,False,False,False,False,False
22-8139,,,False,False,,,Remise des offres via la plate-forme amf28.org,,,CF_NIV_SUIV,CF_NIV_SUIV,,,False,,False,,,,,False,False,False,False,False
22-8159,21DEX021,,False,False,,,,,,CF_NIV_SUIV,CF_NIV_SUIV,,,False,,False,,,,,False,False,False,False,False
22-8185,21PRAFCSPA02,,False,False,,,,,,CF_NIV_SUIV,CF_NIV_SUIV,,,False,,False,,,,,False,False,False,False,False
22-8204,2022-1,,False,False,,,,,,CF_NIV_SUIV,CF_NIV_SUIV,,,False,,False,,,,,False,False,False,False,False
22-8219,21-039,,False,False,,,,,,CF_NIV_SUIV,CF_NIV_SUIV,,,False,,False,,,,,False,False,False,False,False
22-8232,22A01,,False,False,,,,,,CF_NIV_SUIV,CF_NIV_SUIV,,,False,,False,,,,,False,False,False,False,False
22-8235,SN_22_01_Proxmox,,False,False,,,,,,CF_NIV_SUIV,CF_NIV_SUIV,,,False,,False,,,,,False,False,False,False,False
22-8256,,,False,False,,,"La procédure étant dématérialisée, le dépôt des plis est possible EXCLUSIVEMENT au travers de la plateforme de dématérialisation d'ESCOTA accessible depuis l'adresse suivante : https://consultations-escota.omnikles.com, et ce, avant la date et l'heure limites de réception fixée au présent avis.Les candidats doivent s'identifier en indiquant une adresse courriel électronique permettant de façon certaine une correspondance électronique pour l'envoi d'éventuels compléments, précisions ou rectifications. La responsabilité d'Escota ne saurait être recherchée si le candidat a communiqué une adresse erronée ou si elle n'a pas consulté ses messages.Toute question intervenant dans le cadre de cette procédure devra être posée par le biais de cette plateforme. Aucune réponse ne sera apportée en dehors de celle-ci.Les plis déposés devront respecter la hiérarchisation des pièces demandées au règlement de consultation. Le détail des modalités de présentation et de transmission des plis sont définies à l'article 5 du règlement de la consultation.En cas de difficulté, un service de support est mis à disposition des candidats, il est joignable soit par téléphone, au 0825001326 de 9h à 18h, sans interruption du lundi au vendredi hors jours fériés soit à l'adresse suivante : support@safetender.com.","Un exemplaire du dossier de consultation des entreprises (D.C.E.) est mis gratuitement à disposition des candidats, par le maître d'ouvrage, sur le site https://consultations-escota.omnikles.com.Les candidats devront s'identifier sur le site et notamment indiquer une adresse courriel électronique permettant de façon certaine une correspondance électronique pour l'envoi d'éventuels compléments, précisions ou rectifications.",,CF_NIV_SUIV,CF_NIV_SUIV,,,False,,False,,,,,False,False,False,False,False
22-8258,21BTA1100,,False,False,,,,,,CF_NIV_SUIV,CF_NIV_SUIV,,,False,,False,,,,,False,False,False,False,False
22-8264,MAPA 2022.002,,False,False,,,,,,CF_NIV_SUIV,CF_NIV_SUIV,,,False,,False,,,,,False,False,False,False,False
22-8266,2022-TIC-CCVG-0001,,False,False,,,,,,CF_NIV_SUIV,CF_NIV_SUIV,,,False,,False,,,,,False,False,False,False,False
22-8299,2022_ACH_GHT_001,,False,False,,,,,,CF_NIV_SUIV,CF_NIV_SUIV,,,False,,False,,,,,False,False,False,False,False
22-8327,PA22/005,,False,False,,,,,,CF_NIV_SUIV,CF_NIV_SUIV,,,False,,False,,,,,False,False,False,False,False
22-833,202201,,False,False,,,,,,CF_NIV_SUIV,CF_NIV_SUIV,,,False,,False,,,,,False,False,False,False,False
22-8330,2022DDET0001,,False,False,,,,,,CF_NIV_SUIV,CF_NIV_SUIV,,,False,,False,,,,,False,False,False,False,False
22-8333,22FC_COLONNES_AV,,False,False,,,,,,CF_NIV_SUIV,CF_NIV_SUIV,,,False,,False,,,,,False,False,False,False,False
22-8359,2022-002,,False,False,,,,,,CF_NIV_SUIV,CF_NIV_SUIV,,,False,,False,,,,,False,False,False,False,False
22-8371,20220101,,False,False,,,,,,CF_NIV_SUIV,CF_NIV_SUIV,,,False,,False,,,,,False,False,False,False,False
22-8462,2021-2626,,False,False,,,,,,CF_NIV_SUIV,CF_NIV_SUIV,,,False,,False,,,,,False,False,False,False,False
22-8465,2022-008,,False,False,,,remise des offres dans les conditions définies au règlement de consultation sur la plateforme :https://marchespublics.ain.fr/.,Remise gratuite du dossier de consultation :- téléchargement sur la plateforme http://www.bourgenbresse.fr (rubrique Marchés publics) ouhttps://marchespublics.ain.fr/.,,CF_NIV_SUIV,CF_NIV_SUIV,,,False,,False,,,,,False,False,False,False,False
22-851,2021-109 entretien vehicules,,False,False,,,,,,CF_NIV_SUIV,CF_NIV_SUIV,,,False,,False,,,,,False,False,False,False,False
22-8510,AOT RESTO ACM,,False,False,,,"Les candidats intéressés doivent au préalable déposer leur candidature par voie électronique sur la plateforme "" Air ACHATS "" de l'Aéroport de Nice accessible à l'adresse suivante : https://achats.nice.aeroport.fr/SEULES LES CANDIDATURES DÉPOSÉES, EN TEMPS ET EN HEURE, PAR VOIE ELECTRONIQUE SUR LA PLATEFORME "" AIR ACHATS "" SERONT RECEVABLES. Les offres remises par courrier, main propre, télécopie ou email ne sont pas admises.",,,CF_NIV_SUIV,CF_NIV_SUIV,,,False,,False,,,,,False,False,False,False,False
22-8527,2022MA01,,False,False,,,,,,CF_NIV_SUIV,CF_NIV_SUIV,,,False,,False,,,,,False,False,False,False,False
22-8542,21SIE06,,False,False,,,,,,CF_NIV_SUIV,CF_NIV_SUIV,,,False,,False,,,,,False,False,False,False,False
22-8549,22_001M,,False,False,,,,,,CF_NIV_SUIV,CF_NIV_SUIV,,,False,,False,,,,,False,False,False,False,False
22-8558,2022-FCS-0005,,False,False,,,,,,CF_NIV_SUIV,CF_NIV_SUIV,,,False,,False,,,,,False,False,False,False,False
22-8597,22-0200-ENV,,False,False,,,,,,CF_NIV_SUIV,CF_NIV_SUIV,,,False,,False,,,,,False,False,False,False,False
22-8611,MG/NB/22-321,,False,False,,,,,,CF_NIV_SUIV,CF_NIV_SUIV,,,False,,False,,,,,False,False,False,False,False
22-8615,2021SEC008,,False,False,,,,,,CF_NIV_SUIV,CF_NIV_SUIV,,,False,,False,,,,,False,False,False,False,False
22-8621,F01/2022L00,,False,False,,,,,,CF_NIV_SUIV,CF_NIV_SUIV,,,False,,False,,,,,False,False,False,False,False
22-8649,21V082,,False,False,,,,,,CF_NIV_SUIV,CF_NIV_SUIV,,,False,,False,,,,,False,False,False,False,False
22-8668,21.064,,False,False,,,Les conditions de remise des offres sont indiquées au règlement de consultation. Les offres doivent être remises : - par la voie électronique via le site internet www.marches-securises.fr,Le dossier sera remis gratuitement à chaque candidat.Il peut être obtenu :- par la voie électronique via le site internet www.marches-securises.fr,,CF_NIV_SUIV,CF_NIV_SUIV,,,False,,False,,,,,False,False,False,False,False
22-8684,2022-3,,False,False,,,,,,CF_NIV_SUIV,CF_NIV_SUIV,,,False,,False,,,,,False,False,False,False,False
22-8686,2202_UBFC_Robots,,False,False,,,,,,CF_NIV_SUIV,CF_NIV_SUIV,,,False,,False,,,,,False,False,False,False,False
22-8705,2022S01,,False,False,,,,,,CF_NIV_SUIV,CF_NIV_SUIV,,,False,,False,,,,,False,False,False,False,False
22-8706,2022-MOE-0001,,False,False,,,,,,CF_NIV_SUIV,CF_NIV_SUIV,,,False,,False,,,,,False,False,False,False,False
22-8710,21835042_MAPA,,False,False,,,,,,CF_NIV_SUIV,CF_NIV_SUIV,,,False,,False,,,,,False,False,False,False,False
22-8712,22AP001,,False,False,,,,,,CF_NIV_SUIV,CF_NIV_SUIV,,,False,,False,,,,,False,False,False,False,False
22-8714,22DSI01,,False,False,,,,,,CF_NIV_SUIV,CF_NIV_SUIV,,,False,,False,,,,,False,False,False,False,False
22-8727,2022-M0060000-00,,False,False,,,"La transmission des documents par voie électronique est obligatoirement effectuée sur le profil d'acheteur du pouvoir adjudicateur, à l'adresse URL suivante : http://agglo-limoges.e-marchespublics.com. L'attention des candidats est attirée sur le fait qu'à l'exception des dispositions relatives à la copie de sauvegarde ci-après, la transmission des documents sur un support physique électronique (CD-ROM, clé USB...) n'est pas autorisée. Il est rappelé, que les candidats doivent télécharger un dossier de consultation et répondre par voie électronique pour les marchés dont les liens ' Dossier ' et ' Dépôt ' sont accessibles.",Le dossier de consultation est téléchargeable gratuitement à l'adresse suivante : https://agglo-limoges.e-marchespublics.com Toute question d'ordre administratif outechnique doit obligatoirement être posée à l'adresse suivante : https://agglo-limoges.e-marchespublics.com,,CF_NIV_SUIV,CF_NIV_SUIV,,,False,,False,,,,,False,False,False,False,False
22-8746,2022/01,,False,False,,,,,,CF_NIV_SUIV,CF_NIV_SUIV,,,False,,False,,,,,False,False,False,False,False
22-8753,2022-modifPLU,,False,False,,,,,,CF_NIV_SUIV,CF_NIV_SUIV,,,False,,False,,,,,False,False,False,False,False
22-8778,22A701,,False,False,,,,,,CF_NIV_SUIV,CF_NIV_SUIV,,,False,,False,,,,,False,False,False,False,False
22-8847,M22.002,,False,False,,,Conditions de remise des candidaturesLa transmission des candidatures se fait obligatoirement par voie électronique via le profil d'acheteur : https://marches-securises.fr.Un mode d'emploi est disponible sur le site. Les frais d'accès au réseau sont à la charge des candidats.La remise des candidatures contre récépissé n'est pas autorisée.La présentation d'une candidature sous forme d'un support physique électronique n'est pas autorisée.L'envoi des candidatures par voie postale n'est pas autorisé.,,,CF_NIV_SUIV,CF_NIV_SUIV,,,False,,False,,,,,False,False,False,False,False
22-886,2200001,,False,False,,,,,,CF_NIV_SUIV,CF_NIV_SUIV,,,False,,False,,,,,False,False,False,False,False
22-8864,MAPA 2022.003,,False,False,,,,,,CF_NIV_SUIV,CF_NIV_SUIV,,,False,,False,,,,,False,False,False,False,False
22-8884,2021-122 DT,,False,False,,,Les dossiers doivent être remis sur notre site https://achats.nice.aeroport.fr/ après inscription gratuite.Dématérialisation des procédures : la transmission des candidatures par voie électronique est obligatoire.,Les dossiers doivent être retirés sur notre site https://achats.nice.aeroport.fr/ après inscription gratuite.,,CF_NIV_SUIV,CF_NIV_SUIV,,,False,,False,,,,,False,False,False,False,False
22-8901,2021-090 MG2I,,False,False,,,"Retrait du dossier : Les dossiers doivent être retirés sur notre plateforme AIR ACHATS après inscription gratuite sur https://achats.nice.aeroport.fr/Lieu de dépôt des propositions:Les dossiers doivent être déposés sur notre plateforme AIR ACHATS après inscription gratuite sur https://achats.nice.aeroport.fr/Dématérialisation des procédures : la transmission des offres par voie électronique est obligatoire.ATTENTION: Conformément à l'article R2132-7 du code de la commande publique, la proposition doit obligatoirement être déposée de manière dématérialisée sur notre plateforme AIR ACHATS.Vous pouvez disposer gratuitement d'un compte sur la plateforme AIR ACHATS: https://achats.nice.aeroport.fr/Copie de sauvegarde (non obligatoire)Une copie de sauvegarde peut être envoyée conformément aux dispositions de l'article R2131-11 du code susvisé.La copie de sauvegarde doit être placée dans un pli scellé comportant la mention lisible : "" copie de sauvegarde "", le numéro et l'intitulé de la consultation et le nom du candidat auxquels elle se rapporte.Cette copie doit être transmise dans les délais impartis pour la remise des candidatures ou des offres : -Soit déposée contre remise de récépissé à AEROPORTS DE LA COTE D'AZUR - Département Achats - Bâtiment B1 - 6ème étage- Accès par la rue Coste Bellonte - AEROPORT NICE COTE D'AZUR (Réception du lundi au vendredi de 9h00 à 12h00)-Soit adressée par voie postale : AEROPORTS DE LA COTE D'AZUR - Bâtiment B1 - 6ème étage- Rue Coste Bellonte B.P 3331 - 06206 Nice Cedex 3.PRESENTATION DES PROPOSITIONS :Les dossiers devront parvenir au plus tard à la date limite indiquée ci-dessous, et selon les modalités indiquées au règlement de la consultation.Les dossiers seront impérativement rédigés en langue française.Ils comprendront toutes les pièces indiquées au règlement de la consultation.",Les dossiers doivent être retirés sur notre plateforme AIR ACHATS après inscription gratuite sur https://achats.nice.aeroport.fr/,,CF_NIV_SUIV,CF_NIV_SUIV,,,False,,False,,,,,False,False,False,False,False
22-8916,,,False,False,,,"Les offres seront remises par voie dématérialisées UNIQUEMENT et devront être déposées, selon les modalités définies au règlement de consultation, à l'adresse suivante : http://provence-alpes-agglo.sudest-marchespublics.com",Le Dossier de Consultation des Entreprises (D.C.E.) est à retirer gratuitement et UNIQUEMENT par voie électronique sur la plate-forme de dématérialisation de la collectivité à l'adresse suivante : http://provence-alpes-agglo.sudest-marchespublics.com,,CF_NIV_SUIV,CF_NIV_SUIV,,,False,,False,,,,,False,False,False,False,False
22-8951,2021-105PA,,False,False,,,,,,CF_NIV_SUIV,CF_NIV_SUIV,,,False,,False,,,,,False,False,False,False,False
22-8954,202112221051,,False,False,,,,,,CF_NIV_SUIV,CF_NIV_SUIV,,,False,,False,,,,,False,False,False,False,False
22-8964,2022SERV002BRO,,False,False,,,Les candidats transmettent leur pli dématérialisé via le site https://www.marches-publics.gouv.fr,"Le DCE est téléchargeable à l'adresse suivante https://www.marches-publics.gouv.fr sans identification préalable ni inscription.Toutefois, les soumissionnaires sont invités à s'inscrire en fournissant le nom de l'organisme, le nom de la personne physique téléchargeant les documents et une adresse permettant de façon certaine une correspondance électronique.En effet, l'Université Gustave Eiffel entend utiliser la plateforme de dématérialisation pour informer les candidats d'éventuels compléments ou modifications du DCE, ainsi que pour répondre aux questions qui lui seront posées.Un candidat qui aurait téléchargé le DCE sans s'identifier ne pourra être tenu informé de ces compléments ou modifications. Il ne pourra élever aucune réclamation de ce fait, quand bien même son offre viendrait à être rejetée du fait d'une non-conformité.",,CF_NIV_SUIV,CF_NIV_SUIV,,,False,,False,,,,,False,False,False,False,False
22-8981,M21T20037,,False,False,,,,,,CF_NIV_SUIV,CF_NIV_SUIV,,,False,,False,,,,,False,False,False,False,False
22-9019,2021/036,,False,False,,,,,,CF_NIV_SUIV,CF_NIV_SUIV,,,False,,False,,,,,False,False,False,False,False
22-9028,MOE5452APE,,False,False,,,Les plis doivent être déposés par voie électronique sur le profil acheteur à l'adresse suivante : https://www.marches-securises.frLes plis remis par tout autre moyen seront éliminés.,"Le dossier de consultation est disponible par voie électronique, à l'adresse suivante : https://www.marches-securises.fr",,CF_NIV_SUIV,CF_NIV_SUIV,,,False,,False,,,,,False,False,False,False,False
22-9034,2022-862.5.22-FT,,False,False,,,,,,CF_NIV_SUIV,CF_NIV_SUIV,,,False,,False,,,,,False,False,False,False,False
22-9042,PA-2021-26,,False,False,,,,,,CF_NIV_SUIV,CF_NIV_SUIV,,,False,,False,,,,,False,False,False,False,False
22-9087,02-22,,False,False,,,,,,CF_NIV_SUIV,CF_NIV_SUIV,,,False,,False,,,,,False,False,False,False,False
22-9088,DTE-DTE2022-020,,False,False,,,,,,CF_NIV_SUIV,CF_NIV_SUIV,,,False,,False,,,,,False,False,False,False,False
22-912,Papier 2022,,False,False,,,,,,CF_NIV_SUIV,CF_NIV_SUIV,,,False,,False,,,,,False,False,False,False,False
22-9160,N° du marché M21B0089900,,False,False,,,,,,CF_NIV_SUIV,CF_NIV_SUIV,,,False,,False,,,,,False,False,False,False,False
22-9168,2020TSERV00300,,False,False,,,,,,CF_NIV_SUIV,CF_NIV_SUIV,,,False,,False,,,,,False,False,False,False,False
22-9182,22-CRF-0001,,False,False,,,,Le dossier de consultation est uniquement disponible sur le profil acheteur : https://www.marches-demat.com,,CF_NIV_SUIV,CF_NIV_SUIV,,,False,,False,,,,,False,False,False,False,False
22-9220,202202,,False,False,,,,,,CF_NIV_SUIV,CF_NIV_SUIV,,,False,,False,,,,,False,False,False,False,False
22-9223,9085 Extension CDG84,,False,False,,,"le DCE est mis en ligne sur le site www.achatpublic.com et les offres seront à remettre sous forme dématérialisée sur le même site.Adresse auprès de laquelle des renseignements d'ordre administratif et technique peuvent être obtenus : CITADIS Correspondant : Mme Julie ERCOLANI, assistante projet, via le site achatpublic.",,,CF_NIV_SUIV,CF_NIV_SUIV,,,False,,False,,,,,False,False,False,False,False
22-9224,2022-01,,False,False,,,Se référer au Règlement de la Consultation,Se référer au Règlement de la Consultation,,CF_NIV_SUIV,CF_NIV_SUIV,,,False,,False,,,,,False,False,False,False,False
22-9233,,,False,False,,,"Joindre : Descriptif sommaire de l'entreprise et de son activité - Extrait Kbis - Organigramme financier du groupe - Références professionnelles en milieu aéroportuaire - Etats financiers consolidés et états financiers sociaux de la société candidate certifiés par les commissaires aux comptes pour les trois derniers exercices - Expérience en milieu aéroportuaire ou en centres commerciaux et lieux de transport. Les candidats retenus recevront ensuite un dossier de consultation complet, moyennant un engagement signé de confidentialité.Contact : Angélique VERNOST - Service Marketing des Activités Commerciales et culturelles - Tél : 05 34 61 80 13a.vernost@toulouse.aeroport.fr",,,CF_NIV_SUIV,CF_NIV_SUIV,,,False,,False,,,,,False,False,False,False,False
22-9236,SGX-2022-3,,False,False,,,https://artefrance.e-marchespublics.com,,,CF_NIV_SUIV,CF_NIV_SUIV,,,False,,False,,,,,False,False,False,False,False
22-9249,202201CAC,,False,False,,,,,,CF_NIV_SUIV,CF_NIV_SUIV,,,False,,False,,,,,False,False,False,False,False
22-9252,MAPA N° 22FO002,,False,False,,,"Les documents relatifs à la candidature et les actes d'engagement transmis par voie électronique seront signés par le candidat selon les modalités prévues par arrêté du ministre chargé de l'économie.La présentation sur un support physique électronique n'est pas autorisée.La remise des candidatures contre récépissé n'est pas autorisée.L'envoi des candidatures par voie postale n'est pas autorisé.Conditions d'envoi de la copie de sauvegarde : Cette copie est transmise sous pli par voie postale ou par dépôt chez l'acheteur dans les délais impartis pour la remise des candidatures ou des offres. Ce pli, fermé, doit mentionner "" copie de sauvegarde "" de manière claire et lisible, porter également le nom de l'opérateur économique candidat, l'identification de la procédure et l'éventuel lot concerné. La copie de sauvegarde ne peut être commune à l'ensemble des lots pour lesquels candidate éventuellement l'opérateur économique",,,CF_NIV_SUIV,CF_NIV_SUIV,,,False,,False,,,,,False,False,False,False,False
22-9255,,,False,False,,,"Joindre : Descriptif sommaire de l'entreprise et de son activité - Extrait Kbis - Organigramme financier du groupe - Références professionnelles en milieu aéroportuaire - Etats financiers consolidés et états financiers sociaux de la société candidate certifiés par les commissaires aux comptes pour les trois derniers exercices - Expérience en milieu aéroportuaire ou en centres commerciaux et lieux de transport. Les candidats retenus recevront ensuite un dossier de consultation complet, moyennant un engagement signé de confidentialité.",,,CF_NIV_SUIV,CF_NIV_SUIV,,,False,,False,,,,,False,False,False,False,False
22-9257,2022001TVX,,False,False,,,,,,CF_NIV_SUIV,CF_NIV_SUIV,,,False,,False,,,,,False,False,False,False,False
22-9258,2022-01,,False,False,,,,,,CF_NIV_SUIV,CF_NIV_SUIV,,,False,,False,,,,,False,False,False,False,False
22-9308,,,False,False,,,dépôt sur la plateforme : https://marchespublics.adm76.com,,,CF_NIV_SUIV,CF_NIV_SUIV,,,False,,False,,,,,False,False,False,False,False
22-9313,2022CDG3-111,,False,False,,,"Les candidats ont l'obligation de déposer leur candidature et leur offre en ligne par voie électronique sur le profil d'acheteur du pouvoir adjudicateur, à l'adressesuivante : https://marchespublics.cdg43.fr",Le dossier de consultation des entreprises est accessible par voie électronique sur le profil acheteur (URL) suivant : https://marchespublics.cdg43.fr,,CF_NIV_SUIV,CF_NIV_SUIV,,,False,,False,,,,,False,False,False,False,False
22-9341,,,False,False,,,,"La transmission des documents par voie électronique est effectuée sur le profil d'acheteur du pouvoir adjudicateur, à l'adresse URL suivante :http://cg87.emarchespublics.com. Aucune demande d'envoi du dossier sur support physique électronique n'est autorisée.",,CF_NIV_SUIV,CF_NIV_SUIV,,,False,,False,,,,,False,False,False,False,False
22-9379,22C5201,,False,False,,,,,,CF_NIV_SUIV,CF_NIV_SUIV,,,False,,False,,,,,False,False,False,False,False
22-9395,CCAS-de-Frejus_83_20220117W2_01,,False,False,,,,,,CF_NIV_SUIV,CF_NIV_SUIV,,,False,,False,,,,,False,False,False,False,False
22-9407,2022,,False,False,,,,,,CF_NIV_SUIV,CF_NIV_SUIV,,,False,,False,,,,,False,False,False,False,False
22-9415,STB0122,,False,False,,,,,,CF_NIV_SUIV,CF_NIV_SUIV,,,False,,False,,,,,False,False,False,False,False
22-9421,44NA-21D04288-tx,,False,False,,,,,,CF_NIV_SUIV,CF_NIV_SUIV,,,False,,False,,,,,False,False,False,False,False
22-9436,cd07drm2022.01,,False,False,,,,,,CF_NIV_SUIV,CF_NIV_SUIV,,,False,,False,,,,,False,False,False,False,False
22-9443,22MFCS01,,False,False,,,,,,CF_NIV_SUIV,CF_NIV_SUIV,,,False,,False,,,,,False,False,False,False,False
22-9445,21V028,,False,False,,,Sur www.c-chartres-marches.fr,,,CF_NIV_SUIV,CF_NIV_SUIV,,,False,,False,,,,,False,False,False,False,False
22-9447,C2022-01,,False,False,,,,,,CF_NIV_SUIV,CF_NIV_SUIV,,,False,,False,,,,,False,False,False,False,False
22-9487,B200sondagespollution,,False,False,,,"Les candidats auront la possibilité de télécharger les documents dématérialisés du dossier de consultation desentreprises, documents et renseignements complémentaires ainsi que l'avis d'appel public à la concurrence via le siteinternet https://marches.megalis.bretagne.bzh",,,CF_NIV_SUIV,CF_NIV_SUIV,,,False,,False,,,,,False,False,False,False,False
22-9496,2022_AP_001,,False,False,,,,,,CF_NIV_SUIV,CF_NIV_SUIV,,,False,,False,,,,,False,False,False,False,False
22-9522,2021-ETU-DHIE-0875,,False,False,,,,,,CF_NIV_SUIV,CF_NIV_SUIV,,,False,,False,,,,,False,False,False,False,False
22-9560,2022-10,,False,False,,,,,,CF_NIV_SUIV,CF_NIV_SUIV,,,False,,False,,,,,False,False,False,False,False
22-9575,2021-046,,False,False,,,,,,CF_NIV_SUIV,CF_NIV_SUIV,,,False,,False,,,,,False,False,False,False,False
22-9644,2022 CTRL-AIR,,False,False,,,,,,CF_NIV_SUIV,CF_NIV_SUIV,,,False,,False,,,,,False,False,False,False,False
22-9645,MOE2022-01-02,,False,False,,,,,,CF_NIV_SUIV,CF_NIV_SUIV,,,False,,False,,,,,False,False,False,False,False
22-9681,9521089ST22-002,,False,False,,,,,,CF_NIV_SUIV,CF_NIV_SUIV,,,False,,False,,,,,False,False,False,False,False
22-9708,21S141 et 21S142,,False,False,,,,,,CF_NIV_SUIV,CF_NIV_SUIV,,,False,,False,,,,,False,False,False,False,False
22-9715,2022009PM,,False,False,,,,,,CF_NIV_SUIV,CF_NIV_SUIV,,,False,,False,,,,,False,False,False,False,False
22-9720,22-AF001,,False,False,,,,,,CF_NIV_SUIV,CF_NIV_SUIV,,,False,,False,,,,,False,False,False,False,False
22-975,21.09AD,,False,False,,,,,,CF_NIV_SUIV,CF_NIV_SUIV,,,False,,False,,,,,False,False,False,False,False
22-9789,001-2022,,False,False,,,par courrier ou dépôts à l'EHPAD,adresser un mail à finances@collinesbleues.fr,,CF_NIV_SUIV,CF_NIV_SUIV,,,False,,False,,,,,False,False,False,False,False
22-9801,21008STS,,False,False,,,,,,CF_NIV_SUIV,CF_NIV_SUIV,,,False,,False,,,,,False,False,False,False,False
22-9806,22BTA0200,,False,False,,,,,,CF_NIV_SUIV,CF_NIV_SUIV,,,False,,False,,,,,False,False,False,False,False
22-9808,2022-004-SG-G43,,False,False,,,,,,CF_NIV_SUIV,CF_NIV_SUIV,,,False,,False,,,,,False,False,False,False,False
22-9810,21APIC05,,False,False,,,,,,CF_NIV_SUIV,CF_NIV_SUIV,,,False,,False,,,,,False,False,False,False,False
22-9813,AC/PA/0889/2022,,False,False,,,,,,CF_NIV_SUIV,CF_NIV_SUIV,,,False,,False,,,,,False,False,False,False,False
22-9823,2021/1/3/60,,False,False,,,,,,CF_NIV_SUIV,CF_NIV_SUIV,,,False,,False,,,,,False,False,False,False,False
22-9831,2022STB006,,False,False,,,La transmission des documents par voie électronique ne peut être réalisée qu'à l'adresse suivante : http://marches-securises.fr,La transmission des demandes de paiement s'effectuera sur le portail public de facturation Chorus Pro.,,CF_NIV_SUIV,CF_NIV_SUIV,,,False,,False,,,,,False,False,False,False,False
22-9885,22S0013,,False,False,,,,,,CF_NIV_SUIV,CF_NIV_SUIV,,,False,,False,,,,,False,False,False,False,False
22-9939,202202,,False,False,,,,,,CF_NIV_SUIV,CF_NIV_SUIV,,,False,,False,,,,,False,False,False,False,False
22-9966,00063B2022 013,,False,False,,,,,,CF_NIV_SUIV,CF_NIV_SUIV,,,False,,False,,,,,False,False,False,False,False
