BOAMP_AVIS_NUM,G_01_01_Reference_Idweb,G_01_02_Reference_Typeavis,G_01_02_01_Reference_Typeavis_Famille,G_01_02_01_01_Reference_Typeavis_Famille_Mapa,G_01_02_01_02_Reference_Typeavis_Famille_Fns,G_01_02_01_03_Reference_Typeavis_Famille_Joue,G_01_02_01_04_Reference_Typeavis_Famille_Dsp,G_01_02_01_05_Reference_Typeavis_Famille_Divers,G_01_02_02_Reference_Typeavis_Perimetre,G_01_02_02_01_Reference_Typeavis_Perimetre_Cmp2006,G_01_02_02_02_Reference_Typeavis_Perimetre_Cmp2006DEFENSE,G_01_02_02_03_Reference_Typeavis_Perimetre_Directive18,G_01_02_02_04_Reference_Typeavis_Perimetre_Directive17,G_01_02_02_05_Reference_Typeavis_Perimetre_Directive81,G_01_02_02_06_Reference_Typeavis_Perimetre_Directive23,G_01_02_02_07_Reference_Typeavis_Perimetre_Directive24,G_01_02_02_08_Reference_Typeavis_Perimetre_Directive25,G_01_02_02_09_Reference_Typeavis_Perimetre_Dsp,G_01_02_02_10_Reference_Typeavis_Perimetre_Autre,G_01_02_03_Reference_Typeavis_Nature,G_01_02_03_01_Reference_Typeavis_Nature_Preinformation,G_01_02_03_01_01_Reference_Typeavis_Nature_Preinformation_Standard,G_01_02_03_01_02_Reference_Typeavis_Nature_Preinformation_Periodique,G_01_02_03_01_03_Reference_Typeavis_Nature_Preinformation_Qualification,G_01_02_03_01_04_Reference_Typeavis_Nature_Preinformation_Concession,G_01_02_03_01_05_Reference_Typeavis_Nature_Preinformation_Reductiondelai,G_01_02_03_01_06_Reference_Typeavis_Nature_Preinformation_Miseenconcurrence,G_01_02_03_01_07_Reference_Typeavis_Nature_Preinformation_Profilacheteur,G_01_02_03_02_Reference_Typeavis_Nature_Profilacheteur,G_01_02_03_03_Reference_Typeavis_Nature_Appeloffre,G_01_02_03_03_01_Reference_Typeavis_Nature_Appeloffre_Standard,G_01_02_03_03_02_Reference_Typeavis_Nature_Appeloffre_Concours,G_01_02_03_03_03_Reference_Typeavis_Nature_Appeloffre_Periodique,G_01_02_03_03_04_Reference_Typeavis_Nature_Appeloffre_Qualification,G_01_02_03_03_05_Reference_Typeavis_Nature_Appeloffre_Sad,G_01_02_03_03_06_Reference_Typeavis_Nature_Appeloffre_Concession,G_01_02_03_03_07_Reference_Typeavis_Nature_Appeloffre_Concessionnaire,G_01_02_03_04_Reference_Typeavis_Nature_Intentionconclure,G_01_02_03_05_Reference_Typeavis_Nature_Attribution,G_01_02_03_05_01_Reference_Typeavis_Nature_Attribution_Standard,G_01_02_03_05_02_Reference_Typeavis_Nature_Attribution_Concours,G_01_02_03_05_03_Reference_Typeavis_Nature_Attribution_Concession,G_01_02_03_05_04_Reference_Typeavis_Nature_Attribution_Standardinfructueuxsanssuite,G_01_02_03_06_Reference_Typeavis_Nature_Soustraitance,G_01_02_03_07_Reference_Typeavis_Nature_Modification,G_01_02_03_08_Reference_Typeavis_Nature_Qualification,G_01_02_03_09_Reference_Typeavis_Nature_Rectificatif,G_01_02_03_10_Reference_Typeavis_Nature_Periodique,G_01_02_03_10_01_Reference_Typeavis_Nature_Periodique_Standard,G_01_02_03_10_02_Reference_Typeavis_Nature_Periodique_Reductiondelai,G_01_02_03_10_03_Reference_Typeavis_Nature_Periodique_Miseenconcurrence,G_01_02_03_10_04_Reference_Typeavis_Nature_Periodique_Profilacheteur,G_01_02_03_11_Reference_Typeavis_Nature_Autre,G_01_02_04_Reference_Typeavis_Statut,G_01_02_04_01_Reference_Typeavis_Statut_Initial,G_01_02_04_02_Reference_Typeavis_Statut_Rectificatif,G_01_02_04_03_Reference_Typeavis_Statut_Annulation,G_01_02_04_04_Reference_Typeavis_Statut_Modification
22-16699,22-16699,CF_NIV_SUIV,CF_NIV_SUIV,True,False,False,False,False,CF_NIV_SUIV,True,False,False,False,False,False,False,False,False,None,CF_NIV_SUIV,CF_NIV_SUIV,False,,,False,False,False,,,CF_NIV_SUIV,False,False,,,,False,,False,CF_NIV_SUIV,False,False,False,,,False,,False,CF_NIV_SUIV,False,,False,,,CF_NIV_SUIV,True,False,False,False
22-16701,22-16701,CF_NIV_SUIV,CF_NIV_SUIV,False,True,False,False,False,CF_NIV_SUIV,True,False,False,False,False,False,False,False,False,None,CF_NIV_SUIV,CF_NIV_SUIV,False,,,False,False,False,,,CF_NIV_SUIV,False,False,,,,False,,False,CF_NIV_SUIV,False,False,False,,,False,,False,CF_NIV_SUIV,False,,False,,,CF_NIV_SUIV,True,False,False,False
22-16706,22-16706,CF_NIV_SUIV,CF_NIV_SUIV,True,False,False,False,False,CF_NIV_SUIV,True,False,False,False,False,False,False,False,False,None,CF_NIV_SUIV,CF_NIV_SUIV,False,,,False,False,False,,,CF_NIV_SUIV,False,False,,,,False,,False,CF_NIV_SUIV,False,False,False,,,False,,False,CF_NIV_SUIV,False,,False,,,CF_NIV_SUIV,True,False,False,False
22-16707,22-16707,CF_NIV_SUIV,CF_NIV_SUIV,False,True,False,False,False,CF_NIV_SUIV,True,False,False,False,False,False,False,False,False,None,CF_NIV_SUIV,CF_NIV_SUIV,False,,,False,False,False,,,CF_NIV_SUIV,False,False,,,,False,,False,CF_NIV_SUIV,False,False,False,,,False,,False,CF_NIV_SUIV,False,,False,,,CF_NIV_SUIV,True,False,False,False
22-16732,22-16732,CF_NIV_SUIV,CF_NIV_SUIV,False,True,False,False,False,CF_NIV_SUIV,True,False,False,False,False,False,False,False,False,None,CF_NIV_SUIV,CF_NIV_SUIV,False,,,False,False,False,,,CF_NIV_SUIV,False,False,,,,False,,False,CF_NIV_SUIV,False,False,False,,,False,,False,CF_NIV_SUIV,False,,False,,,CF_NIV_SUIV,True,False,False,False
22-16733,22-16733,CF_NIV_SUIV,CF_NIV_SUIV,False,True,False,False,False,CF_NIV_SUIV,False,True,False,False,False,False,False,False,False,None,CF_NIV_SUIV,CF_NIV_SUIV,False,,,False,False,False,,,CF_NIV_SUIV,False,False,,,,False,,False,CF_NIV_SUIV,False,False,False,,,False,,False,CF_NIV_SUIV,False,,False,,,CF_NIV_SUIV,False,True,False,False
22-16737,22-16737,CF_NIV_SUIV,CF_NIV_SUIV,False,True,False,False,False,CF_NIV_SUIV,True,False,False,False,False,False,False,False,False,None,CF_NIV_SUIV,CF_NIV_SUIV,False,,,False,False,False,,,CF_NIV_SUIV,False,False,,,,False,,False,CF_NIV_SUIV,False,False,False,,,False,,False,CF_NIV_SUIV,False,,False,,,CF_NIV_SUIV,True,False,False,False
22-16743,22-16743,CF_NIV_SUIV,CF_NIV_SUIV,False,True,False,False,False,CF_NIV_SUIV,True,False,False,False,False,False,False,False,False,None,CF_NIV_SUIV,CF_NIV_SUIV,False,,,False,False,False,,,CF_NIV_SUIV,False,False,,,,False,,False,CF_NIV_SUIV,False,False,False,,,False,,False,CF_NIV_SUIV,False,,False,,,CF_NIV_SUIV,False,True,False,False
22-16753,22-16753,CF_NIV_SUIV,CF_NIV_SUIV,True,False,False,False,False,CF_NIV_SUIV,True,False,False,False,False,False,False,False,False,None,CF_NIV_SUIV,CF_NIV_SUIV,False,,,False,False,False,,,CF_NIV_SUIV,False,False,,,,False,,False,CF_NIV_SUIV,False,False,False,,,False,,False,CF_NIV_SUIV,False,,False,,,CF_NIV_SUIV,True,False,False,False
22-16763,22-16763,CF_NIV_SUIV,CF_NIV_SUIV,True,False,False,False,False,CF_NIV_SUIV,True,False,False,False,False,False,False,False,False,None,CF_NIV_SUIV,CF_NIV_SUIV,False,,,False,False,False,,,CF_NIV_SUIV,False,False,,,,False,,False,CF_NIV_SUIV,False,False,False,,,False,,False,CF_NIV_SUIV,False,,False,,,CF_NIV_SUIV,True,False,False,False
22-16767,22-16767,CF_NIV_SUIV,CF_NIV_SUIV,True,False,False,False,False,CF_NIV_SUIV,True,False,False,False,False,False,False,False,False,None,CF_NIV_SUIV,CF_NIV_SUIV,False,,,False,False,False,,,CF_NIV_SUIV,False,False,,,,False,,False,CF_NIV_SUIV,False,False,False,,,False,,False,CF_NIV_SUIV,False,,False,,,CF_NIV_SUIV,True,False,False,False
22-16774,22-16774,CF_NIV_SUIV,CF_NIV_SUIV,True,False,False,False,False,CF_NIV_SUIV,True,False,False,False,False,False,False,False,False,None,CF_NIV_SUIV,CF_NIV_SUIV,False,,,False,False,False,,,CF_NIV_SUIV,False,False,,,,False,,False,CF_NIV_SUIV,False,False,False,,,False,,False,CF_NIV_SUIV,False,,False,,,CF_NIV_SUIV,True,False,False,False
22-16779,22-16779,CF_NIV_SUIV,CF_NIV_SUIV,True,False,False,False,False,CF_NIV_SUIV,True,False,False,False,False,False,False,False,False,None,CF_NIV_SUIV,CF_NIV_SUIV,False,,,False,False,False,,,CF_NIV_SUIV,False,False,,,,False,,False,CF_NIV_SUIV,False,False,False,,,False,,False,CF_NIV_SUIV,False,,False,,,CF_NIV_SUIV,True,False,False,False
22-16784,22-16784,CF_NIV_SUIV,CF_NIV_SUIV,False,True,False,False,False,CF_NIV_SUIV,True,False,False,False,False,False,False,False,False,None,CF_NIV_SUIV,CF_NIV_SUIV,False,,,False,False,False,,,CF_NIV_SUIV,False,False,,,,False,,False,CF_NIV_SUIV,False,False,False,,,False,,False,CF_NIV_SUIV,False,,False,,,CF_NIV_SUIV,True,False,False,False
22-16786,22-16786,CF_NIV_SUIV,CF_NIV_SUIV,True,False,False,False,False,CF_NIV_SUIV,True,False,False,False,False,False,False,False,False,None,CF_NIV_SUIV,CF_NIV_SUIV,False,,,False,False,False,,,CF_NIV_SUIV,False,False,,,,False,,False,CF_NIV_SUIV,False,False,False,,,False,,False,CF_NIV_SUIV,False,,False,,,CF_NIV_SUIV,True,False,False,False
22-16791,22-16791,CF_NIV_SUIV,CF_NIV_SUIV,True,False,False,False,False,CF_NIV_SUIV,True,False,False,False,False,False,False,False,False,None,CF_NIV_SUIV,CF_NIV_SUIV,False,,,False,False,False,,,CF_NIV_SUIV,False,False,,,,False,,False,CF_NIV_SUIV,False,False,False,,,False,,False,CF_NIV_SUIV,False,,False,,,CF_NIV_SUIV,True,False,False,False
22-16797,22-16797,CF_NIV_SUIV,CF_NIV_SUIV,False,True,False,False,False,CF_NIV_SUIV,True,False,False,False,False,False,False,False,False,None,CF_NIV_SUIV,CF_NIV_SUIV,False,,,False,False,False,,,CF_NIV_SUIV,False,False,,,,False,,False,CF_NIV_SUIV,False,False,False,,,False,,False,CF_NIV_SUIV,False,,False,,,CF_NIV_SUIV,False,True,False,False
22-16798,22-16798,CF_NIV_SUIV,CF_NIV_SUIV,True,False,False,False,False,CF_NIV_SUIV,True,False,False,False,False,False,False,False,False,None,CF_NIV_SUIV,CF_NIV_SUIV,False,,,False,False,False,,,CF_NIV_SUIV,False,False,,,,False,,False,CF_NIV_SUIV,False,False,False,,,False,,False,CF_NIV_SUIV,False,,False,,,CF_NIV_SUIV,False,True,False,False
22-16810,22-16810,CF_NIV_SUIV,CF_NIV_SUIV,True,False,False,False,False,CF_NIV_SUIV,True,False,False,False,False,False,False,False,False,None,CF_NIV_SUIV,CF_NIV_SUIV,False,,,False,False,False,,,CF_NIV_SUIV,False,False,,,,False,,False,CF_NIV_SUIV,False,False,False,,,False,,False,CF_NIV_SUIV,False,,False,,,CF_NIV_SUIV,True,False,False,False
22-16819,22-16819,CF_NIV_SUIV,CF_NIV_SUIV,True,False,False,False,False,CF_NIV_SUIV,True,False,False,False,False,False,False,False,False,None,CF_NIV_SUIV,CF_NIV_SUIV,False,,,False,False,False,,,CF_NIV_SUIV,False,False,,,,False,,False,CF_NIV_SUIV,False,False,False,,,False,,False,CF_NIV_SUIV,False,,False,,,CF_NIV_SUIV,True,False,False,False
22-16821,22-16821,CF_NIV_SUIV,CF_NIV_SUIV,True,False,False,False,False,CF_NIV_SUIV,True,False,False,False,False,False,False,False,False,None,CF_NIV_SUIV,CF_NIV_SUIV,False,,,False,False,False,,,CF_NIV_SUIV,False,False,,,,False,,False,CF_NIV_SUIV,False,False,False,,,False,,False,CF_NIV_SUIV,False,,False,,,CF_NIV_SUIV,True,False,False,False
22-16836,22-16836,CF_NIV_SUIV,CF_NIV_SUIV,False,True,False,False,False,CF_NIV_SUIV,True,False,False,False,False,False,False,False,False,None,CF_NIV_SUIV,CF_NIV_SUIV,False,,,False,False,False,,,CF_NIV_SUIV,False,False,,,,False,,False,CF_NIV_SUIV,False,False,False,,,False,,False,CF_NIV_SUIV,False,,False,,,CF_NIV_SUIV,True,False,False,False
22-16839,22-16839,CF_NIV_SUIV,CF_NIV_SUIV,False,True,False,False,False,CF_NIV_SUIV,True,False,False,False,False,False,False,False,False,None,CF_NIV_SUIV,CF_NIV_SUIV,False,,,False,False,False,,,CF_NIV_SUIV,False,False,,,,False,,False,CF_NIV_SUIV,False,False,False,,,False,,False,CF_NIV_SUIV,False,,False,,,CF_NIV_SUIV,False,True,False,False
22-16854,22-16854,CF_NIV_SUIV,CF_NIV_SUIV,False,True,False,False,False,CF_NIV_SUIV,True,False,False,False,False,False,False,False,False,None,CF_NIV_SUIV,CF_NIV_SUIV,False,,,False,False,False,,,CF_NIV_SUIV,False,False,,,,False,,False,CF_NIV_SUIV,False,False,False,,,False,,False,CF_NIV_SUIV,False,,False,,,CF_NIV_SUIV,True,False,False,False
22-16856,22-16856,CF_NIV_SUIV,CF_NIV_SUIV,True,False,False,False,False,CF_NIV_SUIV,True,False,False,False,False,False,False,False,False,None,CF_NIV_SUIV,CF_NIV_SUIV,False,,,False,False,False,,,CF_NIV_SUIV,False,False,,,,False,,False,CF_NIV_SUIV,False,False,False,,,False,,False,CF_NIV_SUIV,False,,False,,,CF_NIV_SUIV,True,False,False,False
22-16864,22-16864,CF_NIV_SUIV,CF_NIV_SUIV,True,False,False,False,False,CF_NIV_SUIV,True,False,False,False,False,False,False,False,False,None,CF_NIV_SUIV,CF_NIV_SUIV,False,,,False,False,False,,,CF_NIV_SUIV,False,False,,,,False,,False,CF_NIV_SUIV,False,False,False,,,False,,False,CF_NIV_SUIV,False,,False,,,CF_NIV_SUIV,True,False,False,False
22-16874,22-16874,CF_NIV_SUIV,CF_NIV_SUIV,True,False,False,False,False,CF_NIV_SUIV,True,False,False,False,False,False,False,False,False,None,CF_NIV_SUIV,CF_NIV_SUIV,False,,,False,False,False,,,CF_NIV_SUIV,False,False,,,,False,,False,CF_NIV_SUIV,False,False,False,,,False,,False,CF_NIV_SUIV,False,,False,,,CF_NIV_SUIV,True,False,False,False
22-16876,22-16876,CF_NIV_SUIV,CF_NIV_SUIV,True,False,False,False,False,CF_NIV_SUIV,True,False,False,False,False,False,False,False,False,None,CF_NIV_SUIV,CF_NIV_SUIV,False,,,False,False,False,,,CF_NIV_SUIV,False,False,,,,False,,False,CF_NIV_SUIV,False,False,False,,,False,,False,CF_NIV_SUIV,False,,False,,,CF_NIV_SUIV,False,True,False,False
22-16884,22-16884,CF_NIV_SUIV,CF_NIV_SUIV,False,True,False,False,False,CF_NIV_SUIV,True,False,False,False,False,False,False,False,False,None,CF_NIV_SUIV,CF_NIV_SUIV,False,,,False,False,False,,,CF_NIV_SUIV,False,False,,,,False,,False,CF_NIV_SUIV,False,False,False,,,False,,False,CF_NIV_SUIV,False,,False,,,CF_NIV_SUIV,True,False,False,False
22-16913,22-16913,CF_NIV_SUIV,CF_NIV_SUIV,True,False,False,False,False,CF_NIV_SUIV,True,False,False,False,False,False,False,False,False,None,CF_NIV_SUIV,CF_NIV_SUIV,False,,,False,False,False,,,CF_NIV_SUIV,False,False,,,,False,,False,CF_NIV_SUIV,False,False,False,,,False,,False,CF_NIV_SUIV,False,,False,,,CF_NIV_SUIV,True,False,False,False
22-16918,22-16918,CF_NIV_SUIV,CF_NIV_SUIV,False,True,False,False,False,CF_NIV_SUIV,True,False,False,False,False,False,False,False,False,None,CF_NIV_SUIV,CF_NIV_SUIV,False,,,False,False,False,,,CF_NIV_SUIV,False,False,,,,False,,False,CF_NIV_SUIV,False,False,False,,,False,,False,CF_NIV_SUIV,False,,False,,,CF_NIV_SUIV,True,False,False,False
22-16934,22-16934,CF_NIV_SUIV,CF_NIV_SUIV,True,False,False,False,False,CF_NIV_SUIV,True,False,False,False,False,False,False,False,False,None,CF_NIV_SUIV,CF_NIV_SUIV,False,,,False,False,False,,,CF_NIV_SUIV,False,False,,,,False,,False,CF_NIV_SUIV,False,False,False,,,False,,False,CF_NIV_SUIV,False,,False,,,CF_NIV_SUIV,True,False,False,False
22-16936,22-16936,CF_NIV_SUIV,CF_NIV_SUIV,True,False,False,False,False,CF_NIV_SUIV,True,False,False,False,False,False,False,False,False,None,CF_NIV_SUIV,CF_NIV_SUIV,False,,,False,False,False,,,CF_NIV_SUIV,False,False,,,,False,,False,CF_NIV_SUIV,False,False,False,,,False,,False,CF_NIV_SUIV,False,,False,,,CF_NIV_SUIV,True,False,False,False
22-16938,22-16938,CF_NIV_SUIV,CF_NIV_SUIV,False,True,False,False,False,CF_NIV_SUIV,True,False,False,False,False,False,False,False,False,None,CF_NIV_SUIV,CF_NIV_SUIV,False,,,False,False,False,,,CF_NIV_SUIV,False,False,,,,False,,False,CF_NIV_SUIV,False,False,False,,,False,,False,CF_NIV_SUIV,False,,False,,,CF_NIV_SUIV,True,False,False,False
22-16940,22-16940,CF_NIV_SUIV,CF_NIV_SUIV,False,True,False,False,False,CF_NIV_SUIV,True,False,False,False,False,False,False,False,False,None,CF_NIV_SUIV,CF_NIV_SUIV,False,,,False,False,False,,,CF_NIV_SUIV,False,False,,,,False,,False,CF_NIV_SUIV,False,False,False,,,False,,False,CF_NIV_SUIV,False,,False,,,CF_NIV_SUIV,True,False,False,False
22-16949,22-16949,CF_NIV_SUIV,CF_NIV_SUIV,False,True,False,False,False,CF_NIV_SUIV,True,False,False,False,False,False,False,False,False,None,CF_NIV_SUIV,CF_NIV_SUIV,False,,,False,False,False,,,CF_NIV_SUIV,False,False,,,,False,,False,CF_NIV_SUIV,False,False,False,,,False,,False,CF_NIV_SUIV,False,,False,,,CF_NIV_SUIV,True,False,False,False
22-16953,22-16953,CF_NIV_SUIV,CF_NIV_SUIV,False,True,False,False,False,CF_NIV_SUIV,True,False,False,False,False,False,False,False,False,None,CF_NIV_SUIV,CF_NIV_SUIV,False,,,False,False,False,,,CF_NIV_SUIV,False,False,,,,False,,False,CF_NIV_SUIV,False,False,False,,,False,,False,CF_NIV_SUIV,False,,False,,,CF_NIV_SUIV,True,False,False,False
22-16956,22-16956,CF_NIV_SUIV,CF_NIV_SUIV,True,False,False,False,False,CF_NIV_SUIV,True,False,False,False,False,False,False,False,False,None,CF_NIV_SUIV,CF_NIV_SUIV,False,,,False,False,False,,,CF_NIV_SUIV,False,False,,,,False,,False,CF_NIV_SUIV,False,False,False,,,False,,False,CF_NIV_SUIV,False,,False,,,CF_NIV_SUIV,True,False,False,False
22-16966,22-16966,CF_NIV_SUIV,CF_NIV_SUIV,True,False,False,False,False,CF_NIV_SUIV,True,False,False,False,False,False,False,False,False,None,CF_NIV_SUIV,CF_NIV_SUIV,False,,,False,False,False,,,CF_NIV_SUIV,False,False,,,,False,,False,CF_NIV_SUIV,False,False,False,,,False,,False,CF_NIV_SUIV,False,,False,,,CF_NIV_SUIV,True,False,False,False
22-16971,22-16971,CF_NIV_SUIV,CF_NIV_SUIV,False,True,False,False,False,CF_NIV_SUIV,True,False,False,False,False,False,False,False,False,None,CF_NIV_SUIV,CF_NIV_SUIV,False,,,False,False,False,,,CF_NIV_SUIV,False,False,,,,False,,False,CF_NIV_SUIV,False,False,False,,,False,,False,CF_NIV_SUIV,False,,False,,,CF_NIV_SUIV,True,False,False,False
22-16995,22-16995,CF_NIV_SUIV,CF_NIV_SUIV,False,False,False,False,True,CF_NIV_SUIV,False,False,False,False,False,False,False,False,False,None,CF_NIV_SUIV,CF_NIV_SUIV,False,,,False,False,False,,,CF_NIV_SUIV,False,False,,,,False,,False,CF_NIV_SUIV,False,False,False,,,False,,False,CF_NIV_SUIV,False,,False,,,CF_NIV_SUIV,False,True,False,False
22-17005,22-17005,CF_NIV_SUIV,CF_NIV_SUIV,False,True,False,False,False,CF_NIV_SUIV,True,False,False,False,False,False,False,False,False,None,CF_NIV_SUIV,CF_NIV_SUIV,False,,,False,False,False,,,CF_NIV_SUIV,False,False,,,,False,,False,CF_NIV_SUIV,False,False,False,,,False,,False,CF_NIV_SUIV,False,,False,,,CF_NIV_SUIV,False,True,False,False
22-17006,22-17006,CF_NIV_SUIV,CF_NIV_SUIV,True,False,False,False,False,CF_NIV_SUIV,True,False,False,False,False,False,False,False,False,None,CF_NIV_SUIV,CF_NIV_SUIV,False,,,False,False,False,,,CF_NIV_SUIV,False,False,,,,False,,False,CF_NIV_SUIV,False,False,False,,,False,,False,CF_NIV_SUIV,False,,False,,,CF_NIV_SUIV,True,False,False,False
22-17018,22-17018,CF_NIV_SUIV,CF_NIV_SUIV,False,True,False,False,False,CF_NIV_SUIV,True,False,False,False,False,False,False,False,False,None,CF_NIV_SUIV,CF_NIV_SUIV,False,,,False,False,False,,,CF_NIV_SUIV,False,False,,,,False,,False,CF_NIV_SUIV,False,False,False,,,False,,False,CF_NIV_SUIV,False,,False,,,CF_NIV_SUIV,True,False,False,False
22-17020,22-17020,CF_NIV_SUIV,CF_NIV_SUIV,True,False,False,False,False,CF_NIV_SUIV,True,False,False,False,False,False,False,False,False,None,CF_NIV_SUIV,CF_NIV_SUIV,False,,,False,False,False,,,CF_NIV_SUIV,False,False,,,,False,,False,CF_NIV_SUIV,False,False,False,,,False,,False,CF_NIV_SUIV,False,,False,,,CF_NIV_SUIV,True,False,False,False
22-17023,22-17023,CF_NIV_SUIV,CF_NIV_SUIV,True,False,False,False,False,CF_NIV_SUIV,True,False,False,False,False,False,False,False,False,None,CF_NIV_SUIV,CF_NIV_SUIV,False,,,False,False,False,,,CF_NIV_SUIV,False,False,,,,False,,False,CF_NIV_SUIV,False,False,False,,,False,,False,CF_NIV_SUIV,False,,False,,,CF_NIV_SUIV,True,False,False,False
22-17024,22-17024,CF_NIV_SUIV,CF_NIV_SUIV,False,True,False,False,False,CF_NIV_SUIV,True,False,False,False,False,False,False,False,False,None,CF_NIV_SUIV,CF_NIV_SUIV,False,,,False,False,False,,,CF_NIV_SUIV,False,False,,,,False,,False,CF_NIV_SUIV,False,False,False,,,False,,False,CF_NIV_SUIV,False,,False,,,CF_NIV_SUIV,True,False,False,False
22-17027,22-17027,CF_NIV_SUIV,CF_NIV_SUIV,False,True,False,False,False,CF_NIV_SUIV,True,False,False,False,False,False,False,False,False,None,CF_NIV_SUIV,CF_NIV_SUIV,False,,,False,False,False,,,CF_NIV_SUIV,False,False,,,,False,,False,CF_NIV_SUIV,False,False,False,,,False,,False,CF_NIV_SUIV,False,,False,,,CF_NIV_SUIV,True,False,False,False
22-17028,22-17028,CF_NIV_SUIV,CF_NIV_SUIV,False,True,False,False,False,CF_NIV_SUIV,True,False,False,False,False,False,False,False,False,None,CF_NIV_SUIV,CF_NIV_SUIV,False,,,False,False,False,,,CF_NIV_SUIV,False,False,,,,False,,False,CF_NIV_SUIV,False,False,False,,,False,,False,CF_NIV_SUIV,False,,False,,,CF_NIV_SUIV,True,False,False,False
22-17034,22-17034,CF_NIV_SUIV,CF_NIV_SUIV,False,True,False,False,False,CF_NIV_SUIV,True,False,False,False,False,False,False,False,False,None,CF_NIV_SUIV,CF_NIV_SUIV,False,,,False,False,False,,,CF_NIV_SUIV,False,False,,,,False,,False,CF_NIV_SUIV,False,False,False,,,False,,False,CF_NIV_SUIV,False,,False,,,CF_NIV_SUIV,True,False,False,False
22-17046,22-17046,CF_NIV_SUIV,CF_NIV_SUIV,True,False,False,False,False,CF_NIV_SUIV,True,False,False,False,False,False,False,False,False,None,CF_NIV_SUIV,CF_NIV_SUIV,False,,,False,False,False,,,CF_NIV_SUIV,False,False,,,,False,,False,CF_NIV_SUIV,False,False,False,,,False,,False,CF_NIV_SUIV,False,,False,,,CF_NIV_SUIV,True,False,False,False
22-17063,22-17063,CF_NIV_SUIV,CF_NIV_SUIV,False,True,False,False,False,CF_NIV_SUIV,True,False,False,False,False,False,False,False,False,None,CF_NIV_SUIV,CF_NIV_SUIV,False,,,False,False,False,,,CF_NIV_SUIV,False,False,,,,False,,False,CF_NIV_SUIV,False,False,False,,,False,,False,CF_NIV_SUIV,False,,False,,,CF_NIV_SUIV,True,False,False,False
22-17066,22-17066,CF_NIV_SUIV,CF_NIV_SUIV,False,True,False,False,False,CF_NIV_SUIV,True,False,False,False,False,False,False,False,False,None,CF_NIV_SUIV,CF_NIV_SUIV,False,,,False,False,False,,,CF_NIV_SUIV,False,False,,,,False,,False,CF_NIV_SUIV,False,False,False,,,False,,False,CF_NIV_SUIV,False,,False,,,CF_NIV_SUIV,True,False,False,False
22-17070,22-17070,CF_NIV_SUIV,CF_NIV_SUIV,True,False,False,False,False,CF_NIV_SUIV,True,False,False,False,False,False,False,False,False,None,CF_NIV_SUIV,CF_NIV_SUIV,False,,,False,False,False,,,CF_NIV_SUIV,False,False,,,,False,,False,CF_NIV_SUIV,False,False,False,,,False,,False,CF_NIV_SUIV,False,,False,,,CF_NIV_SUIV,True,False,False,False
22-17082,22-17082,CF_NIV_SUIV,CF_NIV_SUIV,True,False,False,False,False,CF_NIV_SUIV,True,False,False,False,False,False,False,False,False,None,CF_NIV_SUIV,CF_NIV_SUIV,False,,,False,False,False,,,CF_NIV_SUIV,False,False,,,,False,,False,CF_NIV_SUIV,False,False,False,,,False,,False,CF_NIV_SUIV,False,,False,,,CF_NIV_SUIV,True,False,False,False
22-17086,22-17086,CF_NIV_SUIV,CF_NIV_SUIV,True,False,False,False,False,CF_NIV_SUIV,True,False,False,False,False,False,False,False,False,None,CF_NIV_SUIV,CF_NIV_SUIV,False,,,False,False,False,,,CF_NIV_SUIV,False,False,,,,False,,False,CF_NIV_SUIV,False,False,False,,,False,,False,CF_NIV_SUIV,False,,False,,,CF_NIV_SUIV,True,False,False,False
22-17087,22-17087,CF_NIV_SUIV,CF_NIV_SUIV,True,False,False,False,False,CF_NIV_SUIV,True,False,False,False,False,False,False,False,False,None,CF_NIV_SUIV,CF_NIV_SUIV,False,,,False,False,False,,,CF_NIV_SUIV,False,False,,,,False,,False,CF_NIV_SUIV,False,False,False,,,False,,False,CF_NIV_SUIV,False,,False,,,CF_NIV_SUIV,True,False,False,False
22-17088,22-17088,CF_NIV_SUIV,CF_NIV_SUIV,True,False,False,False,False,CF_NIV_SUIV,True,False,False,False,False,False,False,False,False,None,CF_NIV_SUIV,CF_NIV_SUIV,False,,,False,False,False,,,CF_NIV_SUIV,False,False,,,,False,,False,CF_NIV_SUIV,False,False,False,,,False,,False,CF_NIV_SUIV,False,,False,,,CF_NIV_SUIV,True,False,False,False
22-17093,22-17093,CF_NIV_SUIV,CF_NIV_SUIV,True,False,False,False,False,CF_NIV_SUIV,True,False,False,False,False,False,False,False,False,None,CF_NIV_SUIV,CF_NIV_SUIV,False,,,False,False,False,,,CF_NIV_SUIV,False,False,,,,False,,False,CF_NIV_SUIV,False,False,False,,,False,,False,CF_NIV_SUIV,False,,False,,,CF_NIV_SUIV,True,False,False,False
22-17112,22-17112,CF_NIV_SUIV,CF_NIV_SUIV,False,True,False,False,False,CF_NIV_SUIV,True,False,False,False,False,False,False,False,False,None,CF_NIV_SUIV,CF_NIV_SUIV,False,,,False,False,False,,,CF_NIV_SUIV,False,False,,,,False,,False,CF_NIV_SUIV,False,False,False,,,False,,False,CF_NIV_SUIV,False,,False,,,CF_NIV_SUIV,True,False,False,False
22-17114,22-17114,CF_NIV_SUIV,CF_NIV_SUIV,True,False,False,False,False,CF_NIV_SUIV,True,False,False,False,False,False,False,False,False,None,CF_NIV_SUIV,CF_NIV_SUIV,False,,,False,False,False,,,CF_NIV_SUIV,False,False,,,,False,,False,CF_NIV_SUIV,False,False,False,,,False,,False,CF_NIV_SUIV,False,,False,,,CF_NIV_SUIV,True,False,False,False
22-17115,22-17115,CF_NIV_SUIV,CF_NIV_SUIV,False,True,False,False,False,CF_NIV_SUIV,True,False,False,False,False,False,False,False,False,None,CF_NIV_SUIV,CF_NIV_SUIV,False,,,False,False,False,,,CF_NIV_SUIV,False,False,,,,False,,False,CF_NIV_SUIV,False,False,False,,,False,,False,CF_NIV_SUIV,False,,False,,,CF_NIV_SUIV,True,False,False,False
22-17128,22-17128,CF_NIV_SUIV,CF_NIV_SUIV,True,False,False,False,False,CF_NIV_SUIV,True,False,False,False,False,False,False,False,False,None,CF_NIV_SUIV,CF_NIV_SUIV,False,,,False,False,False,,,CF_NIV_SUIV,False,False,,,,False,,False,CF_NIV_SUIV,False,False,False,,,False,,False,CF_NIV_SUIV,False,,False,,,CF_NIV_SUIV,True,False,False,False
22-17133,22-17133,CF_NIV_SUIV,CF_NIV_SUIV,True,False,False,False,False,CF_NIV_SUIV,True,False,False,False,False,False,False,False,False,None,CF_NIV_SUIV,CF_NIV_SUIV,False,,,False,False,False,,,CF_NIV_SUIV,False,False,,,,False,,False,CF_NIV_SUIV,False,False,False,,,False,,False,CF_NIV_SUIV,False,,False,,,CF_NIV_SUIV,True,False,False,False
22-17135,22-17135,CF_NIV_SUIV,CF_NIV_SUIV,False,True,False,False,False,CF_NIV_SUIV,True,False,False,False,False,False,False,False,False,None,CF_NIV_SUIV,CF_NIV_SUIV,False,,,False,False,False,,,CF_NIV_SUIV,False,False,,,,False,,False,CF_NIV_SUIV,False,False,False,,,False,,False,CF_NIV_SUIV,False,,False,,,CF_NIV_SUIV,True,False,False,False
22-17150,22-17150,CF_NIV_SUIV,CF_NIV_SUIV,True,False,False,False,False,CF_NIV_SUIV,True,False,False,False,False,False,False,False,False,None,CF_NIV_SUIV,CF_NIV_SUIV,False,,,False,False,False,,,CF_NIV_SUIV,False,False,,,,False,,False,CF_NIV_SUIV,False,False,False,,,False,,False,CF_NIV_SUIV,False,,False,,,CF_NIV_SUIV,True,False,False,False
22-17153,22-17153,CF_NIV_SUIV,CF_NIV_SUIV,False,True,False,False,False,CF_NIV_SUIV,True,False,False,False,False,False,False,False,False,None,CF_NIV_SUIV,CF_NIV_SUIV,False,,,False,False,False,,,CF_NIV_SUIV,False,False,,,,False,,False,CF_NIV_SUIV,False,False,False,,,False,,False,CF_NIV_SUIV,False,,False,,,CF_NIV_SUIV,True,False,False,False
22-17158,22-17158,CF_NIV_SUIV,CF_NIV_SUIV,True,False,False,False,False,CF_NIV_SUIV,True,False,False,False,False,False,False,False,False,None,CF_NIV_SUIV,CF_NIV_SUIV,False,,,False,False,False,,,CF_NIV_SUIV,False,False,,,,False,,False,CF_NIV_SUIV,False,False,False,,,False,,False,CF_NIV_SUIV,False,,False,,,CF_NIV_SUIV,True,False,False,False
22-17163,22-17163,CF_NIV_SUIV,CF_NIV_SUIV,True,False,False,False,False,CF_NIV_SUIV,True,False,False,False,False,False,False,False,False,None,CF_NIV_SUIV,CF_NIV_SUIV,False,,,False,False,False,,,CF_NIV_SUIV,False,False,,,,False,,False,CF_NIV_SUIV,False,False,False,,,False,,False,CF_NIV_SUIV,False,,False,,,CF_NIV_SUIV,True,False,False,False
22-17178,22-17178,CF_NIV_SUIV,CF_NIV_SUIV,True,False,False,False,False,CF_NIV_SUIV,True,False,False,False,False,False,False,False,False,None,CF_NIV_SUIV,CF_NIV_SUIV,False,,,False,False,False,,,CF_NIV_SUIV,False,False,,,,False,,False,CF_NIV_SUIV,False,False,False,,,False,,False,CF_NIV_SUIV,False,,False,,,CF_NIV_SUIV,True,False,False,False
22-17212,22-17212,CF_NIV_SUIV,CF_NIV_SUIV,True,False,False,False,False,CF_NIV_SUIV,True,False,False,False,False,False,False,False,False,None,CF_NIV_SUIV,CF_NIV_SUIV,False,,,False,False,False,,,CF_NIV_SUIV,False,False,,,,False,,False,CF_NIV_SUIV,False,False,False,,,False,,False,CF_NIV_SUIV,False,,False,,,CF_NIV_SUIV,True,False,False,False
22-17219,22-17219,CF_NIV_SUIV,CF_NIV_SUIV,False,True,False,False,False,CF_NIV_SUIV,True,False,False,False,False,False,False,False,False,None,CF_NIV_SUIV,CF_NIV_SUIV,False,,,False,False,False,,,CF_NIV_SUIV,False,False,,,,False,,False,CF_NIV_SUIV,False,False,False,,,False,,False,CF_NIV_SUIV,False,,False,,,CF_NIV_SUIV,True,False,False,False
22-17220,22-17220,CF_NIV_SUIV,CF_NIV_SUIV,False,True,False,False,False,CF_NIV_SUIV,True,False,False,False,False,False,False,False,False,None,CF_NIV_SUIV,CF_NIV_SUIV,False,,,False,False,False,,,CF_NIV_SUIV,False,False,,,,False,,False,CF_NIV_SUIV,False,False,False,,,False,,False,CF_NIV_SUIV,False,,False,,,CF_NIV_SUIV,True,False,False,False
22-17232,22-17232,CF_NIV_SUIV,CF_NIV_SUIV,True,False,False,False,False,CF_NIV_SUIV,True,False,False,False,False,False,False,False,False,None,CF_NIV_SUIV,CF_NIV_SUIV,False,,,False,False,False,,,CF_NIV_SUIV,False,False,,,,False,,False,CF_NIV_SUIV,False,False,False,,,False,,False,CF_NIV_SUIV,False,,False,,,CF_NIV_SUIV,True,False,False,False
22-17233,22-17233,CF_NIV_SUIV,CF_NIV_SUIV,False,True,False,False,False,CF_NIV_SUIV,True,False,False,False,False,False,False,False,False,None,CF_NIV_SUIV,CF_NIV_SUIV,False,,,False,False,False,,,CF_NIV_SUIV,False,False,,,,False,,False,CF_NIV_SUIV,False,False,False,,,False,,False,CF_NIV_SUIV,False,,False,,,CF_NIV_SUIV,True,False,False,False
22-17237,22-17237,CF_NIV_SUIV,CF_NIV_SUIV,True,False,False,False,False,CF_NIV_SUIV,True,False,False,False,False,False,False,False,False,None,CF_NIV_SUIV,CF_NIV_SUIV,False,,,False,False,False,,,CF_NIV_SUIV,False,False,,,,False,,False,CF_NIV_SUIV,False,False,False,,,False,,False,CF_NIV_SUIV,False,,False,,,CF_NIV_SUIV,False,True,False,False
22-17246,22-17246,CF_NIV_SUIV,CF_NIV_SUIV,True,False,False,False,False,CF_NIV_SUIV,True,False,False,False,False,False,False,False,False,None,CF_NIV_SUIV,CF_NIV_SUIV,False,,,False,False,False,,,CF_NIV_SUIV,False,False,,,,False,,False,CF_NIV_SUIV,False,False,False,,,False,,False,CF_NIV_SUIV,False,,False,,,CF_NIV_SUIV,True,False,False,False
22-17266,22-17266,CF_NIV_SUIV,CF_NIV_SUIV,True,False,False,False,False,CF_NIV_SUIV,True,False,False,False,False,False,False,False,False,None,CF_NIV_SUIV,CF_NIV_SUIV,False,,,False,False,False,,,CF_NIV_SUIV,False,False,,,,False,,False,CF_NIV_SUIV,False,False,False,,,False,,False,CF_NIV_SUIV,False,,False,,,CF_NIV_SUIV,True,False,False,False
22-17276,22-17276,CF_NIV_SUIV,CF_NIV_SUIV,True,False,False,False,False,CF_NIV_SUIV,True,False,False,False,False,False,False,False,False,None,CF_NIV_SUIV,CF_NIV_SUIV,False,,,False,False,False,,,CF_NIV_SUIV,False,False,,,,False,,False,CF_NIV_SUIV,False,False,False,,,False,,False,CF_NIV_SUIV,False,,False,,,CF_NIV_SUIV,True,False,False,False
22-17283,22-17283,CF_NIV_SUIV,CF_NIV_SUIV,True,False,False,False,False,CF_NIV_SUIV,True,False,False,False,False,False,False,False,False,None,CF_NIV_SUIV,CF_NIV_SUIV,False,,,False,False,False,,,CF_NIV_SUIV,False,False,,,,False,,False,CF_NIV_SUIV,False,False,False,,,False,,False,CF_NIV_SUIV,False,,False,,,CF_NIV_SUIV,True,False,False,False
22-17285,22-17285,CF_NIV_SUIV,CF_NIV_SUIV,True,False,False,False,False,CF_NIV_SUIV,True,False,False,False,False,False,False,False,False,None,CF_NIV_SUIV,CF_NIV_SUIV,False,,,False,False,False,,,CF_NIV_SUIV,False,False,,,,False,,False,CF_NIV_SUIV,False,False,False,,,False,,False,CF_NIV_SUIV,False,,False,,,CF_NIV_SUIV,True,False,False,False
22-17296,22-17296,CF_NIV_SUIV,CF_NIV_SUIV,True,False,False,False,False,CF_NIV_SUIV,True,False,False,False,False,False,False,False,False,None,CF_NIV_SUIV,CF_NIV_SUIV,False,,,False,False,False,,,CF_NIV_SUIV,False,False,,,,False,,False,CF_NIV_SUIV,False,False,False,,,False,,False,CF_NIV_SUIV,False,,False,,,CF_NIV_SUIV,True,False,False,False
22-17308,22-17308,CF_NIV_SUIV,CF_NIV_SUIV,True,False,False,False,False,CF_NIV_SUIV,True,False,False,False,False,False,False,False,False,None,CF_NIV_SUIV,CF_NIV_SUIV,False,,,False,False,False,,,CF_NIV_SUIV,False,False,,,,False,,False,CF_NIV_SUIV,False,False,False,,,False,,False,CF_NIV_SUIV,False,,False,,,CF_NIV_SUIV,True,False,False,False
22-17315,22-17315,CF_NIV_SUIV,CF_NIV_SUIV,True,False,False,False,False,CF_NIV_SUIV,True,False,False,False,False,False,False,False,False,None,CF_NIV_SUIV,CF_NIV_SUIV,False,,,False,False,False,,,CF_NIV_SUIV,False,False,,,,False,,False,CF_NIV_SUIV,False,False,False,,,False,,False,CF_NIV_SUIV,False,,False,,,CF_NIV_SUIV,True,False,False,False
22-17322,22-17322,CF_NIV_SUIV,CF_NIV_SUIV,False,False,False,False,True,CF_NIV_SUIV,False,False,False,False,False,False,False,False,False,None,CF_NIV_SUIV,CF_NIV_SUIV,False,,,False,False,False,,,CF_NIV_SUIV,False,False,,,,False,,False,CF_NIV_SUIV,False,False,False,,,False,,False,CF_NIV_SUIV,False,,False,,,CF_NIV_SUIV,True,False,False,False
22-17325,22-17325,CF_NIV_SUIV,CF_NIV_SUIV,False,True,False,False,False,CF_NIV_SUIV,True,False,False,False,False,False,False,False,False,None,CF_NIV_SUIV,CF_NIV_SUIV,False,,,False,False,False,,,CF_NIV_SUIV,False,False,,,,False,,False,CF_NIV_SUIV,False,False,False,,,False,,False,CF_NIV_SUIV,False,,False,,,CF_NIV_SUIV,True,False,False,False
22-17335,22-17335,CF_NIV_SUIV,CF_NIV_SUIV,True,False,False,False,False,CF_NIV_SUIV,True,False,False,False,False,False,False,False,False,None,CF_NIV_SUIV,CF_NIV_SUIV,False,,,False,False,False,,,CF_NIV_SUIV,False,False,,,,False,,False,CF_NIV_SUIV,False,False,False,,,False,,False,CF_NIV_SUIV,False,,False,,,CF_NIV_SUIV,True,False,False,False
22-17344,22-17344,CF_NIV_SUIV,CF_NIV_SUIV,True,False,False,False,False,CF_NIV_SUIV,True,False,False,False,False,False,False,False,False,None,CF_NIV_SUIV,CF_NIV_SUIV,False,,,False,False,False,,,CF_NIV_SUIV,False,False,,,,False,,False,CF_NIV_SUIV,False,False,False,,,False,,False,CF_NIV_SUIV,False,,False,,,CF_NIV_SUIV,True,False,False,False
22-17345,22-17345,CF_NIV_SUIV,CF_NIV_SUIV,False,True,False,False,False,CF_NIV_SUIV,True,False,False,False,False,False,False,False,False,None,CF_NIV_SUIV,CF_NIV_SUIV,False,,,False,False,False,,,CF_NIV_SUIV,False,False,,,,False,,False,CF_NIV_SUIV,False,False,False,,,False,,False,CF_NIV_SUIV,False,,False,,,CF_NIV_SUIV,True,False,False,False
22-17352,22-17352,CF_NIV_SUIV,CF_NIV_SUIV,False,True,False,False,False,CF_NIV_SUIV,True,False,False,False,False,False,False,False,False,None,CF_NIV_SUIV,CF_NIV_SUIV,False,,,False,False,False,,,CF_NIV_SUIV,False,False,,,,False,,False,CF_NIV_SUIV,False,False,False,,,False,,False,CF_NIV_SUIV,False,,False,,,CF_NIV_SUIV,True,False,False,False
22-17355,22-17355,CF_NIV_SUIV,CF_NIV_SUIV,True,False,False,False,False,CF_NIV_SUIV,True,False,False,False,False,False,False,False,False,None,CF_NIV_SUIV,CF_NIV_SUIV,False,,,False,False,False,,,CF_NIV_SUIV,False,False,,,,False,,False,CF_NIV_SUIV,False,False,False,,,False,,False,CF_NIV_SUIV,False,,False,,,CF_NIV_SUIV,True,False,False,False
22-17356,22-17356,CF_NIV_SUIV,CF_NIV_SUIV,False,True,False,False,False,CF_NIV_SUIV,True,False,False,False,False,False,False,False,False,None,CF_NIV_SUIV,CF_NIV_SUIV,False,,,False,False,False,,,CF_NIV_SUIV,False,False,,,,False,,False,CF_NIV_SUIV,False,False,False,,,False,,False,CF_NIV_SUIV,False,,False,,,CF_NIV_SUIV,False,False,True,False
22-17360,22-17360,CF_NIV_SUIV,CF_NIV_SUIV,True,False,False,False,False,CF_NIV_SUIV,True,False,False,False,False,False,False,False,False,None,CF_NIV_SUIV,CF_NIV_SUIV,False,,,False,False,False,,,CF_NIV_SUIV,False,False,,,,False,,False,CF_NIV_SUIV,False,False,False,,,False,,False,CF_NIV_SUIV,False,,False,,,CF_NIV_SUIV,True,False,False,False
22-17363,22-17363,CF_NIV_SUIV,CF_NIV_SUIV,True,False,False,False,False,CF_NIV_SUIV,True,False,False,False,False,False,False,False,False,None,CF_NIV_SUIV,CF_NIV_SUIV,False,,,False,False,False,,,CF_NIV_SUIV,False,False,,,,False,,False,CF_NIV_SUIV,False,False,False,,,False,,False,CF_NIV_SUIV,False,,False,,,CF_NIV_SUIV,True,False,False,False
22-17376,22-17376,CF_NIV_SUIV,CF_NIV_SUIV,True,False,False,False,False,CF_NIV_SUIV,True,False,False,False,False,False,False,False,False,None,CF_NIV_SUIV,CF_NIV_SUIV,False,,,False,False,False,,,CF_NIV_SUIV,False,False,,,,False,,False,CF_NIV_SUIV,False,False,False,,,False,,False,CF_NIV_SUIV,False,,False,,,CF_NIV_SUIV,True,False,False,False
22-17378,22-17378,CF_NIV_SUIV,CF_NIV_SUIV,True,False,False,False,False,CF_NIV_SUIV,True,False,False,False,False,False,False,False,False,None,CF_NIV_SUIV,CF_NIV_SUIV,False,,,False,False,False,,,CF_NIV_SUIV,False,False,,,,False,,False,CF_NIV_SUIV,False,False,False,,,False,,False,CF_NIV_SUIV,False,,False,,,CF_NIV_SUIV,True,False,False,False
22-17396,22-17396,CF_NIV_SUIV,CF_NIV_SUIV,False,True,False,False,False,CF_NIV_SUIV,True,False,False,False,False,False,False,False,False,None,CF_NIV_SUIV,CF_NIV_SUIV,False,,,False,False,False,,,CF_NIV_SUIV,False,False,,,,False,,False,CF_NIV_SUIV,False,False,False,,,False,,False,CF_NIV_SUIV,False,,False,,,CF_NIV_SUIV,True,False,False,False
22-17404,22-17404,CF_NIV_SUIV,CF_NIV_SUIV,False,True,False,False,False,CF_NIV_SUIV,True,False,False,False,False,False,False,False,False,None,CF_NIV_SUIV,CF_NIV_SUIV,False,,,False,False,False,,,CF_NIV_SUIV,False,False,,,,False,,False,CF_NIV_SUIV,False,False,False,,,False,,False,CF_NIV_SUIV,False,,False,,,CF_NIV_SUIV,False,True,False,False
22-17420,22-17420,CF_NIV_SUIV,CF_NIV_SUIV,True,False,False,False,False,CF_NIV_SUIV,True,False,False,False,False,False,False,False,False,None,CF_NIV_SUIV,CF_NIV_SUIV,False,,,False,False,False,,,CF_NIV_SUIV,False,False,,,,False,,False,CF_NIV_SUIV,False,False,False,,,False,,False,CF_NIV_SUIV,False,,False,,,CF_NIV_SUIV,True,False,False,False
22-17422,22-17422,CF_NIV_SUIV,CF_NIV_SUIV,False,True,False,False,False,CF_NIV_SUIV,True,False,False,False,False,False,False,False,False,None,CF_NIV_SUIV,CF_NIV_SUIV,False,,,False,False,False,,,CF_NIV_SUIV,False,False,,,,False,,False,CF_NIV_SUIV,False,False,False,,,False,,False,CF_NIV_SUIV,False,,False,,,CF_NIV_SUIV,True,False,False,False
22-17429,22-17429,CF_NIV_SUIV,CF_NIV_SUIV,True,False,False,False,False,CF_NIV_SUIV,True,False,False,False,False,False,False,False,False,None,CF_NIV_SUIV,CF_NIV_SUIV,False,,,False,False,False,,,CF_NIV_SUIV,False,False,,,,False,,False,CF_NIV_SUIV,False,False,False,,,False,,False,CF_NIV_SUIV,False,,False,,,CF_NIV_SUIV,True,False,False,False
22-17438,22-17438,CF_NIV_SUIV,CF_NIV_SUIV,True,False,False,False,False,CF_NIV_SUIV,True,False,False,False,False,False,False,False,False,None,CF_NIV_SUIV,CF_NIV_SUIV,False,,,False,False,False,,,CF_NIV_SUIV,False,False,,,,False,,False,CF_NIV_SUIV,False,False,False,,,False,,False,CF_NIV_SUIV,False,,False,,,CF_NIV_SUIV,True,False,False,False
22-17442,22-17442,CF_NIV_SUIV,CF_NIV_SUIV,True,False,False,False,False,CF_NIV_SUIV,True,False,False,False,False,False,False,False,False,None,CF_NIV_SUIV,CF_NIV_SUIV,False,,,False,False,False,,,CF_NIV_SUIV,False,False,,,,False,,False,CF_NIV_SUIV,False,False,False,,,False,,False,CF_NIV_SUIV,False,,False,,,CF_NIV_SUIV,True,False,False,False
22-7547,22-7547,CF_NIV_SUIV,CF_NIV_SUIV,False,True,False,False,False,CF_NIV_SUIV,True,False,False,False,False,False,False,False,False,None,CF_NIV_SUIV,CF_NIV_SUIV,False,,,False,False,False,,,CF_NIV_SUIV,False,False,,,,False,,False,CF_NIV_SUIV,False,False,False,,,False,,False,CF_NIV_SUIV,False,,False,,,CF_NIV_SUIV,True,False,False,False
