BOAMP_AVIS_NUM,D_13_01_Conditionparticipation_Critereselection,D_13_02_Conditionparticipation_Situationjuridique,D_13_03_Conditionparticipation_Situationjuridiquesst,D_13_04_Conditionparticipation_Capecomarcheoui,D_13_05_Conditionparticipation_Capecomarchenon,D_13_06_Conditionparticipation_Capeco,D_13_07_Conditionparticipation_Capecosst,D_13_08_Conditionparticipation_Capeconiveaumini,D_13_09_Conditionparticipation_Capeconiveauminisst,D_13_10_Conditionparticipation_Captechoffreoui,D_13_11_Conditionparticipation_Captechoffrenon,D_13_12_Conditionparticipation_Captech,D_13_13_Conditionparticipation_Captechsst,D_13_14_Conditionparticipation_Captechniveaumini,D_13_15_Conditionparticipation_Captechniveauminisst,D_13_16_Conditionparticipation_Criteresparticipation,D_13_17_Conditionparticipation_Marchereserveoui,D_13_17_01_Conditionparticipation_Marchereserveoui_Ateliersproteges,D_13_17_02_Conditionparticipation_Marchereserveoui_Emploisproteges,D_13_18_Conditionparticipation_Marchereservenon,D_13_19_Conditionparticipation_Prestationreserveeoui,D_13_20_Conditionparticipation_Prestationreserveenon,D_13_21_Conditionparticipation_Conditionparticuliereexecution,D_13_22_Conditionparticipation_Indicationobligatoirenomqualificationsoui,D_13_23_Conditionparticipation_Indicationobligatoirenomqualificationsnon,D_13_24_Conditionparticipation_Justificatifscandidat,D_13_24_01_Conditionparticipation_Justificatifscandidat_P,D_13_25_Conditionparticipation_Eligiblemps,D_13_25_01_Conditionparticipation_Eligiblemps_Oui,D_13_25_02_Conditionparticipation_Eligiblemps_Non
22-14239,,,,,False,,,,,,False,,,,,,CF_NIV_SUIV,False,False,False,,False,,False,False,CF_NIV_SUIV,"Documents à produire obligatoirement par le candidat, à l'appui de sa candidature",CF_NIV_SUIV,True,False
22-14239,,,,,False,,,,,,False,,,,,,CF_NIV_SUIV,False,False,False,,False,,False,False,CF_NIV_SUIV,"Copie du ou des jugements prononcés, si le candidat est en redressement judiciaire",CF_NIV_SUIV,True,False
22-14239,,,,,False,,,,,,False,,,,,,CF_NIV_SUIV,False,False,False,,False,,False,False,CF_NIV_SUIV,"Déclaration sur l'honneur du candidat justifiant qu'il n'entre dans aucun des cas d'interdiction de soumissionner obligatoires prévus aux articles L. 2141-1 à L. 2141-5 ou aux articles L. 2141-7 à L. 2141-10 du code de la commande publique ou, pour les marchés publics de défense ou de sécurité, qu'il n'entre dans aucun des cas d'interdiction de soumissionner obligatoires prévus aux articles L. 2341-1 à L. 2341-3 ou aux articles L. 2141-7 à L. 2341-5 du code de la commande publique (si cette déclaration n'est pas déjà demandée dans le cadre du formulaire DC1, ci-après)",CF_NIV_SUIV,True,False
22-14239,,,,,False,,,,,,False,,,,,,CF_NIV_SUIV,False,False,False,,False,,False,False,CF_NIV_SUIV,"Documents à produire à l'appui des candidatures par le candidat, au choix de l'acheteur public",CF_NIV_SUIV,True,False
22-14239,,,,,False,,,,,,False,,,,,,CF_NIV_SUIV,False,False,False,,False,,False,False,CF_NIV_SUIV,Déclaration indiquant les effectifs moyens annuels du candidat et l'importance du personnel d'encadrement pour chacune des trois dernières années,CF_NIV_SUIV,True,False
22-14239,,,,,False,,,,,,False,,,,,,CF_NIV_SUIV,False,False,False,,False,,False,False,CF_NIV_SUIV,"Présentation d'une liste des principales fournitures ou des principaux services effectués au cours des trois dernières années, indiquant le montant, la date et le destinataire public ou privé. Les livraisons et les prestations de services sont prouvées par des attestations du destinataire ou, à défaut, par une déclaration de l'opérateur économique",CF_NIV_SUIV,True,False
22-14239,,,,,False,,,,,,False,,,,,,CF_NIV_SUIV,False,False,False,,False,,False,False,CF_NIV_SUIV,Indication des titres d'études et professionnels des cadres de l'entreprise et notamment des responsables de prestation de services ou de conduite des travaux de même nature que celle du marché,CF_NIV_SUIV,True,False
22-14239,,,,,False,,,,,,False,,,,,,CF_NIV_SUIV,False,False,False,,False,,False,False,CF_NIV_SUIV,"Formulaire DC1, Lettre de candidature - Habilitation du mandataire par ses co-traitants (disponible à l'adresse suivante : http://www.economie.gouv.fr/directions_services/daj/marches_publics/formulaires/DC/daj_dc.htm)",CF_NIV_SUIV,True,False
22-14239,,,,,False,,,,,,False,,,,,,CF_NIV_SUIV,False,False,False,,False,,False,False,CF_NIV_SUIV,"Formulaire DC2, Déclaration du candidat individuel ou du membre du groupement (disponible à l'adresse suivante : http://www.economie.gouv.fr/directions_services/daj/marches_publics/formulaires/DC/daj_dc.htm)",CF_NIV_SUIV,True,False
22-14239,,,,,False,,,,,,False,,,,,,CF_NIV_SUIV,False,False,False,,False,,False,False,CF_NIV_SUIV,Autres renseignements demandés,CF_NIV_SUIV,True,False
22-14239,,,,,False,,,,,,False,,,,,,CF_NIV_SUIV,False,False,False,,False,,False,False,CF_NIV_SUIV,"* La forme juridique du candidat ;* En cas de groupement, sa nature et le nom du mandataire ;",CF_NIV_SUIV,True,False
22-14239,,,,,False,,,,,,False,,,,,,CF_NIV_SUIV,False,False,False,,False,,False,False,CF_NIV_SUIV,Autres renseignements demandés,CF_NIV_SUIV,True,False
22-14239,,,,,False,,,,,,False,,,,,,CF_NIV_SUIV,False,False,False,,False,,False,False,CF_NIV_SUIV,"Les pouvoirs de la personne habilitée pour engager le candidat y compris, en cas de groupement, le cas échéant, les habilitations nécessaires pour représenter les entreprises au stade de la passation du marché",CF_NIV_SUIV,True,False
22-14646,,,,,False,,,,,,False,,,,,,CF_NIV_SUIV,False,False,False,,False,,False,False,CF_NIV_SUIV,"Documents à produire obligatoirement par le candidat, à l'appui de sa candidature",CF_NIV_SUIV,False,True
22-14646,,,,,False,,,,,,False,,,,,,CF_NIV_SUIV,False,False,False,,False,,False,False,CF_NIV_SUIV,"Déclaration sur l'honneur du candidat justifiant qu'il n'entre dans aucun des cas d'interdiction de soumissionner obligatoires prévus aux articles L. 2141-1 à L. 2141-5 ou aux articles L. 2141-7 à L. 2141-10 du code de la commande publique ou, pour les marchés publics de défense ou de sécurité, qu'il n'entre dans aucun des cas d'interdiction de soumissionner obligatoires prévus aux articles L. 2341-1 à L. 2341-3 ou aux articles L. 2141-7 à L. 2341-5 du code de la commande publique (si cette déclaration n'est pas déjà demandée dans le cadre du formulaire DC1, ci-après)",CF_NIV_SUIV,False,True
22-14646,,,,,False,,,,,,False,,,,,,CF_NIV_SUIV,False,False,False,,False,,False,False,CF_NIV_SUIV,"Déclaration sur l'honneur du candidat attestant qu'il est en règle, au cours de l'année précédant celle au cours de laquelle a lieu le lancement de la consultation, au regard des articles L. 5212-1, L. 5212-2, L. 5212 5 et L. 5212-9 du code du travail, concernant l'emploi des travailleurs handicapés",CF_NIV_SUIV,False,True
22-14646,,,,,False,,,,,,False,,,,,,CF_NIV_SUIV,False,False,False,,False,,False,False,CF_NIV_SUIV,"Documents à produire à l'appui des candidatures par le candidat, au choix de l'acheteur public",CF_NIV_SUIV,False,True
22-14646,,,,,False,,,,,,False,,,,,,CF_NIV_SUIV,False,False,False,,False,,False,False,CF_NIV_SUIV,"Déclaration concernant le chiffre d'affaires global et le chiffre d'affaires concernant les fournitures, services ou travaux objet du marché, réalisés au cours des trois derniers exercices disponibles",CF_NIV_SUIV,False,True
22-14646,,,,,False,,,,,,False,,,,,,CF_NIV_SUIV,False,False,False,,False,,False,False,CF_NIV_SUIV,Déclaration appropriée de banques ou preuve d'une assurance pour les risques professionnels,CF_NIV_SUIV,False,True
22-14646,,,,,False,,,,,,False,,,,,,CF_NIV_SUIV,False,False,False,,False,,False,False,CF_NIV_SUIV,Déclaration indiquant les effectifs moyens annuels du candidat et l'importance du personnel d'encadrement pour chacune des trois dernières années,CF_NIV_SUIV,False,True
22-14646,,,,,False,,,,,,False,,,,,,CF_NIV_SUIV,False,False,False,,False,,False,False,CF_NIV_SUIV,"Déclaration indiquant l'outillage, le matériel et l'équipement technique dont le candidat dispose pour la réalisation de marchés de même nature",CF_NIV_SUIV,False,True
22-14646,,,,,False,,,,,,False,,,,,,CF_NIV_SUIV,False,False,False,,False,,False,False,CF_NIV_SUIV,"Formulaire DC1, Lettre de candidature - Habilitation du mandataire par ses co-traitants (disponible à l'adresse suivante : http://www.economie.gouv.fr/directions_services/daj/marches_publics/formulaires/DC/daj_dc.htm)",CF_NIV_SUIV,False,True
22-14646,,,,,False,,,,,,False,,,,,,CF_NIV_SUIV,False,False,False,,False,,False,False,CF_NIV_SUIV,"Formulaire DC2, Déclaration du candidat individuel ou du membre du groupement (disponible à l'adresse suivante : http://www.economie.gouv.fr/directions_services/daj/marches_publics/formulaires/DC/daj_dc.htm)",CF_NIV_SUIV,False,True
22-14646,,,,,False,,,,,,False,,,,,,CF_NIV_SUIV,False,False,False,,False,,False,False,CF_NIV_SUIV,Autres renseignements demandés,CF_NIV_SUIV,False,True
22-14646,,,,,False,,,,,,False,,,,,,CF_NIV_SUIV,False,False,False,,False,,False,False,CF_NIV_SUIV,"Indication des titres d'études et professionnels, qualification type OPQIBI ou similaire, notamment des responsables de prestation d'études de même nature que celle du contrat.",CF_NIV_SUIV,False,True
22-14646,,,,,False,,,,,,False,,,,,,CF_NIV_SUIV,False,False,False,,False,,False,False,CF_NIV_SUIV,Autres renseignements demandés,CF_NIV_SUIV,False,True
22-14646,,,,,False,,,,,,False,,,,,,CF_NIV_SUIV,False,False,False,,False,,False,False,CF_NIV_SUIV,"Liste des études (principalement en étude de structure de quais) réalisées au cours des cinq dernières années, appuyée d'attestations de bonne exécution pour les plus importantes (montant, époque, lieu d'exécution, s'ils ont été effectués selon les règles de l'art et menés à bonne fin)",CF_NIV_SUIV,False,True
22-15717,,"Lettre de candidature ou DC1 ou équivalent, dûment rempli et daté Pièces relatives au pouvoir des personnes habilitées à engager le candidatIl est demandé au candidat les preuves qu'il ne se trouve pas dans un des cas de motifs d'exclusion. En l'absence de ces documents, la candidature est déclarée irrecevable. Les preuves sont : Soit d'une attestation sur l'honneur, soit un extrait de casier judiciaire Certificats sociaux et fiscaux délivrés par les administrations et organismes compétentsLe cas échéant, le candidat produit en outre les pièces prévues aux articles R. 1263-12, D. 8222-5 ou D. 8222-7 ou D. 8254-2 à D. 8254-5 du code du travail.L'acheteur accepte la production de son numéro unique d'identification ou, s'il est étranger, produit un document délivré par l'autorité judiciaire ou administrative compétente de son pays d'origine ou d'établissement, attestant de l'absence de cas d'exclusion L. 2341-2 du CCP.Lorsque le candidat est en RJ, le candidat produit la copie du ou des jugements prononcés.L'attributaire pressenti fournira également : Certificat attestant la souscription des déclarations et paiements prouvant qu'il a satisfait à ses obligations fiscales; Certificat attestant de fourniture des déclarations sociales et de paiement des cotisations et contributions de sécurité sociale prévue à l'article L 243-15 du code de sécurité sociale délivré par l'agence centrale des organismes de sécurité sociale ;Certificat de cotisation retraite Pro BTP;Attestation d'assurance décennale.Les candidats ne sont pas tenus de fournir les justificatifs et moyens de preuve lorsque le pouvoir adjudicateur peut les obtenir directement par le biais d'un système électronique de mise à disposition d'informations administré par un organisme officiel ou un espace de stockage numérique, à condition que figurent dans sa candidature toutes les informations nécessaires à la consultation de ce système ou de cet espace et que l'accès soit gratuit",,,False,"La déclaration du candidat ou formulaire DC2 ( lien http://www.economie.gouv.fr/daj/formulaires-declaration-candidat) ou équivalent, dûment rempli et daté,Chiffre d'affaires global réalisé au cours des 3 dernières années.",,,,,False,- copie de l'assurance pour risques professionnels d'un niveau adapté au marché ;- effectif moyen annuel détaillé ;- liste des moyens en matériels dont disposera le candidat pour la réalisation de ce marché ;- liste des prestations exécutées au cours des 5 dernières années assortie d'attestations de bonne exécution pour les plus importantes (marchés de travaux) ;En cas de sous-traitance le candidat fournira les mêmes documents ainsi qu'un engagement écrit pour chaque sous-traitant.,,,,,CF_NIV_SUIV,False,False,True,,False,,False,False,CF_NIV_SUIV,,CF_NIV_SUIV,False,False
22-15798,,,,,False,,,,,,False,,,,,,CF_NIV_SUIV,False,False,False,,False,,False,False,CF_NIV_SUIV,"Documents à produire obligatoirement par le candidat, à l'appui de sa candidature",CF_NIV_SUIV,False,True
22-15798,,,,,False,,,,,,False,,,,,,CF_NIV_SUIV,False,False,False,,False,,False,False,CF_NIV_SUIV,"Copie du ou des jugements prononcés, si le candidat est en redressement judiciaire",CF_NIV_SUIV,False,True
22-15798,,,,,False,,,,,,False,,,,,,CF_NIV_SUIV,False,False,False,,False,,False,False,CF_NIV_SUIV,"Déclaration sur l'honneur du candidat justifiant qu'il n'entre dans aucun des cas d'interdiction de soumissionner obligatoires prévus aux articles L. 2141-1 à L. 2141-5 ou aux articles L. 2141-7 à L. 2141-10 du code de la commande publique ou, pour les marchés publics de défense ou de sécurité, qu'il n'entre dans aucun des cas d'interdiction de soumissionner obligatoires prévus aux articles L. 2341-1 à L. 2341-3 ou aux articles L. 2141-7 à L. 2341-5 du code de la commande publique (si cette déclaration n'est pas déjà demandée dans le cadre du formulaire DC1, ci-après)",CF_NIV_SUIV,False,True
22-15798,,,,,False,,,,,,False,,,,,,CF_NIV_SUIV,False,False,False,,False,,False,False,CF_NIV_SUIV,"Déclaration sur l'honneur du candidat attestant qu'il est en règle, au cours de l'année précédant celle au cours de laquelle a lieu le lancement de la consultation, au regard des articles L. 5212-1, L. 5212-2, L. 5212 5 et L. 5212-9 du code du travail, concernant l'emploi des travailleurs handicapés",CF_NIV_SUIV,False,True
22-15798,,,,,False,,,,,,False,,,,,,CF_NIV_SUIV,False,False,False,,False,,False,False,CF_NIV_SUIV,"Si le candidat est établi en France, une déclaration sur l'honneur du candidat justifiant que le travail est effectué par des salariés employés régulièrement au regard des articles L. 1221-10, L. 3243-2 et R. 3243-1 du code du travail (dans le cas où le candidat emploie des salariés, conformément à l'article D. 8222-5-3° du code du travail)",CF_NIV_SUIV,False,True
22-15798,,,,,False,,,,,,False,,,,,,CF_NIV_SUIV,False,False,False,,False,,False,False,CF_NIV_SUIV,"Si le candidat est établi ou domicilié à l'étranger, une déclaration sur l'honneur du candidat attestant qu'il fournit à ses salariés des bulletins de paie comportant les mentions prévues à l'article R. 3243-1 du code du travail, ou des documents équivalents",CF_NIV_SUIV,False,True
22-15798,,,,,False,,,,,,False,,,,,,CF_NIV_SUIV,False,False,False,,False,,False,False,CF_NIV_SUIV,"Documents à produire à l'appui des candidatures par le candidat, au choix de l'acheteur public",CF_NIV_SUIV,False,True
22-15798,,,,,False,,,,,,False,,,,,,CF_NIV_SUIV,False,False,False,,False,,False,False,CF_NIV_SUIV,"Déclaration concernant le chiffre d'affaires global et le chiffre d'affaires concernant les fournitures, services ou travaux objet du marché, réalisés au cours des trois derniers exercices disponibles",CF_NIV_SUIV,False,True
22-15798,,,,,False,,,,,,False,,,,,,CF_NIV_SUIV,False,False,False,,False,,False,False,CF_NIV_SUIV,Déclaration appropriée de banques ou preuve d'une assurance pour les risques professionnels,CF_NIV_SUIV,False,True
22-15798,,,,,False,,,,,,False,,,,,,CF_NIV_SUIV,False,False,False,,False,,False,False,CF_NIV_SUIV,"Bilans ou extraits de bilans, concernant les trois dernières années, des opérateurs économiques pour lesquels l'établissement des bilans est obligatoire en vertu de la loi",CF_NIV_SUIV,False,True
22-15798,,,,,False,,,,,,False,,,,,,CF_NIV_SUIV,False,False,False,,False,,False,False,CF_NIV_SUIV,Déclaration indiquant les effectifs moyens annuels du candidat et l'importance du personnel d'encadrement pour chacune des trois dernières années,CF_NIV_SUIV,False,True
22-15798,,,,,False,,,,,,False,,,,,,CF_NIV_SUIV,False,False,False,,False,,False,False,CF_NIV_SUIV,"Présentation d'une liste des principales fournitures ou des principaux services effectués au cours des trois dernières années, indiquant le montant, la date et le destinataire public ou privé. Les livraisons et les prestations de services sont prouvées par des attestations du destinataire ou, à défaut, par une déclaration de l'opérateur économique",CF_NIV_SUIV,False,True
22-15798,,,,,False,,,,,,False,,,,,,CF_NIV_SUIV,False,False,False,,False,,False,False,CF_NIV_SUIV,"Déclaration indiquant l'outillage, le matériel et l'équipement technique dont le candidat dispose pour la réalisation de marchés de même nature",CF_NIV_SUIV,False,True
22-15798,,,,,False,,,,,,False,,,,,,CF_NIV_SUIV,False,False,False,,False,,False,False,CF_NIV_SUIV,"En matière de fournitures et services, une description de l'équipement technique, des mesures employées par l'opérateur économique pour s'assurer de la qualité et des moyens d'étude et de recherche de son entreprise",CF_NIV_SUIV,False,True
22-15798,,,,,False,,,,,,False,,,,,,CF_NIV_SUIV,False,False,False,,False,,False,False,CF_NIV_SUIV,"Certificats établis par des services chargés du contrôle de la qualité et habilités à attester la conformité des fournitures par des références à certaines spécifications techniques. Il est accepté d'autres preuves de mesures équivalentes de garantie de la qualité produites par le candidat, si celui-ci n'a pas accès à ces certificats ou n'a aucune possibilité de les obtenir dans les délais fixés",CF_NIV_SUIV,False,True
22-15798,,,,,False,,,,,,False,,,,,,CF_NIV_SUIV,False,False,False,,False,,False,False,CF_NIV_SUIV,"Echantillons, descriptions et/ou photographies des fournitures",CF_NIV_SUIV,False,True
22-15798,,,,,False,,,,,,False,,,,,,CF_NIV_SUIV,False,False,False,,False,,False,False,CF_NIV_SUIV,"Formulaire DC1, Lettre de candidature - Habilitation du mandataire par ses co-traitants (disponible à l'adresse suivante : http://www.economie.gouv.fr/directions_services/daj/marches_publics/formulaires/DC/daj_dc.htm)",CF_NIV_SUIV,False,True
22-15798,,,,,False,,,,,,False,,,,,,CF_NIV_SUIV,False,False,False,,False,,False,False,CF_NIV_SUIV,"Formulaire DC2, Déclaration du candidat individuel ou du membre du groupement (disponible à l'adresse suivante : http://www.economie.gouv.fr/directions_services/daj/marches_publics/formulaires/DC/daj_dc.htm)",CF_NIV_SUIV,False,True
22-15798,,,,,False,,,,,,False,,,,,,CF_NIV_SUIV,False,False,False,,False,,False,False,CF_NIV_SUIV,"Formulaire DC3, Acte d'engagement (disponible à l'adresse suivante : http://www.economie.gouv.fr/directions_services/daj/marches_publics/formulaires/DC/daj_dc.htm)",CF_NIV_SUIV,False,True
22-15798,,,,,False,,,,,,False,,,,,,CF_NIV_SUIV,False,False,False,,False,,False,False,CF_NIV_SUIV,"S'il s'appuie, pour présenter sa candidature, sur les capacités professionnelles, techniques et financières d'autres opérateurs économiques, le candidat produit les mêmes documents concernant cet opérateur économique que ceux qui lui sont exigés par l'acheteur public. Le candidat doit également apporter la preuve que chacun de ces opérateurs économiques mettra à sa disposition les moyens nécessaires, pendant toute la durée d'exécution du marché public ou de l'accord-cadre",CF_NIV_SUIV,False,True
22-15798,,,,,False,,,,,,False,,,,,,CF_NIV_SUIV,False,False,False,,False,,False,False,CF_NIV_SUIV,"Si les documents fournis par le candidat ne sont pas établis en langue française, ils doivent être accompagnés d'une traduction en français, certifiée conforme à l'original par un traducteur assermenté",CF_NIV_SUIV,False,True
22-15798,,,,,False,,,,,,False,,,,,,CF_NIV_SUIV,False,False,False,,False,,False,False,CF_NIV_SUIV,Les pièces prévues aux articles D. 8222-5 ou D. 8222-7 et D. 8222-8 du code du travail,CF_NIV_SUIV,False,True
22-15798,,,,,False,,,,,,False,,,,,,CF_NIV_SUIV,False,False,False,,False,,False,False,CF_NIV_SUIV,"Si l'attributaire est établi en France, les attestations et certificats délivrés par les administrations et organismes compétents prouvant qu'il a satisfait à ses obligations fiscales et sociales ou un état annuel des certificats reçus",CF_NIV_SUIV,False,True
22-15798,,,,,False,,,,,,False,,,,,,CF_NIV_SUIV,False,False,False,,False,,False,False,CF_NIV_SUIV,"Si l'attributaire est établi dans un Etat autre que la France, un certificat établi par les administrations et organismes du pays d'origine. Lorsqu'un tel certificat n'est pas délivré par le pays concerné, il peut être remplacé par une déclaration sous serment, ou dans les Etats où un tel serment n'existe pas, par une déclaration solennelle faite par l'intéressé devant l'autorité judiciaire ou administrative compétente, un notaire ou un organisme professionnel qualifié du pays",CF_NIV_SUIV,False,True
22-15798,,,,,False,,,,,,False,,,,,,CF_NIV_SUIV,False,False,False,,False,,False,False,CF_NIV_SUIV,"Si les documents fournis par le candidat ne sont pas établis en langue française, ils doivent être accompagnés d'une traduction en français, certifiée conforme à l'original par un traducteur assermenté",CF_NIV_SUIV,False,True
22-16090,,,,,False,,,,,,False,,,,,,CF_NIV_SUIV,False,False,False,,False,,False,False,CF_NIV_SUIV,"Documents à produire obligatoirement par le candidat, à l'appui de sa candidature",CF_NIV_SUIV,False,True
22-16090,,,,,False,,,,,,False,,,,,,CF_NIV_SUIV,False,False,False,,False,,False,False,CF_NIV_SUIV,"Déclaration sur l'honneur du candidat justifiant qu'il n'entre dans aucun des cas d'interdiction de soumissionner obligatoires prévus aux articles L. 2141-1 à L. 2141-5 ou aux articles L. 2141-7 à L. 2141-10 du code de la commande publique ou, pour les marchés publics de défense ou de sécurité, qu'il n'entre dans aucun des cas d'interdiction de soumissionner obligatoires prévus aux articles L. 2341-1 à L. 2341-3 ou aux articles L. 2141-7 à L. 2341-5 du code de la commande publique (si cette déclaration n'est pas déjà demandée dans le cadre du formulaire DC1, ci-après)",CF_NIV_SUIV,False,True
22-16090,,,,,False,,,,,,False,,,,,,CF_NIV_SUIV,False,False,False,,False,,False,False,CF_NIV_SUIV,"Documents à produire à l'appui des candidatures par le candidat, au choix de l'acheteur public",CF_NIV_SUIV,False,True
22-16090,,,,,False,,,,,,False,,,,,,CF_NIV_SUIV,False,False,False,,False,,False,False,CF_NIV_SUIV,"Déclaration concernant le chiffre d'affaires global et le chiffre d'affaires concernant les fournitures, services ou travaux objet du marché, réalisés au cours des trois derniers exercices disponibles",CF_NIV_SUIV,False,True
22-16090,,,,,False,,,,,,False,,,,,,CF_NIV_SUIV,False,False,False,,False,,False,False,CF_NIV_SUIV,Déclaration appropriée de banques ou preuve d'une assurance pour les risques professionnels,CF_NIV_SUIV,False,True
22-16090,,,,,False,,,,,,False,,,,,,CF_NIV_SUIV,False,False,False,,False,,False,False,CF_NIV_SUIV,"Présentation d'une liste des travaux exécutés au cours des cinq dernières années, appuyée d'attestations de bonne exécution pour les travaux les plus importants. Ces attestations indiquent le montant, l'époque et le lieu d'exécution des travaux et précisent s'ils ont été effectués selon les règles de l'art et menés régulièrement à bonne fin",CF_NIV_SUIV,False,True
22-16090,,,,,False,,,,,,False,,,,,,CF_NIV_SUIV,False,False,False,,False,,False,False,CF_NIV_SUIV,"Certificats de qualifications professionnelles. La preuve de la capacité du candidat peut être apportée par tout moyen, notamment par des certificats d'identité professionnelle ou des références de travaux attestant de la compétence de l'opérateur économique à réaliser la prestation pour laquelle il se porte candidat",CF_NIV_SUIV,False,True
22-16090,,,,,False,,,,,,False,,,,,,CF_NIV_SUIV,False,False,False,,False,,False,False,CF_NIV_SUIV,"S'il s'appuie, pour présenter sa candidature, sur les capacités professionnelles, techniques et financières d'autres opérateurs économiques, le candidat produit les mêmes documents concernant cet opérateur économique que ceux qui lui sont exigés par l'acheteur public. Le candidat doit également apporter la preuve que chacun de ces opérateurs économiques mettra à sa disposition les moyens nécessaires, pendant toute la durée d'exécution du marché public ou de l'accord-cadre",CF_NIV_SUIV,False,True
22-16090,,,,,False,,,,,,False,,,,,,CF_NIV_SUIV,False,False,False,,False,,False,False,CF_NIV_SUIV,Autres renseignements demandés,CF_NIV_SUIV,False,True
22-16090,,,,,False,,,,,,False,,,,,,CF_NIV_SUIV,False,False,False,,False,,False,False,CF_NIV_SUIV,Certificats de qualifications professionnelles :Certification travaux hyperbares (conformité à l'arrêté du 29 septembre 2017 relatif à la certification d'entreprises réalisant des travaux hyperbares),CF_NIV_SUIV,False,True
22-16092,,,,,False,,,,,,False,,,,,,CF_NIV_SUIV,False,False,False,,False,,False,False,CF_NIV_SUIV,"Documents à produire à l'appui des candidatures par le candidat, au choix de l'acheteur public",CF_NIV_SUIV,False,True
22-16092,,,,,False,,,,,,False,,,,,,CF_NIV_SUIV,False,False,False,,False,,False,False,CF_NIV_SUIV,"Echantillons, descriptions et/ou photographies des fournitures",CF_NIV_SUIV,False,True
22-16092,,,,,False,,,,,,False,,,,,,CF_NIV_SUIV,False,False,False,,False,,False,False,CF_NIV_SUIV,"Formulaire DC1, Lettre de candidature - Habilitation du mandataire par ses co-traitants (disponible à l'adresse suivante : http://www.economie.gouv.fr/directions_services/daj/marches_publics/formulaires/DC/daj_dc.htm)",CF_NIV_SUIV,False,True
22-16092,,,,,False,,,,,,False,,,,,,CF_NIV_SUIV,False,False,False,,False,,False,False,CF_NIV_SUIV,"Formulaire DC2, Déclaration du candidat individuel ou du membre du groupement (disponible à l'adresse suivante : http://www.economie.gouv.fr/directions_services/daj/marches_publics/formulaires/DC/daj_dc.htm)",CF_NIV_SUIV,False,True
22-16133,,,,,False,,,,,,False,,,,,,CF_NIV_SUIV,False,False,False,,False,,False,False,CF_NIV_SUIV,,CF_NIV_SUIV,False,True
22-16137,,,,,False,,,,,,False,,,,,,CF_NIV_SUIV,False,False,False,,False,,False,False,CF_NIV_SUIV,"Documents à produire obligatoirement par le candidat, à l'appui de sa candidature",CF_NIV_SUIV,False,True
22-16137,,,,,False,,,,,,False,,,,,,CF_NIV_SUIV,False,False,False,,False,,False,False,CF_NIV_SUIV,"Copie du ou des jugements prononcés, si le candidat est en redressement judiciaire",CF_NIV_SUIV,False,True
22-16137,,,,,False,,,,,,False,,,,,,CF_NIV_SUIV,False,False,False,,False,,False,False,CF_NIV_SUIV,"Documents à produire à l'appui des candidatures par le candidat, au choix de l'acheteur public",CF_NIV_SUIV,False,True
22-16137,,,,,False,,,,,,False,,,,,,CF_NIV_SUIV,False,False,False,,False,,False,False,CF_NIV_SUIV,Déclaration indiquant les effectifs moyens annuels du candidat et l'importance du personnel d'encadrement pour chacune des trois dernières années,CF_NIV_SUIV,False,True
22-16137,,,,,False,,,,,,False,,,,,,CF_NIV_SUIV,False,False,False,,False,,False,False,CF_NIV_SUIV,"Présentation d'une liste des principales fournitures ou des principaux services effectués au cours des trois dernières années, indiquant le montant, la date et le destinataire public ou privé. Les livraisons et les prestations de services sont prouvées par des attestations du destinataire ou, à défaut, par une déclaration de l'opérateur économique",CF_NIV_SUIV,False,True
22-16137,,,,,False,,,,,,False,,,,,,CF_NIV_SUIV,False,False,False,,False,,False,False,CF_NIV_SUIV,"Déclaration indiquant l'outillage, le matériel et l'équipement technique dont le candidat dispose pour la réalisation de marchés de même nature",CF_NIV_SUIV,False,True
22-16137,,,,,False,,,,,,False,,,,,,CF_NIV_SUIV,False,False,False,,False,,False,False,CF_NIV_SUIV,"Formulaire DC1, Lettre de candidature - Habilitation du mandataire par ses co-traitants (disponible à l'adresse suivante : http://www.economie.gouv.fr/directions_services/daj/marches_publics/formulaires/DC/daj_dc.htm)",CF_NIV_SUIV,False,True
22-16137,,,,,False,,,,,,False,,,,,,CF_NIV_SUIV,False,False,False,,False,,False,False,CF_NIV_SUIV,"Formulaire DC2, Déclaration du candidat individuel ou du membre du groupement (disponible à l'adresse suivante : http://www.economie.gouv.fr/directions_services/daj/marches_publics/formulaires/DC/daj_dc.htm)",CF_NIV_SUIV,False,True
22-16137,,,,,False,,,,,,False,,,,,,CF_NIV_SUIV,False,False,False,,False,,False,False,CF_NIV_SUIV,Marché réservé aux structures relevant des articles L2113-12 et L2113-13 du code de la commande publique,CF_NIV_SUIV,False,True
22-16163,,,,,False,,,,,,False,,,,,,CF_NIV_SUIV,False,False,False,,False,,False,False,CF_NIV_SUIV,,CF_NIV_SUIV,False,True
22-16246,,,,,False,,,,,,False,,,,,,CF_NIV_SUIV,False,False,False,,False,,False,False,CF_NIV_SUIV,Autres renseignements demandés,CF_NIV_SUIV,False,True
22-16246,,,,,False,,,,,,False,,,,,,CF_NIV_SUIV,False,False,False,,False,,False,False,CF_NIV_SUIV,"Situation juridique: Le candidat peut présenter sa candidature sous forme d'un document unique de marché européen (DUME), en lieu et place des formulaires DC1 et DC2. En cas de groupement de commande, chacun des membres du groupement fournira un formulaire DUME complété.",CF_NIV_SUIV,False,True
22-16246,,,,,False,,,,,,False,,,,,,CF_NIV_SUIV,False,False,False,,False,,False,False,CF_NIV_SUIV,Autres renseignements demandés,CF_NIV_SUIV,False,True
22-16246,,,,,False,,,,,,False,,,,,,CF_NIV_SUIV,False,False,False,,False,,False,False,CF_NIV_SUIV,"Capacité économique et financière: 1. Une preuve d'assurance pour les risques professionnels.2. Une déclaration concernant le chiffre d'affaires global et, le chiffre d'affaires du domaine d'activité faisant l'objet du marché public, portant au maximum sur les trois derniers exercices disponibles en fonction de la date de création de l'entreprise ou du début d'activité de l'opérateur économique.",CF_NIV_SUIV,False,True
22-16246,,,,,False,,,,,,False,,,,,,CF_NIV_SUIV,False,False,False,,False,,False,False,CF_NIV_SUIV,Autres renseignements demandés,CF_NIV_SUIV,False,True
22-16246,,,,,False,,,,,,False,,,,,,CF_NIV_SUIV,False,False,False,,False,,False,False,CF_NIV_SUIV,Capacité technique: 1. Une déclaration indiquant les effectifs moyens annuels du candidat et l'importance du personnel d'encadrement pour chacune des trois dernières années.,CF_NIV_SUIV,False,True
22-16252,,,,,False,,,,,,False,,,,,,CF_NIV_SUIV,False,False,False,,False,,False,False,CF_NIV_SUIV,,CF_NIV_SUIV,False,True
22-16255,,,,,False,,,,,,False,,,,,,CF_NIV_SUIV,False,False,False,,False,,False,False,CF_NIV_SUIV,,CF_NIV_SUIV,True,False
22-16264,,,,,False,,,,,,False,,,,,,CF_NIV_SUIV,False,False,False,,False,,False,False,CF_NIV_SUIV,,CF_NIV_SUIV,False,True
22-16266,,,,,False,,,,,,False,,,,,,CF_NIV_SUIV,False,False,False,,False,,False,False,CF_NIV_SUIV,"Documents à produire à l'appui des candidatures par le candidat, au choix de l'acheteur public",CF_NIV_SUIV,False,True
22-16266,,,,,False,,,,,,False,,,,,,CF_NIV_SUIV,False,False,False,,False,,False,False,CF_NIV_SUIV,"Formulaire DC1, Lettre de candidature - Habilitation du mandataire par ses co-traitants (disponible à l'adresse suivante : http://www.economie.gouv.fr/directions_services/daj/marches_publics/formulaires/DC/daj_dc.htm)",CF_NIV_SUIV,False,True
22-16266,,,,,False,,,,,,False,,,,,,CF_NIV_SUIV,False,False,False,,False,,False,False,CF_NIV_SUIV,"Formulaire DC2, Déclaration du candidat individuel ou du membre du groupement (disponible à l'adresse suivante : http://www.economie.gouv.fr/directions_services/daj/marches_publics/formulaires/DC/daj_dc.htm)",CF_NIV_SUIV,False,True
22-16266,,,,,False,,,,,,False,,,,,,CF_NIV_SUIV,False,False,False,,False,,False,False,CF_NIV_SUIV,"Formulaire DC3, Acte d'engagement (disponible à l'adresse suivante : http://www.economie.gouv.fr/directions_services/daj/marches_publics/formulaires/DC/daj_dc.htm)",CF_NIV_SUIV,False,True
22-16266,,,,,False,,,,,,False,,,,,,CF_NIV_SUIV,False,False,False,,False,,False,False,CF_NIV_SUIV,"Formulaire DC4, Déclaration de sous-traitance (disponible à l'adresse suivante : http://www.economie.gouv.fr/directions_services/daj/marches_publics/formulaires/DC/daj_dc.htm)",CF_NIV_SUIV,False,True
22-16266,,,,,False,,,,,,False,,,,,,CF_NIV_SUIV,False,False,False,,False,,False,False,CF_NIV_SUIV,"S'il s'appuie, pour présenter sa candidature, sur les capacités professionnelles, techniques et financières d'autres opérateurs économiques, le candidat produit les mêmes documents concernant cet opérateur économique que ceux qui lui sont exigés par l'acheteur public. Le candidat doit également apporter la preuve que chacun de ces opérateurs économiques mettra à sa disposition les moyens nécessaires, pendant toute la durée d'exécution du marché public ou de l'accord-cadre",CF_NIV_SUIV,False,True
22-16266,,,,,False,,,,,,False,,,,,,CF_NIV_SUIV,False,False,False,,False,,False,False,CF_NIV_SUIV,"Si les documents fournis par le candidat ne sont pas établis en langue française, ils doivent être accompagnés d'une traduction en français, certifiée conforme à l'original par un traducteur assermenté",CF_NIV_SUIV,False,True
22-16266,,,,,False,,,,,,False,,,,,,CF_NIV_SUIV,False,False,False,,False,,False,False,CF_NIV_SUIV,Les pièces prévues aux articles D. 8222-5 ou D. 8222-7 et D. 8222-8 du code du travail,CF_NIV_SUIV,False,True
22-16266,,,,,False,,,,,,False,,,,,,CF_NIV_SUIV,False,False,False,,False,,False,False,CF_NIV_SUIV,"Si l'attributaire est établi en France, les attestations et certificats délivrés par les administrations et organismes compétents prouvant qu'il a satisfait à ses obligations fiscales et sociales ou un état annuel des certificats reçus",CF_NIV_SUIV,False,True
22-16266,,,,,False,,,,,,False,,,,,,CF_NIV_SUIV,False,False,False,,False,,False,False,CF_NIV_SUIV,"Si l'attributaire est établi dans un Etat autre que la France, un certificat établi par les administrations et organismes du pays d'origine. Lorsqu'un tel certificat n'est pas délivré par le pays concerné, il peut être remplacé par une déclaration sous serment, ou dans les Etats où un tel serment n'existe pas, par une déclaration solennelle faite par l'intéressé devant l'autorité judiciaire ou administrative compétente, un notaire ou un organisme professionnel qualifié du pays",CF_NIV_SUIV,False,True
22-16266,,,,,False,,,,,,False,,,,,,CF_NIV_SUIV,False,False,False,,False,,False,False,CF_NIV_SUIV,"Si les documents fournis par le candidat ne sont pas établis en langue française, ils doivent être accompagnés d'une traduction en français, certifiée conforme à l'original par un traducteur assermenté",CF_NIV_SUIV,False,True
22-16300,,,,,False,,,,,,False,,,,,,CF_NIV_SUIV,False,False,False,,False,,False,False,CF_NIV_SUIV,,CF_NIV_SUIV,False,True
22-16325,,,,,False,,,,,,False,,,,,,CF_NIV_SUIV,False,False,False,,False,,False,False,CF_NIV_SUIV,,CF_NIV_SUIV,False,True
22-16332,,,,,False,,,,,,False,,,,,,CF_NIV_SUIV,False,False,False,,False,,False,False,CF_NIV_SUIV,"Documents à produire à l'appui des candidatures par le candidat, au choix de l'acheteur public",CF_NIV_SUIV,False,True
22-16332,,,,,False,,,,,,False,,,,,,CF_NIV_SUIV,False,False,False,,False,,False,False,CF_NIV_SUIV,"Formulaire DC1, Lettre de candidature - Habilitation du mandataire par ses co-traitants (disponible à l'adresse suivante : http://www.economie.gouv.fr/directions_services/daj/marches_publics/formulaires/DC/daj_dc.htm)",CF_NIV_SUIV,False,True
22-16332,,,,,False,,,,,,False,,,,,,CF_NIV_SUIV,False,False,False,,False,,False,False,CF_NIV_SUIV,"Formulaire DC2, Déclaration du candidat individuel ou du membre du groupement (disponible à l'adresse suivante : http://www.economie.gouv.fr/directions_services/daj/marches_publics/formulaires/DC/daj_dc.htm)",CF_NIV_SUIV,False,True
22-16332,,,,,False,,,,,,False,,,,,,CF_NIV_SUIV,False,False,False,,False,,False,False,CF_NIV_SUIV,"Formulaire DC4, Déclaration de sous-traitance (disponible à l'adresse suivante : http://www.economie.gouv.fr/directions_services/daj/marches_publics/formulaires/DC/daj_dc.htm)",CF_NIV_SUIV,False,True
22-16332,,,,,False,,,,,,False,,,,,,CF_NIV_SUIV,False,False,False,,False,,False,False,CF_NIV_SUIV,"Si les documents fournis par le candidat ne sont pas établis en langue française, ils doivent être accompagnés d'une traduction en français, certifiée conforme à l'original par un traducteur assermenté",CF_NIV_SUIV,False,True
22-16371,,,,,False,,,,,,False,,,,,,CF_NIV_SUIV,False,False,False,,False,,False,False,CF_NIV_SUIV,,CF_NIV_SUIV,False,True
22-16374,,,,,False,,,,,,False,,,,,,CF_NIV_SUIV,False,False,False,,False,,False,False,CF_NIV_SUIV,"Documents à produire à l'appui des candidatures par le candidat, au choix de l'acheteur public",CF_NIV_SUIV,False,True
22-16374,,,,,False,,,,,,False,,,,,,CF_NIV_SUIV,False,False,False,,False,,False,False,CF_NIV_SUIV,"Déclaration concernant le chiffre d'affaires global et le chiffre d'affaires concernant les fournitures, services ou travaux objet du marché, réalisés au cours des trois derniers exercices disponibles",CF_NIV_SUIV,False,True
22-16374,,,,,False,,,,,,False,,,,,,CF_NIV_SUIV,False,False,False,,False,,False,False,CF_NIV_SUIV,"Présentation d'une liste des principales fournitures ou des principaux services effectués au cours des trois dernières années, indiquant le montant, la date et le destinataire public ou privé. Les livraisons et les prestations de services sont prouvées par des attestations du destinataire ou, à défaut, par une déclaration de l'opérateur économique",CF_NIV_SUIV,False,True
22-16374,,,,,False,,,,,,False,,,,,,CF_NIV_SUIV,False,False,False,,False,,False,False,CF_NIV_SUIV,"Formulaire DC1, Lettre de candidature - Habilitation du mandataire par ses co-traitants (disponible à l'adresse suivante : http://www.economie.gouv.fr/directions_services/daj/marches_publics/formulaires/DC/daj_dc.htm)",CF_NIV_SUIV,False,True
22-16374,,,,,False,,,,,,False,,,,,,CF_NIV_SUIV,False,False,False,,False,,False,False,CF_NIV_SUIV,"Formulaire DC2, Déclaration du candidat individuel ou du membre du groupement (disponible à l'adresse suivante : http://www.economie.gouv.fr/directions_services/daj/marches_publics/formulaires/DC/daj_dc.htm)",CF_NIV_SUIV,False,True
22-16399,,,,,False,,,,,,False,,,,,,CF_NIV_SUIV,False,False,False,,False,,False,False,CF_NIV_SUIV,"Documents à produire à l'appui des candidatures par le candidat, au choix de l'acheteur public",CF_NIV_SUIV,False,True
22-16399,,,,,False,,,,,,False,,,,,,CF_NIV_SUIV,False,False,False,,False,,False,False,CF_NIV_SUIV,"Formulaire DC1, Lettre de candidature - Habilitation du mandataire par ses co-traitants (disponible à l'adresse suivante : http://www.economie.gouv.fr/directions_services/daj/marches_publics/formulaires/DC/daj_dc.htm)",CF_NIV_SUIV,False,True
22-16399,,,,,False,,,,,,False,,,,,,CF_NIV_SUIV,False,False,False,,False,,False,False,CF_NIV_SUIV,"Formulaire DC2, Déclaration du candidat individuel ou du membre du groupement (disponible à l'adresse suivante : http://www.economie.gouv.fr/directions_services/daj/marches_publics/formulaires/DC/daj_dc.htm)",CF_NIV_SUIV,False,True
22-16399,,,,,False,,,,,,False,,,,,,CF_NIV_SUIV,False,False,False,,False,,False,False,CF_NIV_SUIV,"Formulaire DC3, Acte d'engagement (disponible à l'adresse suivante : http://www.economie.gouv.fr/directions_services/daj/marches_publics/formulaires/DC/daj_dc.htm)",CF_NIV_SUIV,False,True
22-16399,,,,,False,,,,,,False,,,,,,CF_NIV_SUIV,False,False,False,,False,,False,False,CF_NIV_SUIV,"Formulaire DC4, Déclaration de sous-traitance (disponible à l'adresse suivante : http://www.economie.gouv.fr/directions_services/daj/marches_publics/formulaires/DC/daj_dc.htm)",CF_NIV_SUIV,False,True
22-16399,,,,,False,,,,,,False,,,,,,CF_NIV_SUIV,False,False,False,,False,,False,False,CF_NIV_SUIV,"S'il s'appuie, pour présenter sa candidature, sur les capacités professionnelles, techniques et financières d'autres opérateurs économiques, le candidat produit les mêmes documents concernant cet opérateur économique que ceux qui lui sont exigés par l'acheteur public. Le candidat doit également apporter la preuve que chacun de ces opérateurs économiques mettra à sa disposition les moyens nécessaires, pendant toute la durée d'exécution du marché public ou de l'accord-cadre",CF_NIV_SUIV,False,True
22-16399,,,,,False,,,,,,False,,,,,,CF_NIV_SUIV,False,False,False,,False,,False,False,CF_NIV_SUIV,"Si les documents fournis par le candidat ne sont pas établis en langue française, ils doivent être accompagnés d'une traduction en français, certifiée conforme à l'original par un traducteur assermenté",CF_NIV_SUIV,False,True
22-16399,,,,,False,,,,,,False,,,,,,CF_NIV_SUIV,False,False,False,,False,,False,False,CF_NIV_SUIV,Les pièces prévues aux articles D. 8222-5 ou D. 8222-7 et D. 8222-8 du code du travail,CF_NIV_SUIV,False,True
22-16399,,,,,False,,,,,,False,,,,,,CF_NIV_SUIV,False,False,False,,False,,False,False,CF_NIV_SUIV,"Si l'attributaire est établi en France, les attestations et certificats délivrés par les administrations et organismes compétents prouvant qu'il a satisfait à ses obligations fiscales et sociales ou un état annuel des certificats reçus",CF_NIV_SUIV,False,True
22-16399,,,,,False,,,,,,False,,,,,,CF_NIV_SUIV,False,False,False,,False,,False,False,CF_NIV_SUIV,"Si l'attributaire est établi dans un Etat autre que la France, un certificat établi par les administrations et organismes du pays d'origine. Lorsqu'un tel certificat n'est pas délivré par le pays concerné, il peut être remplacé par une déclaration sous serment, ou dans les Etats où un tel serment n'existe pas, par une déclaration solennelle faite par l'intéressé devant l'autorité judiciaire ou administrative compétente, un notaire ou un organisme professionnel qualifié du pays",CF_NIV_SUIV,False,True
22-16399,,,,,False,,,,,,False,,,,,,CF_NIV_SUIV,False,False,False,,False,,False,False,CF_NIV_SUIV,"Si les documents fournis par le candidat ne sont pas établis en langue française, ils doivent être accompagnés d'une traduction en français, certifiée conforme à l'original par un traducteur assermenté",CF_NIV_SUIV,False,True
22-16399,,,,,False,,,,,,False,,,,,,CF_NIV_SUIV,False,False,False,,False,,False,False,CF_NIV_SUIV,Autres renseignements demandés,CF_NIV_SUIV,False,True
22-16399,,,,,False,,,,,,False,,,,,,CF_NIV_SUIV,False,False,False,,False,,False,False,CF_NIV_SUIV,"Visite sur siteAfin de mieux appréhender le présent marché et de parfaire la formulation de l'offre, les candidats pourront effectuer une visite sur site des divers types d'installations et où les prestations doivent être réalisées.Les prises de rendez-vous pour les visites facultatives se feront auprès de la DITTES du CCAS de Cannes par téléphone en contactant :M. Patrick COUTENCEAU - Directeur Informatique/Téléphonie, Technique, Entretien, Sécurité&#61480; 04-93-06-32-35 ou 06-22-58-48-21Toute modification ou annulation d'une visite se fera, en coordination avec la DITTES, par téléphone ou mail (pcoutenceau@ccas-cannes.fr)",CF_NIV_SUIV,False,True
22-16399,,,,,False,,,,,,False,,,,,,CF_NIV_SUIV,False,False,False,,False,,False,False,CF_NIV_SUIV,confère DCE.,CF_NIV_SUIV,False,True
22-16404,,,,,False,,,,,,False,,,,,,CF_NIV_SUIV,False,False,False,,False,,False,False,CF_NIV_SUIV,"Documents à produire à l'appui des candidatures par le candidat, au choix de l'acheteur public",CF_NIV_SUIV,False,True
22-16404,,,,,False,,,,,,False,,,,,,CF_NIV_SUIV,False,False,False,,False,,False,False,CF_NIV_SUIV,"Déclaration concernant le chiffre d'affaires global et le chiffre d'affaires concernant les fournitures, services ou travaux objet du marché, réalisés au cours des trois derniers exercices disponibles",CF_NIV_SUIV,False,True
22-16404,,,,,False,,,,,,False,,,,,,CF_NIV_SUIV,False,False,False,,False,,False,False,CF_NIV_SUIV,Déclaration appropriée de banques ou preuve d'une assurance pour les risques professionnels,CF_NIV_SUIV,False,True
22-16404,,,,,False,,,,,,False,,,,,,CF_NIV_SUIV,False,False,False,,False,,False,False,CF_NIV_SUIV,Déclaration indiquant les effectifs moyens annuels du candidat et l'importance du personnel d'encadrement pour chacune des trois dernières années,CF_NIV_SUIV,False,True
22-16404,,,,,False,,,,,,False,,,,,,CF_NIV_SUIV,False,False,False,,False,,False,False,CF_NIV_SUIV,"Présentation d'une liste des principales fournitures ou des principaux services effectués au cours des trois dernières années, indiquant le montant, la date et le destinataire public ou privé. Les livraisons et les prestations de services sont prouvées par des attestations du destinataire ou, à défaut, par une déclaration de l'opérateur économique",CF_NIV_SUIV,False,True
22-16404,,,,,False,,,,,,False,,,,,,CF_NIV_SUIV,False,False,False,,False,,False,False,CF_NIV_SUIV,Indication des titres d'études et professionnels de l'opérateur économique,CF_NIV_SUIV,False,True
22-16404,,,,,False,,,,,,False,,,,,,CF_NIV_SUIV,False,False,False,,False,,False,False,CF_NIV_SUIV,"Déclaration indiquant l'outillage, le matériel et l'équipement technique dont le candidat dispose pour la réalisation de marchés de même nature",CF_NIV_SUIV,False,True
22-16404,,,,,False,,,,,,False,,,,,,CF_NIV_SUIV,False,False,False,,False,,False,False,CF_NIV_SUIV,"Formulaire DC1, Lettre de candidature - Habilitation du mandataire par ses co-traitants (disponible à l'adresse suivante : http://www.economie.gouv.fr/directions_services/daj/marches_publics/formulaires/DC/daj_dc.htm)",CF_NIV_SUIV,False,True
22-16422,,,,,False,,,,,,False,,,,,,CF_NIV_SUIV,False,False,False,,False,,False,False,CF_NIV_SUIV,,CF_NIV_SUIV,True,False
22-16429,,,,,False,,,,,,False,,,,,,CF_NIV_SUIV,False,False,False,,False,,False,False,CF_NIV_SUIV,"Documents à produire obligatoirement par le candidat, à l'appui de sa candidature",CF_NIV_SUIV,False,True
22-16429,,,,,False,,,,,,False,,,,,,CF_NIV_SUIV,False,False,False,,False,,False,False,CF_NIV_SUIV,"Copie du ou des jugements prononcés, si le candidat est en redressement judiciaire",CF_NIV_SUIV,False,True
22-16429,,,,,False,,,,,,False,,,,,,CF_NIV_SUIV,False,False,False,,False,,False,False,CF_NIV_SUIV,"Documents à produire à l'appui des candidatures par le candidat, au choix de l'acheteur public",CF_NIV_SUIV,False,True
22-16429,,,,,False,,,,,,False,,,,,,CF_NIV_SUIV,False,False,False,,False,,False,False,CF_NIV_SUIV,"Formulaire DC1, Lettre de candidature - Habilitation du mandataire par ses co-traitants (disponible à l'adresse suivante : http://www.economie.gouv.fr/directions_services/daj/marches_publics/formulaires/DC/daj_dc.htm)",CF_NIV_SUIV,False,True
22-16429,,,,,False,,,,,,False,,,,,,CF_NIV_SUIV,False,False,False,,False,,False,False,CF_NIV_SUIV,"Formulaire DC2, Déclaration du candidat individuel ou du membre du groupement (disponible à l'adresse suivante : http://www.economie.gouv.fr/directions_services/daj/marches_publics/formulaires/DC/daj_dc.htm)",CF_NIV_SUIV,False,True
22-16429,,,,,False,,,,,,False,,,,,,CF_NIV_SUIV,False,False,False,,False,,False,False,CF_NIV_SUIV,Les pièces prévues aux articles D. 8222-5 ou D. 8222-7 et D. 8222-8 du code du travail,CF_NIV_SUIV,False,True
22-16429,,,,,False,,,,,,False,,,,,,CF_NIV_SUIV,False,False,False,,False,,False,False,CF_NIV_SUIV,"Si l'attributaire est établi en France, les attestations et certificats délivrés par les administrations et organismes compétents prouvant qu'il a satisfait à ses obligations fiscales et sociales ou un état annuel des certificats reçus",CF_NIV_SUIV,False,True
22-16429,,,,,False,,,,,,False,,,,,,CF_NIV_SUIV,False,False,False,,False,,False,False,CF_NIV_SUIV,Voir le complément d'informations dans le règlement de la consultation,CF_NIV_SUIV,False,True
22-16459,,,,,False,,,,,,False,,,,,,CF_NIV_SUIV,False,False,False,,False,,False,False,CF_NIV_SUIV,"Documents à produire obligatoirement par le candidat, à l'appui de sa candidature",CF_NIV_SUIV,False,True
22-16459,,,,,False,,,,,,False,,,,,,CF_NIV_SUIV,False,False,False,,False,,False,False,CF_NIV_SUIV,"Copie du ou des jugements prononcés, si le candidat est en redressement judiciaire",CF_NIV_SUIV,False,True
22-16459,,,,,False,,,,,,False,,,,,,CF_NIV_SUIV,False,False,False,,False,,False,False,CF_NIV_SUIV,"Déclaration sur l'honneur du candidat attestant qu'il est en règle, au cours de l'année précédant celle au cours de laquelle a lieu le lancement de la consultation, au regard des articles L. 5212-1, L. 5212-2, L. 5212 5 et L. 5212-9 du code du travail, concernant l'emploi des travailleurs handicapés",CF_NIV_SUIV,False,True
22-16459,,,,,False,,,,,,False,,,,,,CF_NIV_SUIV,False,False,False,,False,,False,False,CF_NIV_SUIV,"Si le candidat est établi en France, une déclaration sur l'honneur du candidat justifiant que le travail est effectué par des salariés employés régulièrement au regard des articles L. 1221-10, L. 3243-2 et R. 3243-1 du code du travail (dans le cas où le candidat emploie des salariés, conformément à l'article D. 8222-5-3° du code du travail)",CF_NIV_SUIV,False,True
22-16459,,,,,False,,,,,,False,,,,,,CF_NIV_SUIV,False,False,False,,False,,False,False,CF_NIV_SUIV,"Documents à produire à l'appui des candidatures par le candidat, au choix de l'acheteur public",CF_NIV_SUIV,False,True
22-16459,,,,,False,,,,,,False,,,,,,CF_NIV_SUIV,False,False,False,,False,,False,False,CF_NIV_SUIV,"Déclaration concernant le chiffre d'affaires global et le chiffre d'affaires concernant les fournitures, services ou travaux objet du marché, réalisés au cours des trois derniers exercices disponibles",CF_NIV_SUIV,False,True
22-16459,,,,,False,,,,,,False,,,,,,CF_NIV_SUIV,False,False,False,,False,,False,False,CF_NIV_SUIV,Déclaration appropriée de banques ou preuve d'une assurance pour les risques professionnels,CF_NIV_SUIV,False,True
22-16459,,,,,False,,,,,,False,,,,,,CF_NIV_SUIV,False,False,False,,False,,False,False,CF_NIV_SUIV,Déclaration indiquant les effectifs moyens annuels du candidat et l'importance du personnel d'encadrement pour chacune des trois dernières années,CF_NIV_SUIV,False,True
22-16459,,,,,False,,,,,,False,,,,,,CF_NIV_SUIV,False,False,False,,False,,False,False,CF_NIV_SUIV,"Présentation d'une liste des principales fournitures ou des principaux services effectués au cours des trois dernières années, indiquant le montant, la date et le destinataire public ou privé. Les livraisons et les prestations de services sont prouvées par des attestations du destinataire ou, à défaut, par une déclaration de l'opérateur économique",CF_NIV_SUIV,False,True
22-16459,,,,,False,,,,,,False,,,,,,CF_NIV_SUIV,False,False,False,,False,,False,False,CF_NIV_SUIV,"Formulaire DC1, Lettre de candidature - Habilitation du mandataire par ses co-traitants (disponible à l'adresse suivante : http://www.economie.gouv.fr/directions_services/daj/marches_publics/formulaires/DC/daj_dc.htm)",CF_NIV_SUIV,False,True
22-16459,,,,,False,,,,,,False,,,,,,CF_NIV_SUIV,False,False,False,,False,,False,False,CF_NIV_SUIV,"Formulaire DC2, Déclaration du candidat individuel ou du membre du groupement (disponible à l'adresse suivante : http://www.economie.gouv.fr/directions_services/daj/marches_publics/formulaires/DC/daj_dc.htm)",CF_NIV_SUIV,False,True
22-16475,,,,,False,,,,,,False,,,,,,CF_NIV_SUIV,False,False,False,,False,,False,False,CF_NIV_SUIV,,CF_NIV_SUIV,False,True
22-16483,,,,,False,,,,,,False,,,,,,CF_NIV_SUIV,False,False,False,,False,,False,False,CF_NIV_SUIV,Justifications décrites dans le règlement de la consultation,CF_NIV_SUIV,False,True
22-16486,,,,,False,,,,,,False,,,,,,CF_NIV_SUIV,False,False,False,,False,,False,False,CF_NIV_SUIV,"Documents à produire à l'appui des candidatures par le candidat, au choix de l'acheteur public",CF_NIV_SUIV,False,True
22-16486,,,,,False,,,,,,False,,,,,,CF_NIV_SUIV,False,False,False,,False,,False,False,CF_NIV_SUIV,"Formulaire DC1, Lettre de candidature - Habilitation du mandataire par ses co-traitants (disponible à l'adresse suivante : http://www.economie.gouv.fr/directions_services/daj/marches_publics/formulaires/DC/daj_dc.htm)",CF_NIV_SUIV,False,True
22-16486,,,,,False,,,,,,False,,,,,,CF_NIV_SUIV,False,False,False,,False,,False,False,CF_NIV_SUIV,"Formulaire DC2, Déclaration du candidat individuel ou du membre du groupement (disponible à l'adresse suivante : http://www.economie.gouv.fr/directions_services/daj/marches_publics/formulaires/DC/daj_dc.htm)",CF_NIV_SUIV,False,True
22-16486,,,,,False,,,,,,False,,,,,,CF_NIV_SUIV,False,False,False,,False,,False,False,CF_NIV_SUIV,"S'il s'appuie, pour présenter sa candidature, sur les capacités professionnelles, techniques et financières d'autres opérateurs économiques, le candidat produit les mêmes documents concernant cet opérateur économique que ceux qui lui sont exigés par l'acheteur public. Le candidat doit également apporter la preuve que chacun de ces opérateurs économiques mettra à sa disposition les moyens nécessaires, pendant toute la durée d'exécution du marché public ou de l'accord-cadre",CF_NIV_SUIV,False,True
22-16503,,,,,False,,,,,,False,,,,,,CF_NIV_SUIV,False,False,False,,False,,False,False,CF_NIV_SUIV,,CF_NIV_SUIV,False,True
22-16505,,,,,False,,,,,,False,,,,,,CF_NIV_SUIV,False,False,False,,False,,False,False,CF_NIV_SUIV,,CF_NIV_SUIV,True,False
22-16508,,,,,False,,,,,,False,,,,,,CF_NIV_SUIV,False,False,False,,False,,False,False,CF_NIV_SUIV,,CF_NIV_SUIV,False,True
22-16513,,,,,False,,,,,,False,,,,,,CF_NIV_SUIV,False,False,False,,False,,False,False,CF_NIV_SUIV,,CF_NIV_SUIV,False,True
22-16528,,,,,False,,,,,,False,,,,,,CF_NIV_SUIV,False,False,False,,False,,False,False,CF_NIV_SUIV,,CF_NIV_SUIV,False,True
22-16539,,,,,False,,,,,,False,,,,,,CF_NIV_SUIV,False,False,False,,False,,False,False,CF_NIV_SUIV,,CF_NIV_SUIV,False,True
22-16553,,,,,False,,,,,,False,,,,,,CF_NIV_SUIV,False,False,False,,False,,False,False,CF_NIV_SUIV,"Documents à produire à l'appui des candidatures par le candidat, au choix de l'acheteur public",CF_NIV_SUIV,False,True
22-16553,,,,,False,,,,,,False,,,,,,CF_NIV_SUIV,False,False,False,,False,,False,False,CF_NIV_SUIV,Déclaration appropriée de banques ou preuve d'une assurance pour les risques professionnels,CF_NIV_SUIV,False,True
22-16553,,,,,False,,,,,,False,,,,,,CF_NIV_SUIV,False,False,False,,False,,False,False,CF_NIV_SUIV,"Présentation d'une liste des principales fournitures ou des principaux services effectués au cours des trois dernières années, indiquant le montant, la date et le destinataire public ou privé. Les livraisons et les prestations de services sont prouvées par des attestations du destinataire ou, à défaut, par une déclaration de l'opérateur économique",CF_NIV_SUIV,False,True
22-16553,,,,,False,,,,,,False,,,,,,CF_NIV_SUIV,False,False,False,,False,,False,False,CF_NIV_SUIV,Autres renseignements demandés,CF_NIV_SUIV,False,True
22-16553,,,,,False,,,,,,False,,,,,,CF_NIV_SUIV,False,False,False,,False,,False,False,CF_NIV_SUIV,Déclaration sur l'honneur pour justifier que le candidat n'entre dans aucun des cas d'interdiction de soumissionner,CF_NIV_SUIV,False,True
22-16604,,,,,False,,,,,,False,,,,,,CF_NIV_SUIV,False,False,False,,False,,False,False,CF_NIV_SUIV,"Documents à produire obligatoirement par le candidat, à l'appui de sa candidature",CF_NIV_SUIV,False,True
22-16604,,,,,False,,,,,,False,,,,,,CF_NIV_SUIV,False,False,False,,False,,False,False,CF_NIV_SUIV,"Copie du ou des jugements prononcés, si le candidat est en redressement judiciaire",CF_NIV_SUIV,False,True
22-16604,,,,,False,,,,,,False,,,,,,CF_NIV_SUIV,False,False,False,,False,,False,False,CF_NIV_SUIV,"Déclaration sur l'honneur du candidat attestant qu'il est en règle, au cours de l'année précédant celle au cours de laquelle a lieu le lancement de la consultation, au regard des articles L. 5212-1, L. 5212-2, L. 5212 5 et L. 5212-9 du code du travail, concernant l'emploi des travailleurs handicapés",CF_NIV_SUIV,False,True
22-16604,,,,,False,,,,,,False,,,,,,CF_NIV_SUIV,False,False,False,,False,,False,False,CF_NIV_SUIV,"Si le candidat est établi en France, une déclaration sur l'honneur du candidat justifiant que le travail est effectué par des salariés employés régulièrement au regard des articles L. 1221-10, L. 3243-2 et R. 3243-1 du code du travail (dans le cas où le candidat emploie des salariés, conformément à l'article D. 8222-5-3° du code du travail)",CF_NIV_SUIV,False,True
22-16604,,,,,False,,,,,,False,,,,,,CF_NIV_SUIV,False,False,False,,False,,False,False,CF_NIV_SUIV,"Si le candidat est établi ou domicilié à l'étranger, une déclaration sur l'honneur du candidat attestant qu'il fournit à ses salariés des bulletins de paie comportant les mentions prévues à l'article R. 3243-1 du code du travail, ou des documents équivalents",CF_NIV_SUIV,False,True
22-16604,,,,,False,,,,,,False,,,,,,CF_NIV_SUIV,False,False,False,,False,,False,False,CF_NIV_SUIV,"Documents à produire à l'appui des candidatures par le candidat, au choix de l'acheteur public",CF_NIV_SUIV,False,True
22-16604,,,,,False,,,,,,False,,,,,,CF_NIV_SUIV,False,False,False,,False,,False,False,CF_NIV_SUIV,"Déclaration concernant le chiffre d'affaires global et le chiffre d'affaires concernant les fournitures, services ou travaux objet du marché, réalisés au cours des trois derniers exercices disponibles",CF_NIV_SUIV,False,True
22-16604,,,,,False,,,,,,False,,,,,,CF_NIV_SUIV,False,False,False,,False,,False,False,CF_NIV_SUIV,Déclaration indiquant les effectifs moyens annuels du candidat et l'importance du personnel d'encadrement pour chacune des trois dernières années,CF_NIV_SUIV,False,True
22-16604,,,,,False,,,,,,False,,,,,,CF_NIV_SUIV,False,False,False,,False,,False,False,CF_NIV_SUIV,"Présentation d'une liste des principales fournitures ou des principaux services effectués au cours des trois dernières années, indiquant le montant, la date et le destinataire public ou privé. Les livraisons et les prestations de services sont prouvées par des attestations du destinataire ou, à défaut, par une déclaration de l'opérateur économique",CF_NIV_SUIV,False,True
22-16604,,,,,False,,,,,,False,,,,,,CF_NIV_SUIV,False,False,False,,False,,False,False,CF_NIV_SUIV,Indication des titres d'études et professionnels de l'opérateur économique,CF_NIV_SUIV,False,True
22-16604,,,,,False,,,,,,False,,,,,,CF_NIV_SUIV,False,False,False,,False,,False,False,CF_NIV_SUIV,Indication des titres d'études et professionnels des cadres de l'entreprise et notamment des responsables de prestation de services ou de conduite des travaux de même nature que celle du marché,CF_NIV_SUIV,False,True
22-16604,,,,,False,,,,,,False,,,,,,CF_NIV_SUIV,False,False,False,,False,,False,False,CF_NIV_SUIV,"En matière de fournitures et services, une description de l'équipement technique, des mesures employées par l'opérateur économique pour s'assurer de la qualité et des moyens d'étude et de recherche de son entreprise",CF_NIV_SUIV,False,True
22-16604,,,,,False,,,,,,False,,,,,,CF_NIV_SUIV,False,False,False,,False,,False,False,CF_NIV_SUIV,"Formulaire DC1, Lettre de candidature - Habilitation du mandataire par ses co-traitants (disponible à l'adresse suivante : http://www.economie.gouv.fr/directions_services/daj/marches_publics/formulaires/DC/daj_dc.htm)",CF_NIV_SUIV,False,True
22-16604,,,,,False,,,,,,False,,,,,,CF_NIV_SUIV,False,False,False,,False,,False,False,CF_NIV_SUIV,"Formulaire DC2, Déclaration du candidat individuel ou du membre du groupement (disponible à l'adresse suivante : http://www.economie.gouv.fr/directions_services/daj/marches_publics/formulaires/DC/daj_dc.htm)",CF_NIV_SUIV,False,True
22-16604,,,,,False,,,,,,False,,,,,,CF_NIV_SUIV,False,False,False,,False,,False,False,CF_NIV_SUIV,"S'il s'appuie, pour présenter sa candidature, sur les capacités professionnelles, techniques et financières d'autres opérateurs économiques, le candidat produit les mêmes documents concernant cet opérateur économique que ceux qui lui sont exigés par l'acheteur public. Le candidat doit également apporter la preuve que chacun de ces opérateurs économiques mettra à sa disposition les moyens nécessaires, pendant toute la durée d'exécution du marché public ou de l'accord-cadre",CF_NIV_SUIV,False,True
22-16604,,,,,False,,,,,,False,,,,,,CF_NIV_SUIV,False,False,False,,False,,False,False,CF_NIV_SUIV,Les pièces prévues aux articles D. 8222-5 ou D. 8222-7 et D. 8222-8 du code du travail,CF_NIV_SUIV,False,True
22-16604,,,,,False,,,,,,False,,,,,,CF_NIV_SUIV,False,False,False,,False,,False,False,CF_NIV_SUIV,"Si l'attributaire est établi en France, les attestations et certificats délivrés par les administrations et organismes compétents prouvant qu'il a satisfait à ses obligations fiscales et sociales ou un état annuel des certificats reçus",CF_NIV_SUIV,False,True
22-16620,,,,,False,,,,,,False,,,,,,CF_NIV_SUIV,False,False,False,,False,,False,False,CF_NIV_SUIV,"Documents à produire à l'appui des candidatures par le candidat, au choix de l'acheteur public",CF_NIV_SUIV,False,True
22-16620,,,,,False,,,,,,False,,,,,,CF_NIV_SUIV,False,False,False,,False,,False,False,CF_NIV_SUIV,"Déclaration concernant le chiffre d'affaires global et le chiffre d'affaires concernant les fournitures, services ou travaux objet du marché, réalisés au cours des trois derniers exercices disponibles",CF_NIV_SUIV,False,True
22-16620,,,,,False,,,,,,False,,,,,,CF_NIV_SUIV,False,False,False,,False,,False,False,CF_NIV_SUIV,Déclaration appropriée de banques ou preuve d'une assurance pour les risques professionnels,CF_NIV_SUIV,False,True
22-16620,,,,,False,,,,,,False,,,,,,CF_NIV_SUIV,False,False,False,,False,,False,False,CF_NIV_SUIV,"Présentation d'une liste des principales fournitures ou des principaux services effectués au cours des trois dernières années, indiquant le montant, la date et le destinataire public ou privé. Les livraisons et les prestations de services sont prouvées par des attestations du destinataire ou, à défaut, par une déclaration de l'opérateur économique",CF_NIV_SUIV,False,True
22-16620,,,,,False,,,,,,False,,,,,,CF_NIV_SUIV,False,False,False,,False,,False,False,CF_NIV_SUIV,"Formulaire DC1, Lettre de candidature - Habilitation du mandataire par ses co-traitants (disponible à l'adresse suivante : http://www.economie.gouv.fr/directions_services/daj/marches_publics/formulaires/DC/daj_dc.htm)",CF_NIV_SUIV,False,True
22-16620,,,,,False,,,,,,False,,,,,,CF_NIV_SUIV,False,False,False,,False,,False,False,CF_NIV_SUIV,"Formulaire DC2, Déclaration du candidat individuel ou du membre du groupement (disponible à l'adresse suivante : http://www.economie.gouv.fr/directions_services/daj/marches_publics/formulaires/DC/daj_dc.htm)",CF_NIV_SUIV,False,True
22-16620,,,,,False,,,,,,False,,,,,,CF_NIV_SUIV,False,False,False,,False,,False,False,CF_NIV_SUIV,"-le document unique complété dans sa partie financière-la décomposition du forfait de rémunération en cas de groupement-le certificat de visite complété-un mémoire justificatif indiquant : la composition de l'équipe, l'expérience du candidat sur les 3 dernières années pour des projets similaires, la programmation des différentes étapes et éléments de missions",CF_NIV_SUIV,False,True
22-16622,,,,,False,,,,,,False,,,,,,CF_NIV_SUIV,False,False,False,,False,,False,False,CF_NIV_SUIV,,CF_NIV_SUIV,False,True
22-16626,,,,,False,,,,,,False,,,,,,CF_NIV_SUIV,False,False,False,,False,,False,False,CF_NIV_SUIV,"Documents à produire à l'appui des candidatures par le candidat, au choix de l'acheteur public",CF_NIV_SUIV,False,True
22-16626,,,,,False,,,,,,False,,,,,,CF_NIV_SUIV,False,False,False,,False,,False,False,CF_NIV_SUIV,"Déclaration concernant le chiffre d'affaires global et le chiffre d'affaires concernant les fournitures, services ou travaux objet du marché, réalisés au cours des trois derniers exercices disponibles",CF_NIV_SUIV,False,True
22-16626,,,,,False,,,,,,False,,,,,,CF_NIV_SUIV,False,False,False,,False,,False,False,CF_NIV_SUIV,Déclaration appropriée de banques ou preuve d'une assurance pour les risques professionnels,CF_NIV_SUIV,False,True
22-16626,,,,,False,,,,,,False,,,,,,CF_NIV_SUIV,False,False,False,,False,,False,False,CF_NIV_SUIV,"Formulaire DC1, Lettre de candidature - Habilitation du mandataire par ses co-traitants (disponible à l'adresse suivante : http://www.economie.gouv.fr/directions_services/daj/marches_publics/formulaires/DC/daj_dc.htm)",CF_NIV_SUIV,False,True
22-16626,,,,,False,,,,,,False,,,,,,CF_NIV_SUIV,False,False,False,,False,,False,False,CF_NIV_SUIV,"Formulaire DC2, Déclaration du candidat individuel ou du membre du groupement (disponible à l'adresse suivante : http://www.economie.gouv.fr/directions_services/daj/marches_publics/formulaires/DC/daj_dc.htm)",CF_NIV_SUIV,False,True
22-16633,,,,,False,,,,,,False,,,,,,CF_NIV_SUIV,False,False,False,,False,,False,False,CF_NIV_SUIV,,CF_NIV_SUIV,False,True
22-16681,,,,,False,,,,,,False,,,,,,CF_NIV_SUIV,False,False,False,,False,,False,False,CF_NIV_SUIV,"Documents à produire à l'appui des candidatures par le candidat, au choix de l'acheteur public",CF_NIV_SUIV,False,True
22-16681,,,,,False,,,,,,False,,,,,,CF_NIV_SUIV,False,False,False,,False,,False,False,CF_NIV_SUIV,"Déclaration concernant le chiffre d'affaires global et le chiffre d'affaires concernant les fournitures, services ou travaux objet du marché, réalisés au cours des trois derniers exercices disponibles",CF_NIV_SUIV,False,True
22-16681,,,,,False,,,,,,False,,,,,,CF_NIV_SUIV,False,False,False,,False,,False,False,CF_NIV_SUIV,Déclaration indiquant les effectifs moyens annuels du candidat et l'importance du personnel d'encadrement pour chacune des trois dernières années,CF_NIV_SUIV,False,True
22-16681,,,,,False,,,,,,False,,,,,,CF_NIV_SUIV,False,False,False,,False,,False,False,CF_NIV_SUIV,"Présentation d'une liste des principales fournitures ou des principaux services effectués au cours des trois dernières années, indiquant le montant, la date et le destinataire public ou privé. Les livraisons et les prestations de services sont prouvées par des attestations du destinataire ou, à défaut, par une déclaration de l'opérateur économique",CF_NIV_SUIV,False,True
22-16681,,,,,False,,,,,,False,,,,,,CF_NIV_SUIV,False,False,False,,False,,False,False,CF_NIV_SUIV,Indication des titres d'études et professionnels de l'opérateur économique,CF_NIV_SUIV,False,True
22-16681,,,,,False,,,,,,False,,,,,,CF_NIV_SUIV,False,False,False,,False,,False,False,CF_NIV_SUIV,"Formulaire DC1, Lettre de candidature - Habilitation du mandataire par ses co-traitants (disponible à l'adresse suivante : http://www.economie.gouv.fr/directions_services/daj/marches_publics/formulaires/DC/daj_dc.htm)",CF_NIV_SUIV,False,True
22-16681,,,,,False,,,,,,False,,,,,,CF_NIV_SUIV,False,False,False,,False,,False,False,CF_NIV_SUIV,"Formulaire DC2, Déclaration du candidat individuel ou du membre du groupement (disponible à l'adresse suivante : http://www.economie.gouv.fr/directions_services/daj/marches_publics/formulaires/DC/daj_dc.htm)",CF_NIV_SUIV,False,True
22-16693,,,,,False,,,,,,False,,,,,,CF_NIV_SUIV,False,False,False,,False,,False,False,CF_NIV_SUIV,"Documents à produire obligatoirement par le candidat, à l'appui de sa candidature",CF_NIV_SUIV,True,False
22-16693,,,,,False,,,,,,False,,,,,,CF_NIV_SUIV,False,False,False,,False,,False,False,CF_NIV_SUIV,"Copie du ou des jugements prononcés, si le candidat est en redressement judiciaire",CF_NIV_SUIV,True,False
22-16693,,,,,False,,,,,,False,,,,,,CF_NIV_SUIV,False,False,False,,False,,False,False,CF_NIV_SUIV,"Déclaration sur l'honneur du candidat attestant qu'il est en règle, au cours de l'année précédant celle au cours de laquelle a lieu le lancement de la consultation, au regard des articles L. 5212-1, L. 5212-2, L. 5212 5 et L. 5212-9 du code du travail, concernant l'emploi des travailleurs handicapés",CF_NIV_SUIV,True,False
22-16693,,,,,False,,,,,,False,,,,,,CF_NIV_SUIV,False,False,False,,False,,False,False,CF_NIV_SUIV,"Si le candidat est établi en France, une déclaration sur l'honneur du candidat justifiant que le travail est effectué par des salariés employés régulièrement au regard des articles L. 1221-10, L. 3243-2 et R. 3243-1 du code du travail (dans le cas où le candidat emploie des salariés, conformément à l'article D. 8222-5-3° du code du travail)",CF_NIV_SUIV,True,False
22-16693,,,,,False,,,,,,False,,,,,,CF_NIV_SUIV,False,False,False,,False,,False,False,CF_NIV_SUIV,"Si le candidat est établi ou domicilié à l'étranger, une déclaration sur l'honneur du candidat attestant qu'il fournit à ses salariés des bulletins de paie comportant les mentions prévues à l'article R. 3243-1 du code du travail, ou des documents équivalents",CF_NIV_SUIV,True,False
22-16693,,,,,False,,,,,,False,,,,,,CF_NIV_SUIV,False,False,False,,False,,False,False,CF_NIV_SUIV,"Documents à produire à l'appui des candidatures par le candidat, au choix de l'acheteur public",CF_NIV_SUIV,True,False
22-16693,,,,,False,,,,,,False,,,,,,CF_NIV_SUIV,False,False,False,,False,,False,False,CF_NIV_SUIV,"Déclaration concernant le chiffre d'affaires global et le chiffre d'affaires concernant les fournitures, services ou travaux objet du marché, réalisés au cours des trois derniers exercices disponibles",CF_NIV_SUIV,True,False
22-16693,,,,,False,,,,,,False,,,,,,CF_NIV_SUIV,False,False,False,,False,,False,False,CF_NIV_SUIV,Déclaration appropriée de banques ou preuve d'une assurance pour les risques professionnels,CF_NIV_SUIV,True,False
22-16693,,,,,False,,,,,,False,,,,,,CF_NIV_SUIV,False,False,False,,False,,False,False,CF_NIV_SUIV,Déclaration indiquant les effectifs moyens annuels du candidat et l'importance du personnel d'encadrement pour chacune des trois dernières années,CF_NIV_SUIV,True,False
22-16693,,,,,False,,,,,,False,,,,,,CF_NIV_SUIV,False,False,False,,False,,False,False,CF_NIV_SUIV,"Présentation d'une liste des principales fournitures ou des principaux services effectués au cours des trois dernières années, indiquant le montant, la date et le destinataire public ou privé. Les livraisons et les prestations de services sont prouvées par des attestations du destinataire ou, à défaut, par une déclaration de l'opérateur économique",CF_NIV_SUIV,True,False
22-16693,,,,,False,,,,,,False,,,,,,CF_NIV_SUIV,False,False,False,,False,,False,False,CF_NIV_SUIV,"Formulaire DC1, Lettre de candidature - Habilitation du mandataire par ses co-traitants (disponible à l'adresse suivante : http://www.economie.gouv.fr/directions_services/daj/marches_publics/formulaires/DC/daj_dc.htm)",CF_NIV_SUIV,True,False
22-16693,,,,,False,,,,,,False,,,,,,CF_NIV_SUIV,False,False,False,,False,,False,False,CF_NIV_SUIV,"Formulaire DC2, Déclaration du candidat individuel ou du membre du groupement (disponible à l'adresse suivante : http://www.economie.gouv.fr/directions_services/daj/marches_publics/formulaires/DC/daj_dc.htm)",CF_NIV_SUIV,True,False
22-16693,,,,,False,,,,,,False,,,,,,CF_NIV_SUIV,False,False,False,,False,,False,False,CF_NIV_SUIV,"Formulaire DC4, Déclaration de sous-traitance (disponible à l'adresse suivante : http://www.economie.gouv.fr/directions_services/daj/marches_publics/formulaires/DC/daj_dc.htm)",CF_NIV_SUIV,True,False
22-16693,,,,,False,,,,,,False,,,,,,CF_NIV_SUIV,False,False,False,,False,,False,False,CF_NIV_SUIV,"Si les documents fournis par le candidat ne sont pas établis en langue française, ils doivent être accompagnés d'une traduction en français, certifiée conforme à l'original par un traducteur assermenté",CF_NIV_SUIV,True,False
22-16693,,,,,False,,,,,,False,,,,,,CF_NIV_SUIV,False,False,False,,False,,False,False,CF_NIV_SUIV,Les pièces prévues aux articles D. 8222-5 ou D. 8222-7 et D. 8222-8 du code du travail,CF_NIV_SUIV,True,False
22-16693,,,,,False,,,,,,False,,,,,,CF_NIV_SUIV,False,False,False,,False,,False,False,CF_NIV_SUIV,"Si l'attributaire est établi en France, les attestations et certificats délivrés par les administrations et organismes compétents prouvant qu'il a satisfait à ses obligations fiscales et sociales ou un état annuel des certificats reçus",CF_NIV_SUIV,True,False
22-16693,,,,,False,,,,,,False,,,,,,CF_NIV_SUIV,False,False,False,,False,,False,False,CF_NIV_SUIV,"Si l'attributaire est établi dans un Etat autre que la France, un certificat établi par les administrations et organismes du pays d'origine. Lorsqu'un tel certificat n'est pas délivré par le pays concerné, il peut être remplacé par une déclaration sous serment, ou dans les Etats où un tel serment n'existe pas, par une déclaration solennelle faite par l'intéressé devant l'autorité judiciaire ou administrative compétente, un notaire ou un organisme professionnel qualifié du pays",CF_NIV_SUIV,True,False
22-16693,,,,,False,,,,,,False,,,,,,CF_NIV_SUIV,False,False,False,,False,,False,False,CF_NIV_SUIV,"Si les documents fournis par le candidat ne sont pas établis en langue française, ils doivent être accompagnés d'une traduction en français, certifiée conforme à l'original par un traducteur assermenté",CF_NIV_SUIV,True,False
22-16699,,,,,False,,,,,,False,,,,,,CF_NIV_SUIV,False,False,False,,False,,False,False,CF_NIV_SUIV,,CF_NIV_SUIV,False,True
22-16753,,,,,False,,,,,,False,,,,,,CF_NIV_SUIV,False,False,False,,False,,False,False,CF_NIV_SUIV,"Documents à produire obligatoirement par le candidat, à l'appui de sa candidature",CF_NIV_SUIV,False,True
22-16753,,,,,False,,,,,,False,,,,,,CF_NIV_SUIV,False,False,False,,False,,False,False,CF_NIV_SUIV,"Déclaration sur l'honneur du candidat attestant qu'il est en règle, au cours de l'année précédant celle au cours de laquelle a lieu le lancement de la consultation, au regard des articles L. 5212-1, L. 5212-2, L. 5212 5 et L. 5212-9 du code du travail, concernant l'emploi des travailleurs handicapés",CF_NIV_SUIV,False,True
22-16753,,,,,False,,,,,,False,,,,,,CF_NIV_SUIV,False,False,False,,False,,False,False,CF_NIV_SUIV,"Si le candidat est établi en France, une déclaration sur l'honneur du candidat justifiant que le travail est effectué par des salariés employés régulièrement au regard des articles L. 1221-10, L. 3243-2 et R. 3243-1 du code du travail (dans le cas où le candidat emploie des salariés, conformément à l'article D. 8222-5-3° du code du travail)",CF_NIV_SUIV,False,True
