BOAMP_AVIS_NUM,G_04_01_Indexation_Datepublication,G_04_02_Indexation_Datelimitereponse,G_04_03_Indexation_Datefindiffusion,G_04_04_Indexation_Classes,G_04_04_01_Indexation_Classes_Classe,G_04_04_01_01_Indexation_Classes_Classe_Code,G_04_04_01_02_Indexation_Classes_Classe_Libelle,G_04_05_Indexation_Descripteurs,G_04_05_01_Indexation_Descripteurs_Descripteur,G_04_05_01_01_Indexation_Descripteurs_Descripteur_Code,G_04_05_01_02_Indexation_Descripteurs_Descripteur_Libelle,G_04_06_Indexation_Criteressociauxenv,G_04_06_01_Indexation_Criteressociauxenv_Sociaux,G_04_06_02_Indexation_Criteressociauxenv_Environnementaux,G_04_07_Indexation_Deppublication,G_04_08_Indexation_Depprestation,G_04_09_Indexation_Resumeobjet
21-139374,2022-02-02 00:00:00,,2022-04-01 23:00:00,CF_NIV_SUIV,CF_NIV_SUIV,,,CF_NIV_SUIV,CF_NIV_SUIV,274,Prestations de services,CF_NIV_SUIV,False,False,57,,missions de contrôle technique et de coordination de sécurité et de protection de la santé afférentes à la rénovation énergétique d'un bâtiment au lycée schuman à metz
21-141208,2022-02-02 00:00:00,,2022-03-01 00:00:00,CF_NIV_SUIV,CF_NIV_SUIV,,,CF_NIV_SUIV,CF_NIV_SUIV,33,Bâtiment,CF_NIV_SUIV,False,False,21,,rénovation énergétique du bâtiment du siceco à dijon
21-141208,2022-02-02 00:00:00,,2022-03-01 00:00:00,CF_NIV_SUIV,CF_NIV_SUIV,,,CF_NIV_SUIV,CF_NIV_SUIV,61,Chauffage (travaux),CF_NIV_SUIV,False,False,21,,rénovation énergétique du bâtiment du siceco à dijon
21-141208,2022-02-02 00:00:00,,2022-03-01 00:00:00,CF_NIV_SUIV,CF_NIV_SUIV,,,CF_NIV_SUIV,CF_NIV_SUIV,62,Climatisation,CF_NIV_SUIV,False,False,21,,rénovation énergétique du bâtiment du siceco à dijon
21-141208,2022-02-02 00:00:00,,2022-03-01 00:00:00,CF_NIV_SUIV,CF_NIV_SUIV,,,CF_NIV_SUIV,CF_NIV_SUIV,87,Démolition,CF_NIV_SUIV,False,False,21,,rénovation énergétique du bâtiment du siceco à dijon
21-141208,2022-02-02 00:00:00,,2022-03-01 00:00:00,CF_NIV_SUIV,CF_NIV_SUIV,,,CF_NIV_SUIV,CF_NIV_SUIV,105,Electricité (travaux),CF_NIV_SUIV,False,False,21,,rénovation énergétique du bâtiment du siceco à dijon
21-141208,2022-02-02 00:00:00,,2022-03-01 00:00:00,CF_NIV_SUIV,CF_NIV_SUIV,,,CF_NIV_SUIV,CF_NIV_SUIV,117,Etanchéité,CF_NIV_SUIV,False,False,21,,rénovation énergétique du bâtiment du siceco à dijon
21-141208,2022-02-02 00:00:00,,2022-03-01 00:00:00,CF_NIV_SUIV,CF_NIV_SUIV,,,CF_NIV_SUIV,CF_NIV_SUIV,144,Gros oeuvre,CF_NIV_SUIV,False,False,21,,rénovation énergétique du bâtiment du siceco à dijon
21-141208,2022-02-02 00:00:00,,2022-03-01 00:00:00,CF_NIV_SUIV,CF_NIV_SUIV,,,CF_NIV_SUIV,CF_NIV_SUIV,169,Isolation,CF_NIV_SUIV,False,False,21,,rénovation énergétique du bâtiment du siceco à dijon
21-141208,2022-02-02 00:00:00,,2022-03-01 00:00:00,CF_NIV_SUIV,CF_NIV_SUIV,,,CF_NIV_SUIV,CF_NIV_SUIV,222,Menuiserie,CF_NIV_SUIV,False,False,21,,rénovation énergétique du bâtiment du siceco à dijon
21-141208,2022-02-02 00:00:00,,2022-03-01 00:00:00,CF_NIV_SUIV,CF_NIV_SUIV,,,CF_NIV_SUIV,CF_NIV_SUIV,223,Métallerie,CF_NIV_SUIV,False,False,21,,rénovation énergétique du bâtiment du siceco à dijon
21-141208,2022-02-02 00:00:00,,2022-03-01 00:00:00,CF_NIV_SUIV,CF_NIV_SUIV,,,CF_NIV_SUIV,CF_NIV_SUIV,233,Mur de soutènement,CF_NIV_SUIV,False,False,21,,rénovation énergétique du bâtiment du siceco à dijon
21-141208,2022-02-02 00:00:00,,2022-03-01 00:00:00,CF_NIV_SUIV,CF_NIV_SUIV,,,CF_NIV_SUIV,CF_NIV_SUIV,264,Peinture (travaux),CF_NIV_SUIV,False,False,21,,rénovation énergétique du bâtiment du siceco à dijon
21-141208,2022-02-02 00:00:00,,2022-03-01 00:00:00,CF_NIV_SUIV,CF_NIV_SUIV,,,CF_NIV_SUIV,CF_NIV_SUIV,269,Plâtrerie,CF_NIV_SUIV,False,False,21,,rénovation énergétique du bâtiment du siceco à dijon
21-141208,2022-02-02 00:00:00,,2022-03-01 00:00:00,CF_NIV_SUIV,CF_NIV_SUIV,,,CF_NIV_SUIV,CF_NIV_SUIV,270,Plomberie (travaux),CF_NIV_SUIV,False,False,21,,rénovation énergétique du bâtiment du siceco à dijon
21-141208,2022-02-02 00:00:00,,2022-03-01 00:00:00,CF_NIV_SUIV,CF_NIV_SUIV,,,CF_NIV_SUIV,CF_NIV_SUIV,360,Ventilation,CF_NIV_SUIV,False,False,21,,rénovation énergétique du bâtiment du siceco à dijon
21-141208,2022-02-02 00:00:00,,2022-03-01 00:00:00,CF_NIV_SUIV,CF_NIV_SUIV,,,CF_NIV_SUIV,CF_NIV_SUIV,363,Vitrerie,CF_NIV_SUIV,False,False,21,,rénovation énergétique du bâtiment du siceco à dijon
21-141208,2022-02-02 00:00:00,,2022-03-01 00:00:00,CF_NIV_SUIV,CF_NIV_SUIV,,,CF_NIV_SUIV,CF_NIV_SUIV,372,Zinguerie,CF_NIV_SUIV,False,False,21,,rénovation énergétique du bâtiment du siceco à dijon
21-141208,2022-02-02 00:00:00,,2022-03-01 00:00:00,CF_NIV_SUIV,CF_NIV_SUIV,,,CF_NIV_SUIV,CF_NIV_SUIV,476,Photovoltaïque,CF_NIV_SUIV,False,False,21,,rénovation énergétique du bâtiment du siceco à dijon
21-161297,2022-02-02 00:00:00,,2022-04-01 23:00:00,CF_NIV_SUIV,CF_NIV_SUIV,,,CF_NIV_SUIV,CF_NIV_SUIV,72,Contrôle technique,CF_NIV_SUIV,False,False,54,,missions de contrôle technique et de coordination de sécurité et de protection de la santé afférentes à la construction d'un gymnase pour sportifs de haut niveau au creps d'essey-lès-nancy
21-161714,2022-02-02 00:00:00,,2022-04-01 23:00:00,CF_NIV_SUIV,CF_NIV_SUIV,,,CF_NIV_SUIV,CF_NIV_SUIV,345,Tous corps d'état,CF_NIV_SUIV,False,False,57,,mise en conformité accessibilité au lpr rené cassin à metz
21-80026,2022-02-02 00:00:00,,2022-03-07 00:00:00,CF_NIV_SUIV,CF_NIV_SUIV,,,CF_NIV_SUIV,CF_NIV_SUIV,29,Banc d'essais,CF_NIV_SUIV,False,False,35,,"Etude, réalisation, installation et MCO d'un système d'asservissement en vitesse et de codage en position d'une cible suspendue dans la base de mesures SOLANGE (PAMELA)."
21-80026,2022-02-02 00:00:00,,2022-03-07 00:00:00,CF_NIV_SUIV,CF_NIV_SUIV,,,CF_NIV_SUIV,CF_NIV_SUIV,115,Equipements spécialisés,CF_NIV_SUIV,False,False,35,,"Etude, réalisation, installation et MCO d'un système d'asservissement en vitesse et de codage en position d'une cible suspendue dans la base de mesures SOLANGE (PAMELA)."
21-80026,2022-02-02 00:00:00,,2022-03-07 00:00:00,CF_NIV_SUIV,CF_NIV_SUIV,,,CF_NIV_SUIV,CF_NIV_SUIV,118,Etude,CF_NIV_SUIV,False,False,35,,"Etude, réalisation, installation et MCO d'un système d'asservissement en vitesse et de codage en position d'une cible suspendue dans la base de mesures SOLANGE (PAMELA)."
21-80026,2022-02-02 00:00:00,,2022-03-07 00:00:00,CF_NIV_SUIV,CF_NIV_SUIV,,,CF_NIV_SUIV,CF_NIV_SUIV,248,Optique,CF_NIV_SUIV,False,False,35,,"Etude, réalisation, installation et MCO d'un système d'asservissement en vitesse et de codage en position d'une cible suspendue dans la base de mesures SOLANGE (PAMELA)."
22-11778,2022-02-01 00:00:00,,2022-03-31 23:00:00,CF_NIV_SUIV,CF_NIV_SUIV,,,CF_NIV_SUIV,CF_NIV_SUIV,74,Couverture,CF_NIV_SUIV,True,False,971,,Réalisation de la couverture du terrain de sport de café
22-11778,2022-02-01 00:00:00,,2022-03-31 23:00:00,CF_NIV_SUIV,CF_NIV_SUIV,,,CF_NIV_SUIV,CF_NIV_SUIV,87,Démolition,CF_NIV_SUIV,True,False,971,,Réalisation de la couverture du terrain de sport de café
22-11778,2022-02-01 00:00:00,,2022-03-31 23:00:00,CF_NIV_SUIV,CF_NIV_SUIV,,,CF_NIV_SUIV,CF_NIV_SUIV,113,Equipement sportif,CF_NIV_SUIV,True,False,971,,Réalisation de la couverture du terrain de sport de café
22-11778,2022-02-01 00:00:00,,2022-03-31 23:00:00,CF_NIV_SUIV,CF_NIV_SUIV,,,CF_NIV_SUIV,CF_NIV_SUIV,342,Terrain de sport,CF_NIV_SUIV,True,False,971,,Réalisation de la couverture du terrain de sport de café
22-12870,2022-02-01 00:00:00,,2022-03-31 23:00:00,CF_NIV_SUIV,CF_NIV_SUIV,,,CF_NIV_SUIV,CF_NIV_SUIV,433,Assistance à maîtrise d'ouvrage,CF_NIV_SUIV,False,False,93,,préparation et suivi du marché de conception-réalisation pour la requalification et l'extension de la piscine de sevran dans le cadre du projet heritage jop 2024
22-12932,2022-02-01 00:00:00,,2022-03-25 00:00:00,CF_NIV_SUIV,CF_NIV_SUIV,,,CF_NIV_SUIV,CF_NIV_SUIV,33,Bâtiment,CF_NIV_SUIV,False,False,94,,marché de travaux de parachèvement du nouveau palais de justice de pointe à pitre (annulation)
22-12932,2022-02-01 00:00:00,,2022-03-25 00:00:00,CF_NIV_SUIV,CF_NIV_SUIV,,,CF_NIV_SUIV,CF_NIV_SUIV,33,Bâtiment,CF_NIV_SUIV,False,False,75,,marché de travaux de parachèvement du nouveau palais de justice de pointe à pitre (annulation)
22-12932,2022-02-01 00:00:00,,2022-03-25 00:00:00,CF_NIV_SUIV,CF_NIV_SUIV,,,CF_NIV_SUIV,CF_NIV_SUIV,33,Bâtiment,CF_NIV_SUIV,False,False,971,,marché de travaux de parachèvement du nouveau palais de justice de pointe à pitre (annulation)
22-12932,2022-02-01 00:00:00,,2022-03-25 00:00:00,CF_NIV_SUIV,CF_NIV_SUIV,,,CF_NIV_SUIV,CF_NIV_SUIV,33,Bâtiment,CF_NIV_SUIV,False,False,972,,marché de travaux de parachèvement du nouveau palais de justice de pointe à pitre (annulation)
22-12932,2022-02-01 00:00:00,,2022-03-25 00:00:00,CF_NIV_SUIV,CF_NIV_SUIV,,,CF_NIV_SUIV,CF_NIV_SUIV,62,Climatisation,CF_NIV_SUIV,False,False,94,,marché de travaux de parachèvement du nouveau palais de justice de pointe à pitre (annulation)
22-12932,2022-02-01 00:00:00,,2022-03-25 00:00:00,CF_NIV_SUIV,CF_NIV_SUIV,,,CF_NIV_SUIV,CF_NIV_SUIV,62,Climatisation,CF_NIV_SUIV,False,False,75,,marché de travaux de parachèvement du nouveau palais de justice de pointe à pitre (annulation)
22-12932,2022-02-01 00:00:00,,2022-03-25 00:00:00,CF_NIV_SUIV,CF_NIV_SUIV,,,CF_NIV_SUIV,CF_NIV_SUIV,62,Climatisation,CF_NIV_SUIV,False,False,971,,marché de travaux de parachèvement du nouveau palais de justice de pointe à pitre (annulation)
22-12932,2022-02-01 00:00:00,,2022-03-25 00:00:00,CF_NIV_SUIV,CF_NIV_SUIV,,,CF_NIV_SUIV,CF_NIV_SUIV,62,Climatisation,CF_NIV_SUIV,False,False,972,,marché de travaux de parachèvement du nouveau palais de justice de pointe à pitre (annulation)
22-12932,2022-02-01 00:00:00,,2022-03-25 00:00:00,CF_NIV_SUIV,CF_NIV_SUIV,,,CF_NIV_SUIV,CF_NIV_SUIV,105,Electricité (travaux),CF_NIV_SUIV,False,False,94,,marché de travaux de parachèvement du nouveau palais de justice de pointe à pitre (annulation)
22-12932,2022-02-01 00:00:00,,2022-03-25 00:00:00,CF_NIV_SUIV,CF_NIV_SUIV,,,CF_NIV_SUIV,CF_NIV_SUIV,105,Electricité (travaux),CF_NIV_SUIV,False,False,75,,marché de travaux de parachèvement du nouveau palais de justice de pointe à pitre (annulation)
22-12932,2022-02-01 00:00:00,,2022-03-25 00:00:00,CF_NIV_SUIV,CF_NIV_SUIV,,,CF_NIV_SUIV,CF_NIV_SUIV,105,Electricité (travaux),CF_NIV_SUIV,False,False,971,,marché de travaux de parachèvement du nouveau palais de justice de pointe à pitre (annulation)
22-12932,2022-02-01 00:00:00,,2022-03-25 00:00:00,CF_NIV_SUIV,CF_NIV_SUIV,,,CF_NIV_SUIV,CF_NIV_SUIV,105,Electricité (travaux),CF_NIV_SUIV,False,False,972,,marché de travaux de parachèvement du nouveau palais de justice de pointe à pitre (annulation)
22-12932,2022-02-01 00:00:00,,2022-03-25 00:00:00,CF_NIV_SUIV,CF_NIV_SUIV,,,CF_NIV_SUIV,CF_NIV_SUIV,264,Peinture (travaux),CF_NIV_SUIV,False,False,94,,marché de travaux de parachèvement du nouveau palais de justice de pointe à pitre (annulation)
22-12932,2022-02-01 00:00:00,,2022-03-25 00:00:00,CF_NIV_SUIV,CF_NIV_SUIV,,,CF_NIV_SUIV,CF_NIV_SUIV,264,Peinture (travaux),CF_NIV_SUIV,False,False,75,,marché de travaux de parachèvement du nouveau palais de justice de pointe à pitre (annulation)
22-12932,2022-02-01 00:00:00,,2022-03-25 00:00:00,CF_NIV_SUIV,CF_NIV_SUIV,,,CF_NIV_SUIV,CF_NIV_SUIV,264,Peinture (travaux),CF_NIV_SUIV,False,False,971,,marché de travaux de parachèvement du nouveau palais de justice de pointe à pitre (annulation)
22-12932,2022-02-01 00:00:00,,2022-03-25 00:00:00,CF_NIV_SUIV,CF_NIV_SUIV,,,CF_NIV_SUIV,CF_NIV_SUIV,264,Peinture (travaux),CF_NIV_SUIV,False,False,972,,marché de travaux de parachèvement du nouveau palais de justice de pointe à pitre (annulation)
22-12932,2022-02-01 00:00:00,,2022-03-25 00:00:00,CF_NIV_SUIV,CF_NIV_SUIV,,,CF_NIV_SUIV,CF_NIV_SUIV,321,Serrurerie,CF_NIV_SUIV,False,False,94,,marché de travaux de parachèvement du nouveau palais de justice de pointe à pitre (annulation)
22-12932,2022-02-01 00:00:00,,2022-03-25 00:00:00,CF_NIV_SUIV,CF_NIV_SUIV,,,CF_NIV_SUIV,CF_NIV_SUIV,321,Serrurerie,CF_NIV_SUIV,False,False,75,,marché de travaux de parachèvement du nouveau palais de justice de pointe à pitre (annulation)
22-12932,2022-02-01 00:00:00,,2022-03-25 00:00:00,CF_NIV_SUIV,CF_NIV_SUIV,,,CF_NIV_SUIV,CF_NIV_SUIV,321,Serrurerie,CF_NIV_SUIV,False,False,971,,marché de travaux de parachèvement du nouveau palais de justice de pointe à pitre (annulation)
22-12932,2022-02-01 00:00:00,,2022-03-25 00:00:00,CF_NIV_SUIV,CF_NIV_SUIV,,,CF_NIV_SUIV,CF_NIV_SUIV,321,Serrurerie,CF_NIV_SUIV,False,False,972,,marché de travaux de parachèvement du nouveau palais de justice de pointe à pitre (annulation)
22-13432,2022-02-01 00:00:00,,2022-03-31 23:00:00,CF_NIV_SUIV,CF_NIV_SUIV,,,CF_NIV_SUIV,CF_NIV_SUIV,105,Electricité (travaux),CF_NIV_SUIV,True,False,971,,confortement et réhabilitation du groupe scolaire de bragelogne- lot 01
22-13432,2022-02-01 00:00:00,,2022-03-31 23:00:00,CF_NIV_SUIV,CF_NIV_SUIV,,,CF_NIV_SUIV,CF_NIV_SUIV,144,Gros oeuvre,CF_NIV_SUIV,True,False,971,,confortement et réhabilitation du groupe scolaire de bragelogne- lot 01
22-13432,2022-02-01 00:00:00,,2022-03-31 23:00:00,CF_NIV_SUIV,CF_NIV_SUIV,,,CF_NIV_SUIV,CF_NIV_SUIV,222,Menuiserie,CF_NIV_SUIV,True,False,971,,confortement et réhabilitation du groupe scolaire de bragelogne- lot 01
22-13432,2022-02-01 00:00:00,,2022-03-31 23:00:00,CF_NIV_SUIV,CF_NIV_SUIV,,,CF_NIV_SUIV,CF_NIV_SUIV,264,Peinture (travaux),CF_NIV_SUIV,True,False,971,,confortement et réhabilitation du groupe scolaire de bragelogne- lot 01
22-13432,2022-02-01 00:00:00,,2022-03-31 23:00:00,CF_NIV_SUIV,CF_NIV_SUIV,,,CF_NIV_SUIV,CF_NIV_SUIV,270,Plomberie (travaux),CF_NIV_SUIV,True,False,971,,confortement et réhabilitation du groupe scolaire de bragelogne- lot 01
22-14239,2022-02-01 00:00:00,2022-02-23 12:00:00,2022-02-23 00:00:00,CF_NIV_SUIV,CF_NIV_SUIV,,,CF_NIV_SUIV,CF_NIV_SUIV,118,Etude,CF_NIV_SUIV,False,False,51,,Appui à la rédaction du schéma régional des carrières en région grand-est
22-14239,2022-02-01 00:00:00,2022-02-23 12:00:00,2022-02-23 00:00:00,CF_NIV_SUIV,CF_NIV_SUIV,,,CF_NIV_SUIV,CF_NIV_SUIV,118,Etude,CF_NIV_SUIV,False,False,52,,Appui à la rédaction du schéma régional des carrières en région grand-est
22-14239,2022-02-01 00:00:00,2022-02-23 12:00:00,2022-02-23 00:00:00,CF_NIV_SUIV,CF_NIV_SUIV,,,CF_NIV_SUIV,CF_NIV_SUIV,118,Etude,CF_NIV_SUIV,False,False,54,,Appui à la rédaction du schéma régional des carrières en région grand-est
22-14239,2022-02-01 00:00:00,2022-02-23 12:00:00,2022-02-23 00:00:00,CF_NIV_SUIV,CF_NIV_SUIV,,,CF_NIV_SUIV,CF_NIV_SUIV,118,Etude,CF_NIV_SUIV,False,False,55,,Appui à la rédaction du schéma régional des carrières en région grand-est
22-14239,2022-02-01 00:00:00,2022-02-23 12:00:00,2022-02-23 00:00:00,CF_NIV_SUIV,CF_NIV_SUIV,,,CF_NIV_SUIV,CF_NIV_SUIV,118,Etude,CF_NIV_SUIV,False,False,57,,Appui à la rédaction du schéma régional des carrières en région grand-est
22-14239,2022-02-01 00:00:00,2022-02-23 12:00:00,2022-02-23 00:00:00,CF_NIV_SUIV,CF_NIV_SUIV,,,CF_NIV_SUIV,CF_NIV_SUIV,118,Etude,CF_NIV_SUIV,False,False,67,,Appui à la rédaction du schéma régional des carrières en région grand-est
22-14239,2022-02-01 00:00:00,2022-02-23 12:00:00,2022-02-23 00:00:00,CF_NIV_SUIV,CF_NIV_SUIV,,,CF_NIV_SUIV,CF_NIV_SUIV,118,Etude,CF_NIV_SUIV,False,False,68,,Appui à la rédaction du schéma régional des carrières en région grand-est
22-14239,2022-02-01 00:00:00,2022-02-23 12:00:00,2022-02-23 00:00:00,CF_NIV_SUIV,CF_NIV_SUIV,,,CF_NIV_SUIV,CF_NIV_SUIV,118,Etude,CF_NIV_SUIV,False,False,88,,Appui à la rédaction du schéma régional des carrières en région grand-est
22-14239,2022-02-01 00:00:00,2022-02-23 12:00:00,2022-02-23 00:00:00,CF_NIV_SUIV,CF_NIV_SUIV,,,CF_NIV_SUIV,CF_NIV_SUIV,118,Etude,CF_NIV_SUIV,False,False,10,,Appui à la rédaction du schéma régional des carrières en région grand-est
22-14629,2022-02-02 00:00:00,,2022-03-01 00:00:00,CF_NIV_SUIV,CF_NIV_SUIV,,,CF_NIV_SUIV,CF_NIV_SUIV,30,Bardage,CF_NIV_SUIV,False,False,21,,construction d'une chaufferie automatique au bois déchiqueté avec réseau de chaleur - commune de fontaine francaise (21610)
22-14629,2022-02-02 00:00:00,,2022-03-01 00:00:00,CF_NIV_SUIV,CF_NIV_SUIV,,,CF_NIV_SUIV,CF_NIV_SUIV,59,"Chauffage (exploitation, entretien)",CF_NIV_SUIV,False,False,21,,construction d'une chaufferie automatique au bois déchiqueté avec réseau de chaleur - commune de fontaine francaise (21610)
22-14629,2022-02-02 00:00:00,,2022-03-01 00:00:00,CF_NIV_SUIV,CF_NIV_SUIV,,,CF_NIV_SUIV,CF_NIV_SUIV,61,Chauffage (travaux),CF_NIV_SUIV,False,False,21,,construction d'une chaufferie automatique au bois déchiqueté avec réseau de chaleur - commune de fontaine francaise (21610)
22-14629,2022-02-02 00:00:00,,2022-03-01 00:00:00,CF_NIV_SUIV,CF_NIV_SUIV,,,CF_NIV_SUIV,CF_NIV_SUIV,105,Electricité (travaux),CF_NIV_SUIV,False,False,21,,construction d'une chaufferie automatique au bois déchiqueté avec réseau de chaleur - commune de fontaine francaise (21610)
22-14629,2022-02-02 00:00:00,,2022-03-01 00:00:00,CF_NIV_SUIV,CF_NIV_SUIV,,,CF_NIV_SUIV,CF_NIV_SUIV,114,Equipement thermique,CF_NIV_SUIV,False,False,21,,construction d'une chaufferie automatique au bois déchiqueté avec réseau de chaleur - commune de fontaine francaise (21610)
22-14629,2022-02-02 00:00:00,,2022-03-01 00:00:00,CF_NIV_SUIV,CF_NIV_SUIV,,,CF_NIV_SUIV,CF_NIV_SUIV,117,Etanchéité,CF_NIV_SUIV,False,False,21,,construction d'une chaufferie automatique au bois déchiqueté avec réseau de chaleur - commune de fontaine francaise (21610)
22-14629,2022-02-02 00:00:00,,2022-03-01 00:00:00,CF_NIV_SUIV,CF_NIV_SUIV,,,CF_NIV_SUIV,CF_NIV_SUIV,144,Gros oeuvre,CF_NIV_SUIV,False,False,21,,construction d'une chaufferie automatique au bois déchiqueté avec réseau de chaleur - commune de fontaine francaise (21610)
22-14629,2022-02-02 00:00:00,,2022-03-01 00:00:00,CF_NIV_SUIV,CF_NIV_SUIV,,,CF_NIV_SUIV,CF_NIV_SUIV,321,Serrurerie,CF_NIV_SUIV,False,False,21,,construction d'une chaufferie automatique au bois déchiqueté avec réseau de chaleur - commune de fontaine francaise (21610)
22-14629,2022-02-02 00:00:00,,2022-03-01 00:00:00,CF_NIV_SUIV,CF_NIV_SUIV,,,CF_NIV_SUIV,CF_NIV_SUIV,341,Terrassement,CF_NIV_SUIV,False,False,21,,construction d'une chaufferie automatique au bois déchiqueté avec réseau de chaleur - commune de fontaine francaise (21610)
22-14629,2022-02-02 00:00:00,,2022-03-01 00:00:00,CF_NIV_SUIV,CF_NIV_SUIV,,,CF_NIV_SUIV,CF_NIV_SUIV,366,Voirie et réseaux divers,CF_NIV_SUIV,False,False,21,,construction d'une chaufferie automatique au bois déchiqueté avec réseau de chaleur - commune de fontaine francaise (21610)
22-14646,2022-02-01 00:00:00,2022-03-15 12:00:00,2022-03-15 00:00:00,CF_NIV_SUIV,CF_NIV_SUIV,,,CF_NIV_SUIV,CF_NIV_SUIV,118,Etude,CF_NIV_SUIV,False,False,76,,Assistance à maîtrise d'ouvrage pour la réalisation d'études et essais complémentaires autour du bassin de paris
22-14646,2022-02-01 00:00:00,2022-03-15 12:00:00,2022-03-15 00:00:00,CF_NIV_SUIV,CF_NIV_SUIV,,,CF_NIV_SUIV,CF_NIV_SUIV,118,Etude,CF_NIV_SUIV,False,False,14,,Assistance à maîtrise d'ouvrage pour la réalisation d'études et essais complémentaires autour du bassin de paris
22-14646,2022-02-01 00:00:00,2022-03-15 12:00:00,2022-03-15 00:00:00,CF_NIV_SUIV,CF_NIV_SUIV,,,CF_NIV_SUIV,CF_NIV_SUIV,141,Génie civil,CF_NIV_SUIV,False,False,76,,Assistance à maîtrise d'ouvrage pour la réalisation d'études et essais complémentaires autour du bassin de paris
22-14646,2022-02-01 00:00:00,2022-03-15 12:00:00,2022-03-15 00:00:00,CF_NIV_SUIV,CF_NIV_SUIV,,,CF_NIV_SUIV,CF_NIV_SUIV,141,Génie civil,CF_NIV_SUIV,False,False,14,,Assistance à maîtrise d'ouvrage pour la réalisation d'études et essais complémentaires autour du bassin de paris
22-14646,2022-02-01 00:00:00,2022-03-15 12:00:00,2022-03-15 00:00:00,CF_NIV_SUIV,CF_NIV_SUIV,,,CF_NIV_SUIV,CF_NIV_SUIV,433,Assistance à maîtrise d'ouvrage,CF_NIV_SUIV,False,False,76,,Assistance à maîtrise d'ouvrage pour la réalisation d'études et essais complémentaires autour du bassin de paris
22-14646,2022-02-01 00:00:00,2022-03-15 12:00:00,2022-03-15 00:00:00,CF_NIV_SUIV,CF_NIV_SUIV,,,CF_NIV_SUIV,CF_NIV_SUIV,433,Assistance à maîtrise d'ouvrage,CF_NIV_SUIV,False,False,14,,Assistance à maîtrise d'ouvrage pour la réalisation d'études et essais complémentaires autour du bassin de paris
22-14646,2022-02-01 00:00:00,2022-03-15 12:00:00,2022-03-15 00:00:00,CF_NIV_SUIV,CF_NIV_SUIV,,,CF_NIV_SUIV,CF_NIV_SUIV,455,Ingénierie,CF_NIV_SUIV,False,False,76,,Assistance à maîtrise d'ouvrage pour la réalisation d'études et essais complémentaires autour du bassin de paris
22-14646,2022-02-01 00:00:00,2022-03-15 12:00:00,2022-03-15 00:00:00,CF_NIV_SUIV,CF_NIV_SUIV,,,CF_NIV_SUIV,CF_NIV_SUIV,455,Ingénierie,CF_NIV_SUIV,False,False,14,,Assistance à maîtrise d'ouvrage pour la réalisation d'études et essais complémentaires autour du bassin de paris
22-15481,2022-02-02 00:00:00,,2022-04-13 23:00:00,CF_NIV_SUIV,CF_NIV_SUIV,,,CF_NIV_SUIV,CF_NIV_SUIV,82,Collecte sélective,CF_NIV_SUIV,False,True,60,,Collecte et traitement des déchets pneumatiques pour les besoins duDépartement de l'Oise
22-15481,2022-02-02 00:00:00,,2022-04-13 23:00:00,CF_NIV_SUIV,CF_NIV_SUIV,,,CF_NIV_SUIV,CF_NIV_SUIV,405,Déchetterie (exploitation),CF_NIV_SUIV,False,True,60,,Collecte et traitement des déchets pneumatiques pour les besoins duDépartement de l'Oise
22-15717,2022-02-02 00:00:00,2022-03-15 15:30:00,2022-02-09 00:00:00,CF_NIV_SUIV,CF_NIV_SUIV,,,CF_NIV_SUIV,CF_NIV_SUIV,105,Electricité (travaux),CF_NIV_SUIV,False,False,83,,L'opération consiste au remplacement du poste électrique Malbousquet 63/10kV-50Hz dans la zone Malbousquet de la Base Navale de Toulon
22-15717,2022-02-02 00:00:00,2022-03-15 15:30:00,2022-02-09 00:00:00,CF_NIV_SUIV,CF_NIV_SUIV,,,CF_NIV_SUIV,CF_NIV_SUIV,346,Transformateur,CF_NIV_SUIV,False,False,83,,L'opération consiste au remplacement du poste électrique Malbousquet 63/10kV-50Hz dans la zone Malbousquet de la Base Navale de Toulon
22-15764,2022-02-01 00:00:00,,2022-03-30 23:00:00,CF_NIV_SUIV,CF_NIV_SUIV,,,CF_NIV_SUIV,CF_NIV_SUIV,59,"Chauffage (exploitation, entretien)",CF_NIV_SUIV,False,False,54,,"Entretien, réparations et petits travaux neufs dans les piscines métropolitaines"
22-15764,2022-02-01 00:00:00,,2022-03-30 23:00:00,CF_NIV_SUIV,CF_NIV_SUIV,,,CF_NIV_SUIV,CF_NIV_SUIV,270,Plomberie (travaux),CF_NIV_SUIV,False,False,54,,"Entretien, réparations et petits travaux neufs dans les piscines métropolitaines"
22-15764,2022-02-01 00:00:00,,2022-03-30 23:00:00,CF_NIV_SUIV,CF_NIV_SUIV,,,CF_NIV_SUIV,CF_NIV_SUIV,349,Travaux dans l'eau,CF_NIV_SUIV,False,False,54,,"Entretien, réparations et petits travaux neufs dans les piscines métropolitaines"
22-15798,2022-02-01 00:00:00,2022-02-25 16:00:00,2022-02-25 00:00:00,CF_NIV_SUIV,CF_NIV_SUIV,,,CF_NIV_SUIV,CF_NIV_SUIV,343,Textile,CF_NIV_SUIV,False,False,59,,mapa 2022-2029 consommables thermiques pour le marquage textile
22-15798,2022-02-01 00:00:00,2022-02-25 16:00:00,2022-02-25 00:00:00,CF_NIV_SUIV,CF_NIV_SUIV,,,CF_NIV_SUIV,CF_NIV_SUIV,343,Textile,CF_NIV_SUIV,False,False,62,,mapa 2022-2029 consommables thermiques pour le marquage textile
22-15870,2022-02-02 00:00:00,,2022-03-02 00:00:00,CF_NIV_SUIV,CF_NIV_SUIV,,,CF_NIV_SUIV,CF_NIV_SUIV,119,Extincteur,CF_NIV_SUIV,False,False,11,,maintenance des moyens d'extinction d'incendie des bâtiments et véhicules départementaux
22-15870,2022-02-02 00:00:00,,2022-03-02 00:00:00,CF_NIV_SUIV,CF_NIV_SUIV,,,CF_NIV_SUIV,CF_NIV_SUIV,196,Maintenance,CF_NIV_SUIV,False,False,11,,maintenance des moyens d'extinction d'incendie des bâtiments et véhicules départementaux
22-16090,2022-02-01 00:00:00,2022-02-24 12:00:00,2022-02-24 00:00:00,CF_NIV_SUIV,CF_NIV_SUIV,,,CF_NIV_SUIV,CF_NIV_SUIV,31,Barrage,CF_NIV_SUIV,False,True,71,,22006PRP - Blanzy - Barrage de la Sorme - Travaux de mise aux normes - tranche 1 / phase 1 - travaux de remplacement de la vanne de vidange amont
22-16092,2022-02-01 00:00:00,2022-03-04 12:00:00,2022-03-02 00:00:00,CF_NIV_SUIV,CF_NIV_SUIV,,,CF_NIV_SUIV,CF_NIV_SUIV,278,Produits d'entretien,CF_NIV_SUIV,False,False,59,,ACQUISITION DE PRODUITS NETTOYANTS ET ACCESSOIRES POUR LUTTER CONTRE LA COVID19
22-16094,2022-02-01 00:00:00,,2022-03-01 00:00:00,CF_NIV_SUIV,CF_NIV_SUIV,,,CF_NIV_SUIV,CF_NIV_SUIV,455,Ingénierie,CF_NIV_SUIV,False,False,67,,mission de coordination de sécurité et de protection de la santé pour le projet de construction du nouveau collège du neuhof niveau 1
22-16115,2022-02-01 00:00:00,,2022-02-18 00:00:00,CF_NIV_SUIV,CF_NIV_SUIV,,,CF_NIV_SUIV,CF_NIV_SUIV,195,Maçonnerie,CF_NIV_SUIV,False,False,976,,"Travaux d'aménagement d'un point de débarquement en Petite-Terre : estacade, protection du terre-plein, travaux de la rampe de mise à l'eau"
22-16117,2022-02-01 00:00:00,,2022-03-30 23:00:00,CF_NIV_SUIV,CF_NIV_SUIV,,,CF_NIV_SUIV,CF_NIV_SUIV,89,"Dératisation, désinsectisation",CF_NIV_SUIV,False,False,13,,DERATISATION ET DESINSECTISATION DE L'ENSEMBLE DES BATIMENTS DE L'INSTITUT PAOLI-CALMETTES (IPC)
22-16123,2022-02-01 00:00:00,,2022-03-31 23:00:00,CF_NIV_SUIV,CF_NIV_SUIV,,,CF_NIV_SUIV,CF_NIV_SUIV,72,Contrôle technique,CF_NIV_SUIV,False,False,62,,TESTS SUR POTEAUX BOUCHES D'INCENDIE ET AUTRES POINTS D'EAU INCENDIE
22-16123,2022-02-01 00:00:00,,2022-03-31 23:00:00,CF_NIV_SUIV,CF_NIV_SUIV,,,CF_NIV_SUIV,CF_NIV_SUIV,217,Matériel de secours et d'incendie,CF_NIV_SUIV,False,False,62,,TESTS SUR POTEAUX BOUCHES D'INCENDIE ET AUTRES POINTS D'EAU INCENDIE
22-16124,2022-02-01 00:00:00,,2022-03-30 23:00:00,CF_NIV_SUIV,CF_NIV_SUIV,,,CF_NIV_SUIV,CF_NIV_SUIV,274,Prestations de services,CF_NIV_SUIV,False,True,13,,"Passée selon la procédure prévue à l'article L. 2123-1 du code de la commande publique, la consultation vise à la conclusion, pour les besoins de la direction de Pôle emploi Provence-Alpes-Côte d"
22-16133,2022-02-01 00:00:00,2022-02-22 12:00:00,2022-02-22 00:00:00,CF_NIV_SUIV,CF_NIV_SUIV,,,CF_NIV_SUIV,CF_NIV_SUIV,274,Prestations de services,CF_NIV_SUIV,False,False,62,,"Mesures des émissions sonores dans l'environnement des icpe de la communauté d'agglomération de béthune-bruay, artois lys romane"
22-16137,2022-02-01 00:00:00,2022-02-22 17:00:00,2022-02-22 00:00:00,CF_NIV_SUIV,CF_NIV_SUIV,,,CF_NIV_SUIV,CF_NIV_SUIV,239,Nettoyage de locaux,CF_NIV_SUIV,False,True,19,,ENTRETIEN DES LOCAUX DE LA PROPRETE URBAINE ET DES LOCAUX DU SERVICE PREVENTION ET HANDICAP
22-16146,2022-02-01 00:00:00,,2022-04-30 23:00:00,CF_NIV_SUIV,CF_NIV_SUIV,,,CF_NIV_SUIV,CF_NIV_SUIV,168,Irrigation,CF_NIV_SUIV,False,False,26,,Opérations ponctuelles de travaux sur réseaux d'irrigation
22-16147,2022-02-01 00:00:00,,2022-04-30 23:00:00,CF_NIV_SUIV,CF_NIV_SUIV,,,CF_NIV_SUIV,CF_NIV_SUIV,33,Bâtiment,CF_NIV_SUIV,False,False,26,,Construction d'un bâtiment sur la station de pompage de Montélier
22-16147,2022-02-01 00:00:00,,2022-04-30 23:00:00,CF_NIV_SUIV,CF_NIV_SUIV,,,CF_NIV_SUIV,CF_NIV_SUIV,168,Irrigation,CF_NIV_SUIV,False,False,26,,Construction d'un bâtiment sur la station de pompage de Montélier
22-16147,2022-02-01 00:00:00,,2022-04-30 23:00:00,CF_NIV_SUIV,CF_NIV_SUIV,,,CF_NIV_SUIV,CF_NIV_SUIV,326,Station de pompage,CF_NIV_SUIV,False,False,26,,Construction d'un bâtiment sur la station de pompage de Montélier
22-16163,2022-02-01 00:00:00,2022-02-15 12:00:00,2022-02-15 00:00:00,CF_NIV_SUIV,CF_NIV_SUIV,,,CF_NIV_SUIV,CF_NIV_SUIV,19,Assistance technique,CF_NIV_SUIV,False,False,66,,mise en place de dispositif de mesures et suivi hydrologique du canal de pezilla
22-16163,2022-02-01 00:00:00,2022-02-15 12:00:00,2022-02-15 00:00:00,CF_NIV_SUIV,CF_NIV_SUIV,,,CF_NIV_SUIV,CF_NIV_SUIV,168,Irrigation,CF_NIV_SUIV,False,False,66,,mise en place de dispositif de mesures et suivi hydrologique du canal de pezilla
22-16163,2022-02-01 00:00:00,2022-02-15 12:00:00,2022-02-15 00:00:00,CF_NIV_SUIV,CF_NIV_SUIV,,,CF_NIV_SUIV,CF_NIV_SUIV,197,Maîtrise d'oeuvre,CF_NIV_SUIV,False,False,66,,mise en place de dispositif de mesures et suivi hydrologique du canal de pezilla
22-16163,2022-02-01 00:00:00,2022-02-15 12:00:00,2022-02-15 00:00:00,CF_NIV_SUIV,CF_NIV_SUIV,,,CF_NIV_SUIV,CF_NIV_SUIV,455,Ingénierie,CF_NIV_SUIV,False,False,66,,mise en place de dispositif de mesures et suivi hydrologique du canal de pezilla
22-16169,2022-02-01 00:00:00,,2022-03-31 23:00:00,CF_NIV_SUIV,CF_NIV_SUIV,,,CF_NIV_SUIV,CF_NIV_SUIV,116,Espaces verts,CF_NIV_SUIV,False,False,6,,Acquisition de substrats d'origine végétale et minérale
22-16195,2022-02-01 00:00:00,,2022-02-25 00:00:00,CF_NIV_SUIV,CF_NIV_SUIV,,,CF_NIV_SUIV,CF_NIV_SUIV,433,Assistance à maîtrise d'ouvrage,CF_NIV_SUIV,False,False,3,,territoire intelligent et durable - assistance à maitrise d'ouvrage
22-16200,2022-02-01 00:00:00,,2022-03-31 23:00:00,CF_NIV_SUIV,CF_NIV_SUIV,,,CF_NIV_SUIV,CF_NIV_SUIV,117,Etanchéité,CF_NIV_SUIV,False,True,94,,"Travaux d'entretien des bâtiments communaux, année 2022 (1 an reconductible 2 fois) - Lot 6 : étanchéité."
22-16224,2022-02-01 00:00:00,,2022-04-30 23:00:00,CF_NIV_SUIV,CF_NIV_SUIV,,,CF_NIV_SUIV,CF_NIV_SUIV,307,Réservoir,CF_NIV_SUIV,False,True,26,,REHABILITATION DU CHATEAU D'EAU ALOUETTE A ETOILE-SUR-RHONE
22-16225,2022-02-01 00:00:00,,2022-04-30 23:00:00,CF_NIV_SUIV,CF_NIV_SUIV,,,CF_NIV_SUIV,CF_NIV_SUIV,57,Charpente,CF_NIV_SUIV,False,True,26,,EXTENSION DE LA ZONE DE BUREAUX ET DE LA ZONE ATELIER
22-16225,2022-02-01 00:00:00,,2022-04-30 23:00:00,CF_NIV_SUIV,CF_NIV_SUIV,,,CF_NIV_SUIV,CF_NIV_SUIV,105,Electricité (travaux),CF_NIV_SUIV,False,True,26,,EXTENSION DE LA ZONE DE BUREAUX ET DE LA ZONE ATELIER
22-16225,2022-02-01 00:00:00,,2022-04-30 23:00:00,CF_NIV_SUIV,CF_NIV_SUIV,,,CF_NIV_SUIV,CF_NIV_SUIV,195,Maçonnerie,CF_NIV_SUIV,False,True,26,,EXTENSION DE LA ZONE DE BUREAUX ET DE LA ZONE ATELIER
22-16225,2022-02-01 00:00:00,,2022-04-30 23:00:00,CF_NIV_SUIV,CF_NIV_SUIV,,,CF_NIV_SUIV,CF_NIV_SUIV,270,Plomberie (travaux),CF_NIV_SUIV,False,True,26,,EXTENSION DE LA ZONE DE BUREAUX ET DE LA ZONE ATELIER
22-16225,2022-02-01 00:00:00,,2022-04-30 23:00:00,CF_NIV_SUIV,CF_NIV_SUIV,,,CF_NIV_SUIV,CF_NIV_SUIV,476,Photovoltaïque,CF_NIV_SUIV,False,True,26,,EXTENSION DE LA ZONE DE BUREAUX ET DE LA ZONE ATELIER
22-16226,2022-02-01 00:00:00,,2022-04-30 23:00:00,CF_NIV_SUIV,CF_NIV_SUIV,,,CF_NIV_SUIV,CF_NIV_SUIV,196,Maintenance,CF_NIV_SUIV,False,False,13,,Maintenance du logiciel GESMEDIC et de ses interfaces à le SIH
22-16226,2022-02-01 00:00:00,,2022-04-30 23:00:00,CF_NIV_SUIV,CF_NIV_SUIV,,,CF_NIV_SUIV,CF_NIV_SUIV,453,Informatique (assistance),CF_NIV_SUIV,False,False,13,,Maintenance du logiciel GESMEDIC et de ses interfaces à le SIH
22-16231,2022-02-01 00:00:00,,2022-03-31 23:00:00,CF_NIV_SUIV,CF_NIV_SUIV,,,CF_NIV_SUIV,CF_NIV_SUIV,77,Cuisine (équipement),CF_NIV_SUIV,False,False,94,,Équipements spécifiques dévolus au groupe scolaire Germaine Sablon - lot 5 : vaisselle.
22-16246,2022-02-01 00:00:00,2022-03-04 12:00:00,2022-04-01 23:00:00,CF_NIV_SUIV,CF_NIV_SUIV,,,CF_NIV_SUIV,CF_NIV_SUIV,118,Etude,CF_NIV_SUIV,False,False,55,,"Etude d'opportunité et de faisabilité architecturale, stratégie markéting et financière de rénovation et de modernisation du camping Lac Vert Plage"
22-16252,2022-02-01 00:00:00,2022-02-25 12:00:00,2022-02-25 00:00:00,CF_NIV_SUIV,CF_NIV_SUIV,,,CF_NIV_SUIV,CF_NIV_SUIV,160,Impression,CF_NIV_SUIV,False,True,56,,Conception du magazine municipal et impression des publications municipales de la commune d'Arradon
22-16254,2022-02-01 00:00:00,,2022-02-28 00:00:00,CF_NIV_SUIV,CF_NIV_SUIV,,,CF_NIV_SUIV,CF_NIV_SUIV,105,Electricité (travaux),CF_NIV_SUIV,False,False,83,,Base principale du Levant - Rénovation du poste de transformation HT/BT Plage de l'âne
22-16255,2022-02-01 00:00:00,2022-02-28 12:30:00,2022-02-28 00:00:00,CF_NIV_SUIV,CF_NIV_SUIV,,,CF_NIV_SUIV,CF_NIV_SUIV,38,Bois,CF_NIV_SUIV,False,False,85,,"fourniture, transport et montage de 3 habitations légères de loisir (hll) pour le camping municipal 'le clair matin'"
22-16255,2022-02-01 00:00:00,2022-02-28 12:30:00,2022-02-28 00:00:00,CF_NIV_SUIV,CF_NIV_SUIV,,,CF_NIV_SUIV,CF_NIV_SUIV,38,Bois,CF_NIV_SUIV,False,False,44,,"fourniture, transport et montage de 3 habitations légères de loisir (hll) pour le camping municipal 'le clair matin'"
22-16255,2022-02-01 00:00:00,2022-02-28 12:30:00,2022-02-28 00:00:00,CF_NIV_SUIV,CF_NIV_SUIV,,,CF_NIV_SUIV,CF_NIV_SUIV,38,Bois,CF_NIV_SUIV,False,False,49,,"fourniture, transport et montage de 3 habitations légères de loisir (hll) pour le camping municipal 'le clair matin'"
22-16255,2022-02-01 00:00:00,2022-02-28 12:30:00,2022-02-28 00:00:00,CF_NIV_SUIV,CF_NIV_SUIV,,,CF_NIV_SUIV,CF_NIV_SUIV,38,Bois,CF_NIV_SUIV,False,False,17,,"fourniture, transport et montage de 3 habitations légères de loisir (hll) pour le camping municipal 'le clair matin'"
22-16255,2022-02-01 00:00:00,2022-02-28 12:30:00,2022-02-28 00:00:00,CF_NIV_SUIV,CF_NIV_SUIV,,,CF_NIV_SUIV,CF_NIV_SUIV,115,Equipements spécialisés,CF_NIV_SUIV,False,False,85,,"fourniture, transport et montage de 3 habitations légères de loisir (hll) pour le camping municipal 'le clair matin'"
22-16255,2022-02-01 00:00:00,2022-02-28 12:30:00,2022-02-28 00:00:00,CF_NIV_SUIV,CF_NIV_SUIV,,,CF_NIV_SUIV,CF_NIV_SUIV,115,Equipements spécialisés,CF_NIV_SUIV,False,False,44,,"fourniture, transport et montage de 3 habitations légères de loisir (hll) pour le camping municipal 'le clair matin'"
22-16255,2022-02-01 00:00:00,2022-02-28 12:30:00,2022-02-28 00:00:00,CF_NIV_SUIV,CF_NIV_SUIV,,,CF_NIV_SUIV,CF_NIV_SUIV,115,Equipements spécialisés,CF_NIV_SUIV,False,False,49,,"fourniture, transport et montage de 3 habitations légères de loisir (hll) pour le camping municipal 'le clair matin'"
22-16255,2022-02-01 00:00:00,2022-02-28 12:30:00,2022-02-28 00:00:00,CF_NIV_SUIV,CF_NIV_SUIV,,,CF_NIV_SUIV,CF_NIV_SUIV,115,Equipements spécialisés,CF_NIV_SUIV,False,False,17,,"fourniture, transport et montage de 3 habitations légères de loisir (hll) pour le camping municipal 'le clair matin'"
22-16257,2022-02-01 00:00:00,,2022-02-27 00:00:00,CF_NIV_SUIV,CF_NIV_SUIV,,,CF_NIV_SUIV,CF_NIV_SUIV,345,Tous corps d'état,CF_NIV_SUIV,False,False,69,,Restructuration caserne
22-16264,2022-02-01 00:00:00,2022-02-21 12:00:00,2022-02-21 00:00:00,CF_NIV_SUIV,CF_NIV_SUIV,,,CF_NIV_SUIV,CF_NIV_SUIV,20,Assurance,CF_NIV_SUIV,False,False,6,,La consultation a pour objet une mission de prestations intellectuelles d'assistance à la passation d'un marché public de prévoyance destiné aux agents de l'acheteur.
22-16264,2022-02-01 00:00:00,2022-02-21 12:00:00,2022-02-21 00:00:00,CF_NIV_SUIV,CF_NIV_SUIV,,,CF_NIV_SUIV,CF_NIV_SUIV,20,Assurance,CF_NIV_SUIV,False,False,4,,La consultation a pour objet une mission de prestations intellectuelles d'assistance à la passation d'un marché public de prévoyance destiné aux agents de l'acheteur.
22-16264,2022-02-01 00:00:00,2022-02-21 12:00:00,2022-02-21 00:00:00,CF_NIV_SUIV,CF_NIV_SUIV,,,CF_NIV_SUIV,CF_NIV_SUIV,434,Assistance juridique,CF_NIV_SUIV,False,False,6,,La consultation a pour objet une mission de prestations intellectuelles d'assistance à la passation d'un marché public de prévoyance destiné aux agents de l'acheteur.
22-16264,2022-02-01 00:00:00,2022-02-21 12:00:00,2022-02-21 00:00:00,CF_NIV_SUIV,CF_NIV_SUIV,,,CF_NIV_SUIV,CF_NIV_SUIV,434,Assistance juridique,CF_NIV_SUIV,False,False,4,,La consultation a pour objet une mission de prestations intellectuelles d'assistance à la passation d'un marché public de prévoyance destiné aux agents de l'acheteur.
22-16266,2022-02-01 00:00:00,2022-03-01 12:00:00,2022-03-02 00:00:00,CF_NIV_SUIV,CF_NIV_SUIV,,,CF_NIV_SUIV,CF_NIV_SUIV,116,Espaces verts,CF_NIV_SUIV,False,True,54,,ENTRETIEN DU PATRIMOINE ARBORE
22-16266,2022-02-01 00:00:00,2022-03-01 12:00:00,2022-03-02 00:00:00,CF_NIV_SUIV,CF_NIV_SUIV,,,CF_NIV_SUIV,CF_NIV_SUIV,274,Prestations de services,CF_NIV_SUIV,False,True,54,,ENTRETIEN DU PATRIMOINE ARBORE
22-16288,2022-02-01 00:00:00,,2022-04-30 23:00:00,CF_NIV_SUIV,CF_NIV_SUIV,,,CF_NIV_SUIV,CF_NIV_SUIV,20,Assurance,CF_NIV_SUIV,False,False,20B,,Marché public d'assurances pour le Syndicat mixte du Parc naturel régional de Corse
22-16290,2022-02-01 00:00:00,,2022-04-30 23:00:00,CF_NIV_SUIV,CF_NIV_SUIV,,,CF_NIV_SUIV,CF_NIV_SUIV,274,Prestations de services,CF_NIV_SUIV,False,False,91,,"Prestations de conception, d'animation et de captation de représentations contées autour des collections du musée français de la Photographie"
22-16296,2022-02-01 00:00:00,,2022-03-01 00:00:00,CF_NIV_SUIV,CF_NIV_SUIV,,,CF_NIV_SUIV,CF_NIV_SUIV,275,Produits chimiques,CF_NIV_SUIV,False,False,27,,FOURNITURE DE POLYMERES ET DANTIMOUSSE POUR LE TRAITEMENT DES BOUES
22-16300,2022-02-01 00:00:00,2022-02-28 11:30:00,2022-02-28 00:00:00,CF_NIV_SUIV,CF_NIV_SUIV,,,CF_NIV_SUIV,CF_NIV_SUIV,412,"Porte automatique, portail",CF_NIV_SUIV,False,False,29,,"maintenance des portes sectionnelles, portes automatiques, rideaux, barrières et portails des bâtiments"
22-16310,2022-02-01 00:00:00,,2022-02-18 00:00:00,CF_NIV_SUIV,CF_NIV_SUIV,,,CF_NIV_SUIV,CF_NIV_SUIV,222,Menuiserie,CF_NIV_SUIV,False,False,29,,Travaux de rénovation du bâtiment PCS du port de Brest
22-16315,2022-02-01 00:00:00,,2022-02-17 00:00:00,CF_NIV_SUIV,CF_NIV_SUIV,,,CF_NIV_SUIV,CF_NIV_SUIV,345,Tous corps d'état,CF_NIV_SUIV,False,False,56,,Travaux d'aménagement des consultations de chirurgie au bâtiment 20 - Site de VANNES
22-16319,2022-02-01 00:00:00,,2022-04-30 23:00:00,CF_NIV_SUIV,CF_NIV_SUIV,,,CF_NIV_SUIV,CF_NIV_SUIV,196,Maintenance,CF_NIV_SUIV,False,False,34,,"Maintenance des moyens de secours contre l'incendie de la délégation Occitanie (sites de Montpellier, Toulouse, Caveirac et Perpignan) et de l'INSET de Montpellier"
22-16325,2022-02-01 00:00:00,2022-03-28 17:00:00,2022-03-27 23:00:00,CF_NIV_SUIV,CF_NIV_SUIV,,,CF_NIV_SUIV,CF_NIV_SUIV,118,Etude,CF_NIV_SUIV,False,False,973,,Etude de faisabilité technique financière et règlementaire d'aménagements résilients en zone inondable sur le territoire de la Crique Fouillée
22-16325,2022-02-01 00:00:00,2022-03-28 17:00:00,2022-03-27 23:00:00,CF_NIV_SUIV,CF_NIV_SUIV,,,CF_NIV_SUIV,CF_NIV_SUIV,255,Ouvrage hydraulique,CF_NIV_SUIV,False,False,973,,Etude de faisabilité technique financière et règlementaire d'aménagements résilients en zone inondable sur le territoire de la Crique Fouillée
22-16332,2022-02-01 00:00:00,2022-03-04 12:00:00,2022-03-04 00:00:00,CF_NIV_SUIV,CF_NIV_SUIV,,,CF_NIV_SUIV,CF_NIV_SUIV,274,Prestations de services,CF_NIV_SUIV,False,False,54,,Formalisation du contrat local de santé concernant le PETR du pays Thur Doller
22-16365,2022-02-01 00:00:00,,2022-03-02 00:00:00,CF_NIV_SUIV,CF_NIV_SUIV,,,CF_NIV_SUIV,CF_NIV_SUIV,74,Couverture,CF_NIV_SUIV,False,False,68,,Restauration extérieure de la synagogue de guebwiller
22-16365,2022-02-01 00:00:00,,2022-03-02 00:00:00,CF_NIV_SUIV,CF_NIV_SUIV,,,CF_NIV_SUIV,CF_NIV_SUIV,101,Echafaudage,CF_NIV_SUIV,False,False,68,,Restauration extérieure de la synagogue de guebwiller
22-16365,2022-02-01 00:00:00,,2022-03-02 00:00:00,CF_NIV_SUIV,CF_NIV_SUIV,,,CF_NIV_SUIV,CF_NIV_SUIV,195,Maçonnerie,CF_NIV_SUIV,False,False,68,,Restauration extérieure de la synagogue de guebwiller
22-16365,2022-02-01 00:00:00,,2022-03-02 00:00:00,CF_NIV_SUIV,CF_NIV_SUIV,,,CF_NIV_SUIV,CF_NIV_SUIV,223,Métallerie,CF_NIV_SUIV,False,False,68,,Restauration extérieure de la synagogue de guebwiller
22-16365,2022-02-01 00:00:00,,2022-03-02 00:00:00,CF_NIV_SUIV,CF_NIV_SUIV,,,CF_NIV_SUIV,CF_NIV_SUIV,372,Zinguerie,CF_NIV_SUIV,False,False,68,,Restauration extérieure de la synagogue de guebwiller
22-16365,2022-02-01 00:00:00,,2022-03-02 00:00:00,CF_NIV_SUIV,CF_NIV_SUIV,,,CF_NIV_SUIV,CF_NIV_SUIV,418,Vitraux,CF_NIV_SUIV,False,False,68,,Restauration extérieure de la synagogue de guebwiller
22-16371,2022-02-01 00:00:00,2022-02-24 12:00:00,2022-02-24 00:00:00,CF_NIV_SUIV,CF_NIV_SUIV,,,CF_NIV_SUIV,CF_NIV_SUIV,33,Bâtiment,CF_NIV_SUIV,False,False,76,,Travaux de construction de 8 logements seniors
22-16371,2022-02-01 00:00:00,2022-02-24 12:00:00,2022-02-24 00:00:00,CF_NIV_SUIV,CF_NIV_SUIV,,,CF_NIV_SUIV,CF_NIV_SUIV,33,Bâtiment,CF_NIV_SUIV,False,False,27,,Travaux de construction de 8 logements seniors
22-16371,2022-02-01 00:00:00,2022-02-24 12:00:00,2022-02-24 00:00:00,CF_NIV_SUIV,CF_NIV_SUIV,,,CF_NIV_SUIV,CF_NIV_SUIV,53,Carrelage,CF_NIV_SUIV,False,False,76,,Travaux de construction de 8 logements seniors
22-16371,2022-02-01 00:00:00,2022-02-24 12:00:00,2022-02-24 00:00:00,CF_NIV_SUIV,CF_NIV_SUIV,,,CF_NIV_SUIV,CF_NIV_SUIV,53,Carrelage,CF_NIV_SUIV,False,False,27,,Travaux de construction de 8 logements seniors
22-16371,2022-02-01 00:00:00,2022-02-24 12:00:00,2022-02-24 00:00:00,CF_NIV_SUIV,CF_NIV_SUIV,,,CF_NIV_SUIV,CF_NIV_SUIV,57,Charpente,CF_NIV_SUIV,False,False,76,,Travaux de construction de 8 logements seniors
22-16371,2022-02-01 00:00:00,2022-02-24 12:00:00,2022-02-24 00:00:00,CF_NIV_SUIV,CF_NIV_SUIV,,,CF_NIV_SUIV,CF_NIV_SUIV,57,Charpente,CF_NIV_SUIV,False,False,27,,Travaux de construction de 8 logements seniors
22-16371,2022-02-01 00:00:00,2022-02-24 12:00:00,2022-02-24 00:00:00,CF_NIV_SUIV,CF_NIV_SUIV,,,CF_NIV_SUIV,CF_NIV_SUIV,61,Chauffage (travaux),CF_NIV_SUIV,False,False,76,,Travaux de construction de 8 logements seniors
22-16371,2022-02-01 00:00:00,2022-02-24 12:00:00,2022-02-24 00:00:00,CF_NIV_SUIV,CF_NIV_SUIV,,,CF_NIV_SUIV,CF_NIV_SUIV,61,Chauffage (travaux),CF_NIV_SUIV,False,False,27,,Travaux de construction de 8 logements seniors
22-16371,2022-02-01 00:00:00,2022-02-24 12:00:00,2022-02-24 00:00:00,CF_NIV_SUIV,CF_NIV_SUIV,,,CF_NIV_SUIV,CF_NIV_SUIV,63,"Cloison, faux plafond",CF_NIV_SUIV,False,False,76,,Travaux de construction de 8 logements seniors
22-16371,2022-02-01 00:00:00,2022-02-24 12:00:00,2022-02-24 00:00:00,CF_NIV_SUIV,CF_NIV_SUIV,,,CF_NIV_SUIV,CF_NIV_SUIV,63,"Cloison, faux plafond",CF_NIV_SUIV,False,False,27,,Travaux de construction de 8 logements seniors
22-16371,2022-02-01 00:00:00,2022-02-24 12:00:00,2022-02-24 00:00:00,CF_NIV_SUIV,CF_NIV_SUIV,,,CF_NIV_SUIV,CF_NIV_SUIV,74,Couverture,CF_NIV_SUIV,False,False,76,,Travaux de construction de 8 logements seniors
22-16371,2022-02-01 00:00:00,2022-02-24 12:00:00,2022-02-24 00:00:00,CF_NIV_SUIV,CF_NIV_SUIV,,,CF_NIV_SUIV,CF_NIV_SUIV,74,Couverture,CF_NIV_SUIV,False,False,27,,Travaux de construction de 8 logements seniors
22-16371,2022-02-01 00:00:00,2022-02-24 12:00:00,2022-02-24 00:00:00,CF_NIV_SUIV,CF_NIV_SUIV,,,CF_NIV_SUIV,CF_NIV_SUIV,105,Electricité (travaux),CF_NIV_SUIV,False,False,76,,Travaux de construction de 8 logements seniors
22-16371,2022-02-01 00:00:00,2022-02-24 12:00:00,2022-02-24 00:00:00,CF_NIV_SUIV,CF_NIV_SUIV,,,CF_NIV_SUIV,CF_NIV_SUIV,105,Electricité (travaux),CF_NIV_SUIV,False,False,27,,Travaux de construction de 8 logements seniors
22-16371,2022-02-01 00:00:00,2022-02-24 12:00:00,2022-02-24 00:00:00,CF_NIV_SUIV,CF_NIV_SUIV,,,CF_NIV_SUIV,CF_NIV_SUIV,144,Gros oeuvre,CF_NIV_SUIV,False,False,76,,Travaux de construction de 8 logements seniors
22-16371,2022-02-01 00:00:00,2022-02-24 12:00:00,2022-02-24 00:00:00,CF_NIV_SUIV,CF_NIV_SUIV,,,CF_NIV_SUIV,CF_NIV_SUIV,144,Gros oeuvre,CF_NIV_SUIV,False,False,27,,Travaux de construction de 8 logements seniors
22-16371,2022-02-01 00:00:00,2022-02-24 12:00:00,2022-02-24 00:00:00,CF_NIV_SUIV,CF_NIV_SUIV,,,CF_NIV_SUIV,CF_NIV_SUIV,222,Menuiserie,CF_NIV_SUIV,False,False,76,,Travaux de construction de 8 logements seniors
22-16371,2022-02-01 00:00:00,2022-02-24 12:00:00,2022-02-24 00:00:00,CF_NIV_SUIV,CF_NIV_SUIV,,,CF_NIV_SUIV,CF_NIV_SUIV,222,Menuiserie,CF_NIV_SUIV,False,False,27,,Travaux de construction de 8 logements seniors
22-16371,2022-02-01 00:00:00,2022-02-24 12:00:00,2022-02-24 00:00:00,CF_NIV_SUIV,CF_NIV_SUIV,,,CF_NIV_SUIV,CF_NIV_SUIV,264,Peinture (travaux),CF_NIV_SUIV,False,False,76,,Travaux de construction de 8 logements seniors
22-16371,2022-02-01 00:00:00,2022-02-24 12:00:00,2022-02-24 00:00:00,CF_NIV_SUIV,CF_NIV_SUIV,,,CF_NIV_SUIV,CF_NIV_SUIV,264,Peinture (travaux),CF_NIV_SUIV,False,False,27,,Travaux de construction de 8 logements seniors
22-16371,2022-02-01 00:00:00,2022-02-24 12:00:00,2022-02-24 00:00:00,CF_NIV_SUIV,CF_NIV_SUIV,,,CF_NIV_SUIV,CF_NIV_SUIV,270,Plomberie (travaux),CF_NIV_SUIV,False,False,76,,Travaux de construction de 8 logements seniors
22-16371,2022-02-01 00:00:00,2022-02-24 12:00:00,2022-02-24 00:00:00,CF_NIV_SUIV,CF_NIV_SUIV,,,CF_NIV_SUIV,CF_NIV_SUIV,270,Plomberie (travaux),CF_NIV_SUIV,False,False,27,,Travaux de construction de 8 logements seniors
22-16371,2022-02-01 00:00:00,2022-02-24 12:00:00,2022-02-24 00:00:00,CF_NIV_SUIV,CF_NIV_SUIV,,,CF_NIV_SUIV,CF_NIV_SUIV,308,Revêtements de sols,CF_NIV_SUIV,False,False,76,,Travaux de construction de 8 logements seniors
22-16371,2022-02-01 00:00:00,2022-02-24 12:00:00,2022-02-24 00:00:00,CF_NIV_SUIV,CF_NIV_SUIV,,,CF_NIV_SUIV,CF_NIV_SUIV,308,Revêtements de sols,CF_NIV_SUIV,False,False,27,,Travaux de construction de 8 logements seniors
22-16371,2022-02-01 00:00:00,2022-02-24 12:00:00,2022-02-24 00:00:00,CF_NIV_SUIV,CF_NIV_SUIV,,,CF_NIV_SUIV,CF_NIV_SUIV,360,Ventilation,CF_NIV_SUIV,False,False,76,,Travaux de construction de 8 logements seniors
22-16371,2022-02-01 00:00:00,2022-02-24 12:00:00,2022-02-24 00:00:00,CF_NIV_SUIV,CF_NIV_SUIV,,,CF_NIV_SUIV,CF_NIV_SUIV,360,Ventilation,CF_NIV_SUIV,False,False,27,,Travaux de construction de 8 logements seniors
22-16371,2022-02-01 00:00:00,2022-02-24 12:00:00,2022-02-24 00:00:00,CF_NIV_SUIV,CF_NIV_SUIV,,,CF_NIV_SUIV,CF_NIV_SUIV,366,Voirie et réseaux divers,CF_NIV_SUIV,False,False,76,,Travaux de construction de 8 logements seniors
22-16371,2022-02-01 00:00:00,2022-02-24 12:00:00,2022-02-24 00:00:00,CF_NIV_SUIV,CF_NIV_SUIV,,,CF_NIV_SUIV,CF_NIV_SUIV,366,Voirie et réseaux divers,CF_NIV_SUIV,False,False,27,,Travaux de construction de 8 logements seniors
22-16374,2022-02-01 00:00:00,2022-02-25 17:00:00,2022-02-25 00:00:00,CF_NIV_SUIV,CF_NIV_SUIV,,,CF_NIV_SUIV,CF_NIV_SUIV,118,Etude,CF_NIV_SUIV,False,False,51,,Le présent marché a pour objet une mission d'accompagnement dans le cadre de l'évolution des missions du guichet unique en charge des places en crèches de la ville de Reims.
22-16386,2022-02-01 00:00:00,,2022-03-03 00:00:00,CF_NIV_SUIV,CF_NIV_SUIV,,,CF_NIV_SUIV,CF_NIV_SUIV,455,Ingénierie,CF_NIV_SUIV,False,False,976,,Marché de Maîtrise d'oeuvre pour les études et travaux prioritisé no1 du schéma directeur de gestion des eaux pluviales de la commune de M'tsamboro
22-16399,2022-02-01 00:00:00,2022-02-28 12:00:00,2022-02-28 00:00:00,CF_NIV_SUIV,CF_NIV_SUIV,,,CF_NIV_SUIV,CF_NIV_SUIV,53,Carrelage,CF_NIV_SUIV,False,False,6,,marché de travaux de pose de carrelage parties communesrésidence autonomie du riou
22-16404,2022-02-01 00:00:00,2022-02-24 16:00:00,2022-02-24 00:00:00,CF_NIV_SUIV,CF_NIV_SUIV,,,CF_NIV_SUIV,CF_NIV_SUIV,131,Fontainerie,CF_NIV_SUIV,False,False,38,,Fabrication et pose de prototypes de bornes fontaines nouvelle génération pour la Ville de Grenoble
22-16405,2022-02-01 00:00:00,,2022-04-30 23:00:00,CF_NIV_SUIV,CF_NIV_SUIV,,,CF_NIV_SUIV,CF_NIV_SUIV,6,Alimentation en eau potable,CF_NIV_SUIV,False,False,972,,"Renforcement de l'alimentation en eau potable de la commune de Schoelcher. Projet 7 : Réhabilitation du pompage de St-Joseph, du réservoir de Séailles et de la canalisation DN400 - LOT 3"
22-16405,2022-02-01 00:00:00,,2022-04-30 23:00:00,CF_NIV_SUIV,CF_NIV_SUIV,,,CF_NIV_SUIV,CF_NIV_SUIV,349,Travaux dans l'eau,CF_NIV_SUIV,False,False,972,,"Renforcement de l'alimentation en eau potable de la commune de Schoelcher. Projet 7 : Réhabilitation du pompage de St-Joseph, du réservoir de Séailles et de la canalisation DN400 - LOT 3"
22-16407,2022-02-01 00:00:00,,2022-04-30 23:00:00,CF_NIV_SUIV,CF_NIV_SUIV,,,CF_NIV_SUIV,CF_NIV_SUIV,108,Electroménager,CF_NIV_SUIV,False,False,55,,Accord-cadre pour l'achat du mobilier et de l'équipement ménager de la Maison des Associations
22-16407,2022-02-01 00:00:00,,2022-04-30 23:00:00,CF_NIV_SUIV,CF_NIV_SUIV,,,CF_NIV_SUIV,CF_NIV_SUIV,207,Matériel de bureau,CF_NIV_SUIV,False,False,55,,Accord-cadre pour l'achat du mobilier et de l'équipement ménager de la Maison des Associations
22-16408,2022-02-01 00:00:00,,2022-04-30 23:00:00,CF_NIV_SUIV,CF_NIV_SUIV,,,CF_NIV_SUIV,CF_NIV_SUIV,270,Plomberie (travaux),CF_NIV_SUIV,False,False,37,,"Travaux d'entretien et de grosses réparations, Plomberie secteur NORD 2022-2023"
22-16409,2022-02-01 00:00:00,,2022-04-30 23:00:00,CF_NIV_SUIV,CF_NIV_SUIV,,,CF_NIV_SUIV,CF_NIV_SUIV,349,Travaux dans l'eau,CF_NIV_SUIV,False,False,972,,Nettoyage annuel des réservoirs d'eau potable du réseau AEP de la CACEM
22-16418,2022-02-01 00:00:00,,2022-03-27 00:00:00,CF_NIV_SUIV,CF_NIV_SUIV,,,CF_NIV_SUIV,CF_NIV_SUIV,112,Equipement industriel,CF_NIV_SUIV,False,False,8,,"Acquisition de matériels à moteur thermique pour l'entretien des dépendances routières, des espaces verts et des propriétés départementales-."
22-16422,2022-02-01 00:00:00,2022-02-11 14:30:00,2022-02-25 00:00:00,CF_NIV_SUIV,CF_NIV_SUIV,,,CF_NIV_SUIV,CF_NIV_SUIV,197,Maîtrise d'oeuvre,CF_NIV_SUIV,False,True,25,,"maîtrise d'oeuvre de travaux de mise en conformité et de restauration de digue - etang de barchet (passonfontaine, 25)https://srv.cen-franchecomte.org/owncloud/index.php/s/luyfazhslbuivaf"
22-16422,2022-02-01 00:00:00,2022-02-11 14:30:00,2022-02-25 00:00:00,CF_NIV_SUIV,CF_NIV_SUIV,,,CF_NIV_SUIV,CF_NIV_SUIV,197,Maîtrise d'oeuvre,CF_NIV_SUIV,False,True,39,,"maîtrise d'oeuvre de travaux de mise en conformité et de restauration de digue - etang de barchet (passonfontaine, 25)https://srv.cen-franchecomte.org/owncloud/index.php/s/luyfazhslbuivaf"
22-16422,2022-02-01 00:00:00,2022-02-11 14:30:00,2022-02-25 00:00:00,CF_NIV_SUIV,CF_NIV_SUIV,,,CF_NIV_SUIV,CF_NIV_SUIV,197,Maîtrise d'oeuvre,CF_NIV_SUIV,False,True,21,,"maîtrise d'oeuvre de travaux de mise en conformité et de restauration de digue - etang de barchet (passonfontaine, 25)https://srv.cen-franchecomte.org/owncloud/index.php/s/luyfazhslbuivaf"
22-16422,2022-02-01 00:00:00,2022-02-11 14:30:00,2022-02-25 00:00:00,CF_NIV_SUIV,CF_NIV_SUIV,,,CF_NIV_SUIV,CF_NIV_SUIV,255,Ouvrage hydraulique,CF_NIV_SUIV,False,True,25,,"maîtrise d'oeuvre de travaux de mise en conformité et de restauration de digue - etang de barchet (passonfontaine, 25)https://srv.cen-franchecomte.org/owncloud/index.php/s/luyfazhslbuivaf"
22-16422,2022-02-01 00:00:00,2022-02-11 14:30:00,2022-02-25 00:00:00,CF_NIV_SUIV,CF_NIV_SUIV,,,CF_NIV_SUIV,CF_NIV_SUIV,255,Ouvrage hydraulique,CF_NIV_SUIV,False,True,39,,"maîtrise d'oeuvre de travaux de mise en conformité et de restauration de digue - etang de barchet (passonfontaine, 25)https://srv.cen-franchecomte.org/owncloud/index.php/s/luyfazhslbuivaf"
22-16422,2022-02-01 00:00:00,2022-02-11 14:30:00,2022-02-25 00:00:00,CF_NIV_SUIV,CF_NIV_SUIV,,,CF_NIV_SUIV,CF_NIV_SUIV,255,Ouvrage hydraulique,CF_NIV_SUIV,False,True,21,,"maîtrise d'oeuvre de travaux de mise en conformité et de restauration de digue - etang de barchet (passonfontaine, 25)https://srv.cen-franchecomte.org/owncloud/index.php/s/luyfazhslbuivaf"
22-16422,2022-02-01 00:00:00,2022-02-11 14:30:00,2022-02-25 00:00:00,CF_NIV_SUIV,CF_NIV_SUIV,,,CF_NIV_SUIV,CF_NIV_SUIV,455,Ingénierie,CF_NIV_SUIV,False,True,25,,"maîtrise d'oeuvre de travaux de mise en conformité et de restauration de digue - etang de barchet (passonfontaine, 25)https://srv.cen-franchecomte.org/owncloud/index.php/s/luyfazhslbuivaf"
22-16422,2022-02-01 00:00:00,2022-02-11 14:30:00,2022-02-25 00:00:00,CF_NIV_SUIV,CF_NIV_SUIV,,,CF_NIV_SUIV,CF_NIV_SUIV,455,Ingénierie,CF_NIV_SUIV,False,True,39,,"maîtrise d'oeuvre de travaux de mise en conformité et de restauration de digue - etang de barchet (passonfontaine, 25)https://srv.cen-franchecomte.org/owncloud/index.php/s/luyfazhslbuivaf"
22-16422,2022-02-01 00:00:00,2022-02-11 14:30:00,2022-02-25 00:00:00,CF_NIV_SUIV,CF_NIV_SUIV,,,CF_NIV_SUIV,CF_NIV_SUIV,455,Ingénierie,CF_NIV_SUIV,False,True,21,,"maîtrise d'oeuvre de travaux de mise en conformité et de restauration de digue - etang de barchet (passonfontaine, 25)https://srv.cen-franchecomte.org/owncloud/index.php/s/luyfazhslbuivaf"
22-16426,2022-02-01 00:00:00,,2022-04-03 23:00:00,CF_NIV_SUIV,CF_NIV_SUIV,,,CF_NIV_SUIV,CF_NIV_SUIV,410,Formation,CF_NIV_SUIV,False,False,62,,"groupement de commandes pour la formation relative aux a.i.p.r et passage de l'examen par q.c.m., des attestations de compétence (21s059)"
22-16429,2022-02-01 00:00:00,2022-03-04 11:00:00,2022-03-04 00:00:00,CF_NIV_SUIV,CF_NIV_SUIV,,,CF_NIV_SUIV,CF_NIV_SUIV,475,Véhicules (acquisition),CF_NIV_SUIV,False,True,62,,acquisition d'un véhicule 100% électrique neuf avec reprise (suite à infructuosité du marché 22fcs005)
22-16459,2022-02-01 00:00:00,2022-03-07 12:00:00,2022-03-07 00:00:00,CF_NIV_SUIV,CF_NIV_SUIV,,,CF_NIV_SUIV,CF_NIV_SUIV,274,Prestations de services,CF_NIV_SUIV,False,False,91,,"Prestations de conception, d'animation et de captation de visites contées autour des collections du musée français de la Photographie"
22-16473,2022-02-01 00:00:00,,2022-04-30 23:00:00,CF_NIV_SUIV,CF_NIV_SUIV,,,CF_NIV_SUIV,CF_NIV_SUIV,277,Produits de récupération,CF_NIV_SUIV,False,False,57,,ACQUISITION DE SACS POUR LA COLLECTE DES ORDURES MENAGERES
22-16473,2022-02-01 00:00:00,,2022-04-30 23:00:00,CF_NIV_SUIV,CF_NIV_SUIV,,,CF_NIV_SUIV,CF_NIV_SUIV,318,Sacs,CF_NIV_SUIV,False,False,57,,ACQUISITION DE SACS POUR LA COLLECTE DES ORDURES MENAGERES
22-16473,2022-02-01 00:00:00,,2022-04-30 23:00:00,CF_NIV_SUIV,CF_NIV_SUIV,,,CF_NIV_SUIV,CF_NIV_SUIV,448,Film plastique,CF_NIV_SUIV,False,False,57,,ACQUISITION DE SACS POUR LA COLLECTE DES ORDURES MENAGERES
22-16475,2022-02-01 00:00:00,2022-02-28 12:00:00,2022-02-28 00:00:00,CF_NIV_SUIV,CF_NIV_SUIV,,,CF_NIV_SUIV,CF_NIV_SUIV,454,Informatique (maintenance serveurs et réseaux),CF_NIV_SUIV,False,False,78,,marché d'infogérance et de support des matériels et infrastructure des différents sites de la mairie de saint-arnoult-en-yvelines
22-16475,2022-02-01 00:00:00,2022-02-28 12:00:00,2022-02-28 00:00:00,CF_NIV_SUIV,CF_NIV_SUIV,,,CF_NIV_SUIV,CF_NIV_SUIV,454,Informatique (maintenance serveurs et réseaux),CF_NIV_SUIV,False,False,28,,marché d'infogérance et de support des matériels et infrastructure des différents sites de la mairie de saint-arnoult-en-yvelines
22-16480,2022-02-01 00:00:00,,2022-03-30 23:00:00,CF_NIV_SUIV,CF_NIV_SUIV,,,CF_NIV_SUIV,CF_NIV_SUIV,22,Audiovisuel,CF_NIV_SUIV,False,False,63,,L'objet du marché est la fourniture et l'installation d'équipements audiovisuels et de visioconférence dans deux grandes salles de réunion réparties sur chacun des sites suivants :Site
22-16483,2022-02-01 00:00:00,2022-03-07 15:00:00,2022-03-07 00:00:00,CF_NIV_SUIV,CF_NIV_SUIV,,,CF_NIV_SUIV,CF_NIV_SUIV,433,Assistance à maîtrise d'ouvrage,CF_NIV_SUIV,False,False,972,,mission d'assistance de la maitrise d'ouvrage pour l'organisation de marchés agricoles
22-16486,2022-02-01 00:00:00,2022-02-28 16:00:00,2022-02-28 00:00:00,CF_NIV_SUIV,CF_NIV_SUIV,,,CF_NIV_SUIV,CF_NIV_SUIV,197,Maîtrise d'oeuvre,CF_NIV_SUIV,False,False,69,,Maîtrise d'oeuvre
22-16486,2022-02-01 00:00:00,2022-02-28 16:00:00,2022-02-28 00:00:00,CF_NIV_SUIV,CF_NIV_SUIV,,,CF_NIV_SUIV,CF_NIV_SUIV,197,Maîtrise d'oeuvre,CF_NIV_SUIV,False,False,1,,Maîtrise d'oeuvre
22-16486,2022-02-01 00:00:00,2022-02-28 16:00:00,2022-02-28 00:00:00,CF_NIV_SUIV,CF_NIV_SUIV,,,CF_NIV_SUIV,CF_NIV_SUIV,197,Maîtrise d'oeuvre,CF_NIV_SUIV,False,False,38,,Maîtrise d'oeuvre
22-16486,2022-02-01 00:00:00,2022-02-28 16:00:00,2022-02-28 00:00:00,CF_NIV_SUIV,CF_NIV_SUIV,,,CF_NIV_SUIV,CF_NIV_SUIV,197,Maîtrise d'oeuvre,CF_NIV_SUIV,False,False,42,,Maîtrise d'oeuvre
22-16503,2022-02-01 00:00:00,2022-02-28 14:00:00,2022-02-28 00:00:00,CF_NIV_SUIV,CF_NIV_SUIV,,,CF_NIV_SUIV,CF_NIV_SUIV,19,Assistance technique,CF_NIV_SUIV,False,False,6,,Mission d'assistance pour la passation et le suivi du marché de vidéosurveillance urbaine
22-16503,2022-02-01 00:00:00,2022-02-28 14:00:00,2022-02-28 00:00:00,CF_NIV_SUIV,CF_NIV_SUIV,,,CF_NIV_SUIV,CF_NIV_SUIV,434,Assistance juridique,CF_NIV_SUIV,False,False,6,,Mission d'assistance pour la passation et le suivi du marché de vidéosurveillance urbaine
22-16505,2022-02-01 00:00:00,,2022-03-02 00:00:00,CF_NIV_SUIV,CF_NIV_SUIV,,,CF_NIV_SUIV,CF_NIV_SUIV,197,Maîtrise d'oeuvre,CF_NIV_SUIV,False,False,95,,MISSION DE MAITRISE D'OEUVRE POUR LA RENOVATION ET L'ISOLATION DE LA COUVERTURE DU BATIMENT ADMINISTRATIF DE PONTOISE
22-16505,2022-02-01 00:00:00,,2022-03-02 00:00:00,CF_NIV_SUIV,CF_NIV_SUIV,,,CF_NIV_SUIV,CF_NIV_SUIV,197,Maîtrise d'oeuvre,CF_NIV_SUIV,False,False,92,,MISSION DE MAITRISE D'OEUVRE POUR LA RENOVATION ET L'ISOLATION DE LA COUVERTURE DU BATIMENT ADMINISTRATIF DE PONTOISE
22-16505,2022-02-01 00:00:00,,2022-03-02 00:00:00,CF_NIV_SUIV,CF_NIV_SUIV,,,CF_NIV_SUIV,CF_NIV_SUIV,197,Maîtrise d'oeuvre,CF_NIV_SUIV,False,False,78,,MISSION DE MAITRISE D'OEUVRE POUR LA RENOVATION ET L'ISOLATION DE LA COUVERTURE DU BATIMENT ADMINISTRATIF DE PONTOISE
22-16508,2022-02-01 00:00:00,2022-02-10 12:00:00,2022-02-11 00:00:00,CF_NIV_SUIV,CF_NIV_SUIV,,,CF_NIV_SUIV,CF_NIV_SUIV,115,Equipements spécialisés,CF_NIV_SUIV,False,False,59,,"Fourniture, livraison et installation de matériels pédagogiques pour les formations en photographie et en prothèse dentaire pour la CMA Hauts-de-France"
22-16508,2022-02-01 00:00:00,2022-02-10 12:00:00,2022-02-11 00:00:00,CF_NIV_SUIV,CF_NIV_SUIV,,,CF_NIV_SUIV,CF_NIV_SUIV,115,Equipements spécialisés,CF_NIV_SUIV,False,False,62,,"Fourniture, livraison et installation de matériels pédagogiques pour les formations en photographie et en prothèse dentaire pour la CMA Hauts-de-France"
22-16508,2022-02-01 00:00:00,2022-02-10 12:00:00,2022-02-11 00:00:00,CF_NIV_SUIV,CF_NIV_SUIV,,,CF_NIV_SUIV,CF_NIV_SUIV,115,Equipements spécialisés,CF_NIV_SUIV,False,False,2,,"Fourniture, livraison et installation de matériels pédagogiques pour les formations en photographie et en prothèse dentaire pour la CMA Hauts-de-France"
22-16508,2022-02-01 00:00:00,2022-02-10 12:00:00,2022-02-11 00:00:00,CF_NIV_SUIV,CF_NIV_SUIV,,,CF_NIV_SUIV,CF_NIV_SUIV,115,Equipements spécialisés,CF_NIV_SUIV,False,False,80,,"Fourniture, livraison et installation de matériels pédagogiques pour les formations en photographie et en prothèse dentaire pour la CMA Hauts-de-France"
22-16508,2022-02-01 00:00:00,2022-02-10 12:00:00,2022-02-11 00:00:00,CF_NIV_SUIV,CF_NIV_SUIV,,,CF_NIV_SUIV,CF_NIV_SUIV,115,Equipements spécialisés,CF_NIV_SUIV,False,False,60,,"Fourniture, livraison et installation de matériels pédagogiques pour les formations en photographie et en prothèse dentaire pour la CMA Hauts-de-France"
22-16508,2022-02-01 00:00:00,2022-02-10 12:00:00,2022-02-11 00:00:00,CF_NIV_SUIV,CF_NIV_SUIV,,,CF_NIV_SUIV,CF_NIV_SUIV,201,Matériel dentaire,CF_NIV_SUIV,False,False,59,,"Fourniture, livraison et installation de matériels pédagogiques pour les formations en photographie et en prothèse dentaire pour la CMA Hauts-de-France"
22-16508,2022-02-01 00:00:00,2022-02-10 12:00:00,2022-02-11 00:00:00,CF_NIV_SUIV,CF_NIV_SUIV,,,CF_NIV_SUIV,CF_NIV_SUIV,201,Matériel dentaire,CF_NIV_SUIV,False,False,62,,"Fourniture, livraison et installation de matériels pédagogiques pour les formations en photographie et en prothèse dentaire pour la CMA Hauts-de-France"
22-16508,2022-02-01 00:00:00,2022-02-10 12:00:00,2022-02-11 00:00:00,CF_NIV_SUIV,CF_NIV_SUIV,,,CF_NIV_SUIV,CF_NIV_SUIV,201,Matériel dentaire,CF_NIV_SUIV,False,False,2,,"Fourniture, livraison et installation de matériels pédagogiques pour les formations en photographie et en prothèse dentaire pour la CMA Hauts-de-France"
22-16508,2022-02-01 00:00:00,2022-02-10 12:00:00,2022-02-11 00:00:00,CF_NIV_SUIV,CF_NIV_SUIV,,,CF_NIV_SUIV,CF_NIV_SUIV,201,Matériel dentaire,CF_NIV_SUIV,False,False,80,,"Fourniture, livraison et installation de matériels pédagogiques pour les formations en photographie et en prothèse dentaire pour la CMA Hauts-de-France"
22-16508,2022-02-01 00:00:00,2022-02-10 12:00:00,2022-02-11 00:00:00,CF_NIV_SUIV,CF_NIV_SUIV,,,CF_NIV_SUIV,CF_NIV_SUIV,201,Matériel dentaire,CF_NIV_SUIV,False,False,60,,"Fourniture, livraison et installation de matériels pédagogiques pour les formations en photographie et en prothèse dentaire pour la CMA Hauts-de-France"
22-16508,2022-02-01 00:00:00,2022-02-10 12:00:00,2022-02-11 00:00:00,CF_NIV_SUIV,CF_NIV_SUIV,,,CF_NIV_SUIV,CF_NIV_SUIV,214,Matériel photographique et cinématographique,CF_NIV_SUIV,False,False,59,,"Fourniture, livraison et installation de matériels pédagogiques pour les formations en photographie et en prothèse dentaire pour la CMA Hauts-de-France"
22-16508,2022-02-01 00:00:00,2022-02-10 12:00:00,2022-02-11 00:00:00,CF_NIV_SUIV,CF_NIV_SUIV,,,CF_NIV_SUIV,CF_NIV_SUIV,214,Matériel photographique et cinématographique,CF_NIV_SUIV,False,False,62,,"Fourniture, livraison et installation de matériels pédagogiques pour les formations en photographie et en prothèse dentaire pour la CMA Hauts-de-France"
22-16508,2022-02-01 00:00:00,2022-02-10 12:00:00,2022-02-11 00:00:00,CF_NIV_SUIV,CF_NIV_SUIV,,,CF_NIV_SUIV,CF_NIV_SUIV,214,Matériel photographique et cinématographique,CF_NIV_SUIV,False,False,2,,"Fourniture, livraison et installation de matériels pédagogiques pour les formations en photographie et en prothèse dentaire pour la CMA Hauts-de-France"
22-16508,2022-02-01 00:00:00,2022-02-10 12:00:00,2022-02-11 00:00:00,CF_NIV_SUIV,CF_NIV_SUIV,,,CF_NIV_SUIV,CF_NIV_SUIV,214,Matériel photographique et cinématographique,CF_NIV_SUIV,False,False,80,,"Fourniture, livraison et installation de matériels pédagogiques pour les formations en photographie et en prothèse dentaire pour la CMA Hauts-de-France"
