BOAMP_AVIS_NUM,G_02_01_Marche_Idmarche,G_02_02_Marche_Idconsultation,G_02_03_Marche_Urlconsultation,G_02_04_Marche_Annonceanterieur,G_02_04_01_Marche_Annonceanterieur_Reference,G_02_04_01_01_Marche_Annonceanterieur_Reference_Idweb,G_02_04_01_02_Marche_Annonceanterieur_Reference_Typeavis,G_02_04_01_02_01_Marche_Annonceanterieur_Reference_Typeavis_Famille,G_02_04_01_02_01_01_Marche_Annonceanterieur_Reference_Typeavis_Famille_Mapa,G_02_04_01_02_01_02_Marche_Annonceanterieur_Reference_Typeavis_Famille_Fns,G_02_04_01_02_01_03_Marche_Annonceanterieur_Reference_Typeavis_Famille_Joue,G_02_04_01_02_01_04_Marche_Annonceanterieur_Reference_Typeavis_Famille_Dsp,G_02_04_01_02_01_05_Marche_Annonceanterieur_Reference_Typeavis_Famille_Divers,G_02_04_01_02_02_Marche_Annonceanterieur_Reference_Typeavis_Perimetre,G_02_04_01_02_02_01_Marche_Annonceanterieur_Reference_Typeavis_Perimetre_Cmp2006,G_02_04_01_02_02_02_Marche_Annonceanterieur_Reference_Typeavis_Perimetre_Cmp2006DEFENSE,G_02_04_01_02_02_03_Marche_Annonceanterieur_Reference_Typeavis_Perimetre_Directive18,G_02_04_01_02_02_04_Marche_Annonceanterieur_Reference_Typeavis_Perimetre_Directive17,G_02_04_01_02_02_05_Marche_Annonceanterieur_Reference_Typeavis_Perimetre_Directive81,G_02_04_01_02_02_06_Marche_Annonceanterieur_Reference_Typeavis_Perimetre_Directive23,G_02_04_01_02_02_07_Marche_Annonceanterieur_Reference_Typeavis_Perimetre_Directive24,G_02_04_01_02_02_08_Marche_Annonceanterieur_Reference_Typeavis_Perimetre_Directive25,G_02_04_01_02_02_09_Marche_Annonceanterieur_Reference_Typeavis_Perimetre_Dsp,G_02_04_01_02_02_10_Marche_Annonceanterieur_Reference_Typeavis_Perimetre_Autre,G_02_04_01_02_03_Marche_Annonceanterieur_Reference_Typeavis_Nature,G_02_04_01_02_03_01_Marche_Annonceanterieur_Reference_Typeavis_Nature_Preinformation,G_02_04_01_02_03_01_01_Marche_Annonceanterieur_Reference_Typeavis_Nature_Preinformation_Standard,G_02_04_01_02_03_01_02_Marche_Annonceanterieur_Reference_Typeavis_Nature_Preinformation_Periodique,G_02_04_01_02_03_01_03_Marche_Annonceanterieur_Reference_Typeavis_Nature_Preinformation_Qualification,G_02_04_01_02_03_01_04_Marche_Annonceanterieur_Reference_Typeavis_Nature_Preinformation_Concession,G_02_04_01_02_03_01_05_Marche_Annonceanterieur_Reference_Typeavis_Nature_Preinformation_Reductiondelai,G_02_04_01_02_03_01_06_Marche_Annonceanterieur_Reference_Typeavis_Nature_Preinformation_Miseenconcurrence,G_02_04_01_02_03_01_07_Marche_Annonceanterieur_Reference_Typeavis_Nature_Preinformation_Profilacheteur,G_02_04_01_02_03_02_Marche_Annonceanterieur_Reference_Typeavis_Nature_Profilacheteur,G_02_04_01_02_03_03_Marche_Annonceanterieur_Reference_Typeavis_Nature_Appeloffre,G_02_04_01_02_03_03_01_Marche_Annonceanterieur_Reference_Typeavis_Nature_Appeloffre_Standard,G_02_04_01_02_03_03_02_Marche_Annonceanterieur_Reference_Typeavis_Nature_Appeloffre_Concours,G_02_04_01_02_03_03_03_Marche_Annonceanterieur_Reference_Typeavis_Nature_Appeloffre_Periodique,G_02_04_01_02_03_03_04_Marche_Annonceanterieur_Reference_Typeavis_Nature_Appeloffre_Qualification,G_02_04_01_02_03_03_05_Marche_Annonceanterieur_Reference_Typeavis_Nature_Appeloffre_Sad,G_02_04_01_02_03_03_06_Marche_Annonceanterieur_Reference_Typeavis_Nature_Appeloffre_Concession,G_02_04_01_02_03_03_07_Marche_Annonceanterieur_Reference_Typeavis_Nature_Appeloffre_Concessionnaire,G_02_04_01_02_03_04_Marche_Annonceanterieur_Reference_Typeavis_Nature_Intentionconclure,G_02_04_01_02_03_05_Marche_Annonceanterieur_Reference_Typeavis_Nature_Attribution,G_02_04_01_02_03_05_01_Marche_Annonceanterieur_Reference_Typeavis_Nature_Attribution_Standard,G_02_04_01_02_03_05_02_Marche_Annonceanterieur_Reference_Typeavis_Nature_Attribution_Concours,G_02_04_01_02_03_05_03_Marche_Annonceanterieur_Reference_Typeavis_Nature_Attribution_Concession,G_02_04_01_02_03_05_04_Marche_Annonceanterieur_Reference_Typeavis_Nature_Attribution_Standardinfructueuxsanssuite,G_02_04_01_02_03_06_Marche_Annonceanterieur_Reference_Typeavis_Nature_Soustraitance,G_02_04_01_02_03_07_Marche_Annonceanterieur_Reference_Typeavis_Nature_Modification,G_02_04_01_02_03_08_Marche_Annonceanterieur_Reference_Typeavis_Nature_Qualification,G_02_04_01_02_03_09_Marche_Annonceanterieur_Reference_Typeavis_Nature_Rectificatif,G_02_04_01_02_03_10_Marche_Annonceanterieur_Reference_Typeavis_Nature_Periodique,G_02_04_01_02_03_11_Marche_Annonceanterieur_Reference_Typeavis_Nature_Autre,G_02_04_01_02_04_Marche_Annonceanterieur_Reference_Typeavis_Statut,G_02_04_01_02_04_01_Marche_Annonceanterieur_Reference_Typeavis_Statut_Initial,G_02_04_01_02_04_02_Marche_Annonceanterieur_Reference_Typeavis_Statut_Rectificatif,G_02_04_01_02_04_03_Marche_Annonceanterieur_Reference_Typeavis_Statut_Annulation,G_02_04_01_02_04_04_Marche_Annonceanterieur_Reference_Typeavis_Statut_Modification,G_02_04_01_03_Marche_Annonceanterieur_Reference_Dateenvoi,G_02_04_02_Marche_Annonceanterieur_Referencepublication,G_02_04_02_01_Marche_Annonceanterieur_Referencepublication_Publicationpapier,G_02_04_02_02_Marche_Annonceanterieur_Referencepublication_Publicationelectronique,G_02_04_02_02_01_Marche_Annonceanterieur_Referencepublication_Publicationelectronique_Datepublication,G_02_04_02_02_02_Marche_Annonceanterieur_Referencepublication_Publicationelectronique_Datefindiffusion,G_02_04_02_03_Marche_Annonceanterieur_Referencepublication_Publicationjoue,G_02_04_02_03_01_Marche_Annonceanterieur_Referencepublication_Publicationjoue_Annee,G_02_04_02_03_02_Marche_Annonceanterieur_Referencepublication_Publicationjoue_Numparution,G_02_04_02_03_03_Marche_Annonceanterieur_Referencepublication_Publicationjoue_Numannonce,G_02_04_02_03_04_Marche_Annonceanterieur_Referencepublication_Publicationjoue_Datepublication
21-139374,,,,CF_NIV_SUIV,CF_NIV_SUIV,21-109772,CF_NIV_SUIV,CF_NIV_SUIV,False,True,False,False,False,CF_NIV_SUIV,True,False,False,False,False,False,False,False,False,,CF_NIV_SUIV,CF_NIV_SUIV,False,,,,False,False,,,CF_NIV_SUIV,False,False,,,,False,,False,CF_NIV_SUIV,False,False,False,,,False,,False,CF_NIV_SUIV,,CF_NIV_SUIV,True,False,,False,,CF_NIV_SUIV,[],CF_NIV_SUIV,2021-08-16 23:00:00,2021-09-13 23:00:00,CF_NIV_SUIV,,,,
21-141208,,,,CF_NIV_SUIV,CF_NIV_SUIV,21-67839,CF_NIV_SUIV,CF_NIV_SUIV,False,True,False,False,False,CF_NIV_SUIV,True,False,False,False,False,False,False,False,False,,CF_NIV_SUIV,CF_NIV_SUIV,False,,,,False,False,,,CF_NIV_SUIV,False,False,,,,False,,False,CF_NIV_SUIV,False,False,False,,,False,,False,CF_NIV_SUIV,,CF_NIV_SUIV,True,False,,False,,CF_NIV_SUIV,[],CF_NIV_SUIV,2021-05-19 23:00:00,2021-06-20 23:00:00,CF_NIV_SUIV,,,,
21-141208,,,,CF_NIV_SUIV,CF_NIV_SUIV,21-141209,CF_NIV_SUIV,CF_NIV_SUIV,False,True,False,False,False,CF_NIV_SUIV,True,False,False,False,False,False,False,False,False,,CF_NIV_SUIV,CF_NIV_SUIV,False,,,,False,False,,,CF_NIV_SUIV,False,False,,,,False,,False,CF_NIV_SUIV,False,False,False,,,False,,False,CF_NIV_SUIV,,CF_NIV_SUIV,False,False,"<?xml version=""1.0"" encoding=""UTF-16""?>
<ANNULATION xmlns:xsi=""http://www.w3.org/2001/XMLSchema-instance""/>",False,,CF_NIV_SUIV,[],CF_NIV_SUIV,2021-10-20 23:00:00,2021-11-21 00:00:00,CF_NIV_SUIV,,,,
21-161297,,,,CF_NIV_SUIV,CF_NIV_SUIV,21-116836,CF_NIV_SUIV,CF_NIV_SUIV,False,True,False,False,False,CF_NIV_SUIV,True,False,False,False,False,False,False,False,False,,CF_NIV_SUIV,CF_NIV_SUIV,False,,,,False,False,,,CF_NIV_SUIV,False,False,,,,False,,False,CF_NIV_SUIV,False,False,False,,,False,,False,CF_NIV_SUIV,,CF_NIV_SUIV,True,False,,False,,CF_NIV_SUIV,[],CF_NIV_SUIV,2021-08-29 23:00:00,2021-09-15 23:00:00,CF_NIV_SUIV,,,,
21-161714,,,,CF_NIV_SUIV,CF_NIV_SUIV,21-125619,CF_NIV_SUIV,CF_NIV_SUIV,False,True,False,False,False,CF_NIV_SUIV,True,False,False,False,False,False,False,False,False,,CF_NIV_SUIV,CF_NIV_SUIV,False,,,,False,False,,,CF_NIV_SUIV,False,False,,,,False,,False,CF_NIV_SUIV,False,False,False,,,False,,False,CF_NIV_SUIV,,CF_NIV_SUIV,True,False,,False,,CF_NIV_SUIV,[],CF_NIV_SUIV,2021-09-19 23:00:00,2021-10-20 23:00:00,CF_NIV_SUIV,,,,
21-80026,,,,CF_NIV_SUIV,CF_NIV_SUIV,19-86340,CF_NIV_SUIV,CF_NIV_SUIV,False,False,True,False,False,CF_NIV_SUIV,False,False,False,False,True,False,False,False,False,,CF_NIV_SUIV,CF_NIV_SUIV,False,,,,False,False,,,CF_NIV_SUIV,False,False,,,,False,,False,CF_NIV_SUIV,False,False,False,,,False,,False,CF_NIV_SUIV,,CF_NIV_SUIV,True,False,,False,,CF_NIV_SUIV,[],CF_NIV_SUIV,2019-06-07 23:00:00,2019-07-22 23:00:00,CF_NIV_SUIV,,,,
21-80026,,,,CF_NIV_SUIV,CF_NIV_SUIV,19-86340,CF_NIV_SUIV,CF_NIV_SUIV,False,False,True,False,False,CF_NIV_SUIV,False,False,False,False,True,False,False,False,False,,CF_NIV_SUIV,CF_NIV_SUIV,False,,,,False,False,,,CF_NIV_SUIV,False,False,,,,False,,False,CF_NIV_SUIV,False,False,False,,,False,,False,CF_NIV_SUIV,,CF_NIV_SUIV,True,False,,False,,CF_NIV_SUIV,[],CF_NIV_SUIV,,,CF_NIV_SUIV,2019.0,110.0,270471.0,2019-06-09 23:00:00
22-11778,,,,CF_NIV_SUIV,CF_NIV_SUIV,21-53826,CF_NIV_SUIV,CF_NIV_SUIV,False,True,False,False,False,CF_NIV_SUIV,True,False,False,False,False,False,False,False,False,,CF_NIV_SUIV,CF_NIV_SUIV,False,,,,False,False,,,CF_NIV_SUIV,False,False,,,,False,,False,CF_NIV_SUIV,False,False,False,,,False,,False,CF_NIV_SUIV,,CF_NIV_SUIV,True,False,,False,,CF_NIV_SUIV,[],CF_NIV_SUIV,2021-07-07 23:00:00,2021-08-29 23:00:00,CF_NIV_SUIV,,,,
22-12870,,,,CF_NIV_SUIV,CF_NIV_SUIV,21-166346,CF_NIV_SUIV,CF_NIV_SUIV,True,False,False,False,False,CF_NIV_SUIV,True,False,False,False,False,False,False,False,False,,CF_NIV_SUIV,CF_NIV_SUIV,False,,,,False,False,,,CF_NIV_SUIV,False,False,,,,False,,False,CF_NIV_SUIV,False,False,False,,,False,,False,CF_NIV_SUIV,,CF_NIV_SUIV,True,False,,False,,CF_NIV_SUIV,[],CF_NIV_SUIV,2021-12-17 00:00:00,2022-01-10 00:00:00,CF_NIV_SUIV,,,,
22-12870,,,,CF_NIV_SUIV,CF_NIV_SUIV,21-168343,CF_NIV_SUIV,CF_NIV_SUIV,True,False,False,False,False,CF_NIV_SUIV,True,False,False,False,False,False,False,False,False,,CF_NIV_SUIV,CF_NIV_SUIV,False,,,,False,False,,,CF_NIV_SUIV,False,False,,,,False,,False,CF_NIV_SUIV,False,False,False,,,False,,False,CF_NIV_SUIV,,CF_NIV_SUIV,False,True,,False,,CF_NIV_SUIV,[],CF_NIV_SUIV,2021-12-30 00:00:00,2022-01-10 00:00:00,CF_NIV_SUIV,,,,
22-12932,,,,CF_NIV_SUIV,CF_NIV_SUIV,20-106925,CF_NIV_SUIV,CF_NIV_SUIV,False,True,False,False,False,CF_NIV_SUIV,True,False,False,False,False,False,False,False,False,,CF_NIV_SUIV,CF_NIV_SUIV,False,,,,False,False,,,CF_NIV_SUIV,False,False,,,,False,,False,CF_NIV_SUIV,False,False,False,,,False,,False,CF_NIV_SUIV,,CF_NIV_SUIV,True,False,,False,,CF_NIV_SUIV,[],CF_NIV_SUIV,2021-01-28 00:00:00,2021-02-25 00:00:00,CF_NIV_SUIV,,,,
22-12932,,,,CF_NIV_SUIV,CF_NIV_SUIV,21-17774,CF_NIV_SUIV,CF_NIV_SUIV,False,True,False,False,False,CF_NIV_SUIV,True,False,False,False,False,False,False,False,False,,CF_NIV_SUIV,CF_NIV_SUIV,False,,,,False,False,,,CF_NIV_SUIV,False,False,,,,False,,False,CF_NIV_SUIV,False,False,False,,,False,,False,CF_NIV_SUIV,,CF_NIV_SUIV,False,True,,False,,CF_NIV_SUIV,[],CF_NIV_SUIV,2021-02-08 00:00:00,2021-03-05 00:00:00,CF_NIV_SUIV,,,,
22-13432,,,,CF_NIV_SUIV,CF_NIV_SUIV,21-55175,CF_NIV_SUIV,CF_NIV_SUIV,False,True,False,False,False,CF_NIV_SUIV,True,False,False,False,False,False,False,False,False,,CF_NIV_SUIV,CF_NIV_SUIV,False,,,,False,False,,,CF_NIV_SUIV,False,False,,,,False,,False,CF_NIV_SUIV,False,False,False,,,False,,False,CF_NIV_SUIV,,CF_NIV_SUIV,True,False,,False,,CF_NIV_SUIV,[],CF_NIV_SUIV,2021-07-05 23:00:00,2021-09-13 23:00:00,CF_NIV_SUIV,,,,
22-13432,,,,CF_NIV_SUIV,CF_NIV_SUIV,21-94386,CF_NIV_SUIV,CF_NIV_SUIV,False,True,False,False,False,CF_NIV_SUIV,True,False,False,False,False,False,False,False,False,,CF_NIV_SUIV,CF_NIV_SUIV,False,,,,False,False,,,CF_NIV_SUIV,False,False,,,,False,,False,CF_NIV_SUIV,False,False,False,,,False,,False,CF_NIV_SUIV,,CF_NIV_SUIV,False,True,,False,,CF_NIV_SUIV,[],CF_NIV_SUIV,2021-07-06 23:00:00,2021-08-29 23:00:00,CF_NIV_SUIV,,,,
22-14629,,,,CF_NIV_SUIV,CF_NIV_SUIV,21-118377,CF_NIV_SUIV,CF_NIV_SUIV,False,True,False,False,False,CF_NIV_SUIV,True,False,False,False,False,False,False,False,False,,CF_NIV_SUIV,CF_NIV_SUIV,False,,,,False,False,,,CF_NIV_SUIV,False,False,,,,False,,False,CF_NIV_SUIV,False,False,False,,,False,,False,CF_NIV_SUIV,,CF_NIV_SUIV,True,False,,False,,CF_NIV_SUIV,[],CF_NIV_SUIV,2021-09-02 23:00:00,2021-10-03 23:00:00,CF_NIV_SUIV,,,,
22-14629,,,,CF_NIV_SUIV,CF_NIV_SUIV,22-14630,CF_NIV_SUIV,CF_NIV_SUIV,False,True,False,False,False,CF_NIV_SUIV,True,False,False,False,False,False,False,False,False,,CF_NIV_SUIV,CF_NIV_SUIV,False,,,,False,False,,,CF_NIV_SUIV,False,False,,,,False,,False,CF_NIV_SUIV,False,False,False,,,False,,False,CF_NIV_SUIV,,CF_NIV_SUIV,True,False,,False,,CF_NIV_SUIV,[],CF_NIV_SUIV,2022-01-28 00:00:00,2022-02-28 00:00:00,CF_NIV_SUIV,,,,
22-15481,,,,CF_NIV_SUIV,CF_NIV_SUIV,21-119262,CF_NIV_SUIV,CF_NIV_SUIV,False,True,False,False,False,CF_NIV_SUIV,True,False,False,False,False,False,False,False,False,,CF_NIV_SUIV,CF_NIV_SUIV,False,,,,False,False,,,CF_NIV_SUIV,False,False,,,,False,,False,CF_NIV_SUIV,False,False,False,,,False,,False,CF_NIV_SUIV,,CF_NIV_SUIV,True,False,,False,,CF_NIV_SUIV,[],CF_NIV_SUIV,2021-09-12 23:00:00,2021-10-05 23:00:00,CF_NIV_SUIV,,,,
22-15764,,,,CF_NIV_SUIV,CF_NIV_SUIV,21-109038,CF_NIV_SUIV,CF_NIV_SUIV,False,True,False,False,False,CF_NIV_SUIV,True,False,False,False,False,False,False,False,False,,CF_NIV_SUIV,CF_NIV_SUIV,False,,,,False,False,,,CF_NIV_SUIV,False,False,,,,False,,False,CF_NIV_SUIV,False,False,False,,,False,,False,CF_NIV_SUIV,,CF_NIV_SUIV,True,False,,False,,CF_NIV_SUIV,[],CF_NIV_SUIV,2021-08-04 23:00:00,2021-09-14 23:00:00,CF_NIV_SUIV,,,,
22-15870,,,,CF_NIV_SUIV,CF_NIV_SUIV,21-147509,CF_NIV_SUIV,CF_NIV_SUIV,False,True,False,False,False,CF_NIV_SUIV,True,False,False,False,False,False,False,False,False,,CF_NIV_SUIV,CF_NIV_SUIV,False,,,,False,False,,,CF_NIV_SUIV,False,False,,,,False,,False,CF_NIV_SUIV,False,False,False,,,False,,False,CF_NIV_SUIV,,CF_NIV_SUIV,True,False,,False,,CF_NIV_SUIV,[],CF_NIV_SUIV,2021-11-04 00:00:00,2021-12-07 00:00:00,CF_NIV_SUIV,,,,
22-16094,,,,CF_NIV_SUIV,CF_NIV_SUIV,21-145753,CF_NIV_SUIV,CF_NIV_SUIV,True,False,False,False,False,CF_NIV_SUIV,True,False,False,False,False,False,False,False,False,,CF_NIV_SUIV,CF_NIV_SUIV,False,,,,False,False,,,CF_NIV_SUIV,False,False,,,,False,,False,CF_NIV_SUIV,False,False,False,,,False,,False,CF_NIV_SUIV,,CF_NIV_SUIV,True,False,,False,,CF_NIV_SUIV,[],CF_NIV_SUIV,2021-11-05 00:00:00,2021-11-30 00:00:00,CF_NIV_SUIV,,,,
22-16115,,,,CF_NIV_SUIV,CF_NIV_SUIV,21-168728,CF_NIV_SUIV,CF_NIV_SUIV,False,True,False,False,False,CF_NIV_SUIV,True,False,False,False,False,False,False,False,False,,CF_NIV_SUIV,CF_NIV_SUIV,False,,,,False,False,,,CF_NIV_SUIV,False,False,,,,False,,False,CF_NIV_SUIV,False,False,False,,,False,,False,CF_NIV_SUIV,,CF_NIV_SUIV,True,False,,False,,CF_NIV_SUIV,[],CF_NIV_SUIV,2021-12-22 00:00:00,2022-01-21 00:00:00,CF_NIV_SUIV,,,,
22-16117,,,,CF_NIV_SUIV,CF_NIV_SUIV,21-150502,CF_NIV_SUIV,CF_NIV_SUIV,False,True,False,False,False,CF_NIV_SUIV,True,False,False,False,False,False,False,False,False,,CF_NIV_SUIV,CF_NIV_SUIV,False,,,,False,False,,,CF_NIV_SUIV,False,False,,,,False,,False,CF_NIV_SUIV,False,False,False,,,False,,False,CF_NIV_SUIV,,CF_NIV_SUIV,True,False,,False,,CF_NIV_SUIV,[],CF_NIV_SUIV,2021-11-12 00:00:00,2022-01-21 00:00:00,CF_NIV_SUIV,,,,
22-16123,,,,CF_NIV_SUIV,CF_NIV_SUIV,21-148870,CF_NIV_SUIV,CF_NIV_SUIV,False,True,False,False,False,CF_NIV_SUIV,True,False,False,False,False,False,False,False,False,,CF_NIV_SUIV,CF_NIV_SUIV,False,,,,False,False,,,CF_NIV_SUIV,False,False,,,,False,,False,CF_NIV_SUIV,False,False,False,,,False,,False,CF_NIV_SUIV,,CF_NIV_SUIV,True,False,,False,,CF_NIV_SUIV,[],CF_NIV_SUIV,2021-11-08 00:00:00,2021-12-02 00:00:00,CF_NIV_SUIV,,,,
22-16124,,,,CF_NIV_SUIV,CF_NIV_SUIV,21-118214,CF_NIV_SUIV,CF_NIV_SUIV,False,True,False,False,False,CF_NIV_SUIV,True,False,False,False,False,False,False,False,False,,CF_NIV_SUIV,CF_NIV_SUIV,False,,,,False,False,,,CF_NIV_SUIV,False,False,,,,False,,False,CF_NIV_SUIV,False,False,False,,,False,,False,CF_NIV_SUIV,,CF_NIV_SUIV,True,False,,False,,CF_NIV_SUIV,[],CF_NIV_SUIV,2021-09-01 23:00:00,2021-09-30 23:00:00,CF_NIV_SUIV,,,,
22-16146,,,,CF_NIV_SUIV,CF_NIV_SUIV,21-113683,CF_NIV_SUIV,CF_NIV_SUIV,False,True,False,False,False,CF_NIV_SUIV,True,False,False,False,False,False,False,False,False,,CF_NIV_SUIV,CF_NIV_SUIV,False,,,,False,False,,,CF_NIV_SUIV,False,False,,,,False,,False,CF_NIV_SUIV,False,False,False,,,False,,False,CF_NIV_SUIV,,CF_NIV_SUIV,True,False,,False,,CF_NIV_SUIV,[],CF_NIV_SUIV,2021-08-19 23:00:00,2021-09-29 23:00:00,CF_NIV_SUIV,,,,
22-16147,,,,CF_NIV_SUIV,CF_NIV_SUIV,21-113684,CF_NIV_SUIV,CF_NIV_SUIV,False,True,False,False,False,CF_NIV_SUIV,True,False,False,False,False,False,False,False,False,,CF_NIV_SUIV,CF_NIV_SUIV,False,,,,False,False,,,CF_NIV_SUIV,False,False,,,,False,,False,CF_NIV_SUIV,False,False,False,,,False,,False,CF_NIV_SUIV,,CF_NIV_SUIV,True,False,,False,,CF_NIV_SUIV,[],CF_NIV_SUIV,2021-08-19 23:00:00,2021-09-23 23:00:00,CF_NIV_SUIV,,,,
22-16169,,,,CF_NIV_SUIV,CF_NIV_SUIV,21-158694,CF_NIV_SUIV,CF_NIV_SUIV,False,True,False,False,False,CF_NIV_SUIV,True,False,False,False,False,False,False,False,False,,CF_NIV_SUIV,CF_NIV_SUIV,False,,,,False,False,,,CF_NIV_SUIV,False,False,,,,False,,False,CF_NIV_SUIV,False,False,False,,,False,,False,CF_NIV_SUIV,,CF_NIV_SUIV,True,False,,False,,CF_NIV_SUIV,[],CF_NIV_SUIV,2021-12-01 00:00:00,2022-01-10 00:00:00,CF_NIV_SUIV,,,,
22-16195,,,,CF_NIV_SUIV,CF_NIV_SUIV,22-12839,CF_NIV_SUIV,CF_NIV_SUIV,True,False,False,False,False,CF_NIV_SUIV,True,False,False,False,False,False,False,False,False,,CF_NIV_SUIV,CF_NIV_SUIV,False,,,,False,False,,,CF_NIV_SUIV,False,False,,,,False,,False,CF_NIV_SUIV,False,False,False,,,False,,False,CF_NIV_SUIV,,CF_NIV_SUIV,True,False,,False,,CF_NIV_SUIV,[],CF_NIV_SUIV,2022-01-31 00:00:00,2022-02-25 00:00:00,CF_NIV_SUIV,,,,
22-16200,,,,CF_NIV_SUIV,CF_NIV_SUIV,21-126049,CF_NIV_SUIV,CF_NIV_SUIV,False,True,False,False,False,CF_NIV_SUIV,True,False,False,False,False,False,False,False,False,,CF_NIV_SUIV,CF_NIV_SUIV,False,,,,False,False,,,CF_NIV_SUIV,False,False,,,,False,,False,CF_NIV_SUIV,False,False,False,,,False,,False,CF_NIV_SUIV,,CF_NIV_SUIV,True,False,,False,,CF_NIV_SUIV,[],CF_NIV_SUIV,2021-09-20 23:00:00,2021-11-20 00:00:00,CF_NIV_SUIV,,,,
22-16224,,,,CF_NIV_SUIV,CF_NIV_SUIV,21-139451,CF_NIV_SUIV,CF_NIV_SUIV,False,True,False,False,False,CF_NIV_SUIV,True,False,False,False,False,False,False,False,False,,CF_NIV_SUIV,CF_NIV_SUIV,False,,,,False,False,,,CF_NIV_SUIV,False,False,,,,False,,False,CF_NIV_SUIV,False,False,False,,,False,,False,CF_NIV_SUIV,,CF_NIV_SUIV,True,False,,False,,CF_NIV_SUIV,[],CF_NIV_SUIV,2021-10-17 23:00:00,2021-12-01 00:00:00,CF_NIV_SUIV,,,,
22-16225,,,,CF_NIV_SUIV,CF_NIV_SUIV,21-144334,CF_NIV_SUIV,CF_NIV_SUIV,False,True,False,False,False,CF_NIV_SUIV,True,False,False,False,False,False,False,False,False,,CF_NIV_SUIV,CF_NIV_SUIV,False,,,,False,False,,,CF_NIV_SUIV,False,False,,,,False,,False,CF_NIV_SUIV,False,False,False,,,False,,False,CF_NIV_SUIV,,CF_NIV_SUIV,True,False,,False,,CF_NIV_SUIV,[],CF_NIV_SUIV,2021-10-26 23:00:00,2021-11-30 00:00:00,CF_NIV_SUIV,,,,
22-16231,,,,CF_NIV_SUIV,CF_NIV_SUIV,21-138453,CF_NIV_SUIV,CF_NIV_SUIV,False,True,False,False,False,CF_NIV_SUIV,True,False,False,False,False,False,False,False,False,,CF_NIV_SUIV,CF_NIV_SUIV,False,,,,False,False,,,CF_NIV_SUIV,False,False,,,,False,,False,CF_NIV_SUIV,False,False,False,,,False,,False,CF_NIV_SUIV,,CF_NIV_SUIV,True,False,,False,,CF_NIV_SUIV,[],CF_NIV_SUIV,2021-10-14 23:00:00,2021-11-17 00:00:00,CF_NIV_SUIV,,,,
22-16254,,,,CF_NIV_SUIV,CF_NIV_SUIV,21-108932,CF_NIV_SUIV,CF_NIV_SUIV,False,True,False,False,False,CF_NIV_SUIV,True,False,False,False,False,False,False,False,False,,CF_NIV_SUIV,CF_NIV_SUIV,False,,,,False,False,,,CF_NIV_SUIV,False,False,,,,False,,False,CF_NIV_SUIV,False,False,False,,,False,,False,CF_NIV_SUIV,,CF_NIV_SUIV,True,False,,False,,CF_NIV_SUIV,[],CF_NIV_SUIV,2021-08-04 23:00:00,2021-09-20 23:00:00,CF_NIV_SUIV,,,,
22-16257,,,,CF_NIV_SUIV,CF_NIV_SUIV,21-84464,CF_NIV_SUIV,CF_NIV_SUIV,False,True,False,False,False,CF_NIV_SUIV,True,False,False,False,False,False,False,False,False,,CF_NIV_SUIV,CF_NIV_SUIV,False,,,,False,False,,,CF_NIV_SUIV,False,False,,,,False,,False,CF_NIV_SUIV,False,False,False,,,False,,False,CF_NIV_SUIV,,CF_NIV_SUIV,True,False,,False,,CF_NIV_SUIV,[],CF_NIV_SUIV,2021-06-20 23:00:00,2021-09-13 23:00:00,CF_NIV_SUIV,,,,
22-16257,,,,CF_NIV_SUIV,CF_NIV_SUIV,21-102184,CF_NIV_SUIV,CF_NIV_SUIV,False,True,False,False,False,CF_NIV_SUIV,True,False,False,False,False,False,False,False,False,,CF_NIV_SUIV,CF_NIV_SUIV,False,,,,False,False,,,CF_NIV_SUIV,False,False,,,,False,,False,CF_NIV_SUIV,False,False,False,,,False,,False,CF_NIV_SUIV,,CF_NIV_SUIV,False,True,,False,,CF_NIV_SUIV,[],CF_NIV_SUIV,2021-07-21 23:00:00,2021-09-13 23:00:00,CF_NIV_SUIV,,,,
22-16288,,,,CF_NIV_SUIV,CF_NIV_SUIV,21-93280,CF_NIV_SUIV,CF_NIV_SUIV,False,True,False,False,False,CF_NIV_SUIV,True,False,False,False,False,False,False,False,False,,CF_NIV_SUIV,CF_NIV_SUIV,False,,,,False,False,,,CF_NIV_SUIV,False,False,,,,False,,False,CF_NIV_SUIV,False,False,False,,,False,,False,CF_NIV_SUIV,,CF_NIV_SUIV,True,False,,False,,CF_NIV_SUIV,[],CF_NIV_SUIV,2021-07-05 23:00:00,2021-08-09 23:00:00,CF_NIV_SUIV,,,,
22-16290,,,,CF_NIV_SUIV,CF_NIV_SUIV,21-128439,CF_NIV_SUIV,CF_NIV_SUIV,True,False,False,False,False,CF_NIV_SUIV,True,False,False,False,False,False,False,False,False,,CF_NIV_SUIV,CF_NIV_SUIV,False,,,,False,False,,,CF_NIV_SUIV,False,False,,,,False,,False,CF_NIV_SUIV,False,False,False,,,False,,False,CF_NIV_SUIV,,CF_NIV_SUIV,True,False,,False,,CF_NIV_SUIV,[],CF_NIV_SUIV,2021-09-23 23:00:00,2021-10-19 23:00:00,CF_NIV_SUIV,,,,
22-16310,,,,CF_NIV_SUIV,CF_NIV_SUIV,21-169909,CF_NIV_SUIV,CF_NIV_SUIV,False,True,False,False,False,CF_NIV_SUIV,True,False,False,False,False,False,False,False,False,,CF_NIV_SUIV,CF_NIV_SUIV,False,,,,False,False,,,CF_NIV_SUIV,False,False,,,,False,,False,CF_NIV_SUIV,False,False,False,,,False,,False,CF_NIV_SUIV,,CF_NIV_SUIV,True,False,,False,,CF_NIV_SUIV,[],CF_NIV_SUIV,2021-12-24 00:00:00,2022-02-05 00:00:00,CF_NIV_SUIV,,,,
22-16315,,,,CF_NIV_SUIV,CF_NIV_SUIV,21-165413,CF_NIV_SUIV,CF_NIV_SUIV,False,True,False,False,False,CF_NIV_SUIV,True,False,False,False,False,False,False,False,False,,CF_NIV_SUIV,CF_NIV_SUIV,False,,,,False,False,,,CF_NIV_SUIV,False,False,,,,False,,False,CF_NIV_SUIV,False,False,False,,,False,,False,CF_NIV_SUIV,,CF_NIV_SUIV,True,False,,False,,CF_NIV_SUIV,[],CF_NIV_SUIV,2021-12-16 00:00:00,2022-01-31 00:00:00,CF_NIV_SUIV,,,,
22-16315,,,,CF_NIV_SUIV,CF_NIV_SUIV,22-9589,CF_NIV_SUIV,CF_NIV_SUIV,False,True,False,False,False,CF_NIV_SUIV,True,False,False,False,False,False,False,False,False,,CF_NIV_SUIV,CF_NIV_SUIV,False,,,,False,False,,,CF_NIV_SUIV,False,False,,,,False,,False,CF_NIV_SUIV,False,False,False,,,False,,False,CF_NIV_SUIV,,CF_NIV_SUIV,False,True,,False,,CF_NIV_SUIV,[],CF_NIV_SUIV,2022-01-19 00:00:00,2022-02-04 00:00:00,CF_NIV_SUIV,,,,
22-16319,,,,CF_NIV_SUIV,CF_NIV_SUIV,21-138663,CF_NIV_SUIV,CF_NIV_SUIV,True,False,False,False,False,CF_NIV_SUIV,True,False,False,False,False,False,False,False,False,,CF_NIV_SUIV,CF_NIV_SUIV,False,,,,False,False,,,CF_NIV_SUIV,False,False,,,,False,,False,CF_NIV_SUIV,False,False,False,,,False,,False,CF_NIV_SUIV,,CF_NIV_SUIV,True,False,,False,,CF_NIV_SUIV,[],CF_NIV_SUIV,2021-10-14 23:00:00,2021-11-08 00:00:00,CF_NIV_SUIV,,,,
22-16365,,,,CF_NIV_SUIV,CF_NIV_SUIV,21-157355,CF_NIV_SUIV,CF_NIV_SUIV,False,True,False,False,False,CF_NIV_SUIV,True,False,False,False,False,False,False,False,False,,CF_NIV_SUIV,CF_NIV_SUIV,False,,,,False,False,,,CF_NIV_SUIV,False,False,,,,False,,False,CF_NIV_SUIV,False,False,False,,,False,,False,CF_NIV_SUIV,,CF_NIV_SUIV,True,False,,False,,CF_NIV_SUIV,[],CF_NIV_SUIV,2021-11-29 00:00:00,2021-12-20 00:00:00,CF_NIV_SUIV,,,,
22-16405,,,,CF_NIV_SUIV,CF_NIV_SUIV,21-93572,CF_NIV_SUIV,CF_NIV_SUIV,False,True,False,False,False,CF_NIV_SUIV,True,False,False,False,False,False,False,False,False,,CF_NIV_SUIV,CF_NIV_SUIV,False,,,,False,False,,,CF_NIV_SUIV,False,False,,,,False,,False,CF_NIV_SUIV,False,False,False,,,False,,False,CF_NIV_SUIV,,CF_NIV_SUIV,True,False,,False,,CF_NIV_SUIV,[],CF_NIV_SUIV,2021-07-05 23:00:00,2021-07-29 23:00:00,CF_NIV_SUIV,,,,
22-16407,,,,CF_NIV_SUIV,CF_NIV_SUIV,21-131288,CF_NIV_SUIV,CF_NIV_SUIV,False,True,False,False,False,CF_NIV_SUIV,True,False,False,False,False,False,False,False,False,,CF_NIV_SUIV,CF_NIV_SUIV,False,,,,False,False,,,CF_NIV_SUIV,False,False,,,,False,,False,CF_NIV_SUIV,False,False,False,,,False,,False,CF_NIV_SUIV,,CF_NIV_SUIV,True,False,,False,,CF_NIV_SUIV,[],CF_NIV_SUIV,2021-09-29 23:00:00,2021-10-20 23:00:00,CF_NIV_SUIV,,,,
22-16408,,,,CF_NIV_SUIV,CF_NIV_SUIV,21-136463,CF_NIV_SUIV,CF_NIV_SUIV,False,True,False,False,False,CF_NIV_SUIV,True,False,False,False,False,False,False,False,False,,CF_NIV_SUIV,CF_NIV_SUIV,False,,,,False,False,,,CF_NIV_SUIV,False,False,,,,False,,False,CF_NIV_SUIV,False,False,False,,,False,,False,CF_NIV_SUIV,,CF_NIV_SUIV,True,False,,False,,CF_NIV_SUIV,[],CF_NIV_SUIV,2021-10-11 23:00:00,2021-11-15 00:00:00,CF_NIV_SUIV,,,,
22-16409,,,,CF_NIV_SUIV,CF_NIV_SUIV,21-150153,CF_NIV_SUIV,CF_NIV_SUIV,False,True,False,False,False,CF_NIV_SUIV,True,False,False,False,False,False,False,False,False,,CF_NIV_SUIV,CF_NIV_SUIV,False,,,,False,False,,,CF_NIV_SUIV,False,False,,,,False,,False,CF_NIV_SUIV,False,False,False,,,False,,False,CF_NIV_SUIV,,CF_NIV_SUIV,True,False,,False,,CF_NIV_SUIV,[],CF_NIV_SUIV,2021-11-10 00:00:00,2021-12-03 00:00:00,CF_NIV_SUIV,,,,
22-16409,,,,CF_NIV_SUIV,CF_NIV_SUIV,21-154875,CF_NIV_SUIV,CF_NIV_SUIV,False,True,False,False,False,CF_NIV_SUIV,True,False,False,False,False,False,False,False,False,,CF_NIV_SUIV,CF_NIV_SUIV,False,,,,False,False,,,CF_NIV_SUIV,False,False,,,,False,,False,CF_NIV_SUIV,False,False,False,,,False,,False,CF_NIV_SUIV,,CF_NIV_SUIV,False,True,,False,,CF_NIV_SUIV,[],CF_NIV_SUIV,2021-11-23 00:00:00,2021-12-13 00:00:00,CF_NIV_SUIV,,,,
22-16409,,,,CF_NIV_SUIV,CF_NIV_SUIV,21-161076,CF_NIV_SUIV,CF_NIV_SUIV,False,True,False,False,False,CF_NIV_SUIV,True,False,False,False,False,False,False,False,False,,CF_NIV_SUIV,CF_NIV_SUIV,False,,,,False,False,,,CF_NIV_SUIV,False,False,,,,False,,False,CF_NIV_SUIV,False,False,False,,,False,,False,CF_NIV_SUIV,,CF_NIV_SUIV,False,True,,False,,CF_NIV_SUIV,[],CF_NIV_SUIV,2021-12-07 00:00:00,2021-12-20 00:00:00,CF_NIV_SUIV,,,,
22-16418,,,,CF_NIV_SUIV,CF_NIV_SUIV,21-156623,CF_NIV_SUIV,CF_NIV_SUIV,True,False,False,False,False,CF_NIV_SUIV,True,False,False,False,False,False,False,False,False,,CF_NIV_SUIV,CF_NIV_SUIV,False,,,,False,False,,,CF_NIV_SUIV,False,False,,,,False,,False,CF_NIV_SUIV,False,False,False,,,False,,False,CF_NIV_SUIV,,CF_NIV_SUIV,True,False,,False,,CF_NIV_SUIV,[],CF_NIV_SUIV,2021-11-26 00:00:00,2021-12-20 00:00:00,CF_NIV_SUIV,,,,
22-16426,,,,CF_NIV_SUIV,CF_NIV_SUIV,21-140233,CF_NIV_SUIV,CF_NIV_SUIV,False,True,False,False,False,CF_NIV_SUIV,True,False,False,False,False,False,False,False,False,,CF_NIV_SUIV,CF_NIV_SUIV,False,,,,False,False,,,CF_NIV_SUIV,False,False,,,,False,,False,CF_NIV_SUIV,False,False,False,,,False,,False,CF_NIV_SUIV,,CF_NIV_SUIV,True,False,,False,,CF_NIV_SUIV,[],CF_NIV_SUIV,2021-10-18 23:00:00,2021-11-23 00:00:00,CF_NIV_SUIV,,,,
22-16473,,,,CF_NIV_SUIV,CF_NIV_SUIV,21-165953,CF_NIV_SUIV,CF_NIV_SUIV,False,True,False,False,False,CF_NIV_SUIV,True,False,False,False,False,False,False,False,False,,CF_NIV_SUIV,CF_NIV_SUIV,False,,,,False,False,,,CF_NIV_SUIV,False,False,,,,False,,False,CF_NIV_SUIV,False,False,False,,,False,,False,CF_NIV_SUIV,,CF_NIV_SUIV,True,False,,False,,CF_NIV_SUIV,[],CF_NIV_SUIV,2021-12-17 00:00:00,2022-01-13 00:00:00,CF_NIV_SUIV,,,,
22-16480,,,,CF_NIV_SUIV,CF_NIV_SUIV,21-149797,CF_NIV_SUIV,CF_NIV_SUIV,False,True,False,False,False,CF_NIV_SUIV,True,False,False,False,False,False,False,False,False,,CF_NIV_SUIV,CF_NIV_SUIV,False,,,,False,False,,,CF_NIV_SUIV,False,False,,,,False,,False,CF_NIV_SUIV,False,False,False,,,False,,False,CF_NIV_SUIV,,CF_NIV_SUIV,True,False,,False,,CF_NIV_SUIV,[],CF_NIV_SUIV,2021-11-10 00:00:00,2021-12-03 00:00:00,CF_NIV_SUIV,,,,
22-16523,,,,CF_NIV_SUIV,CF_NIV_SUIV,21-128066,CF_NIV_SUIV,CF_NIV_SUIV,True,False,False,False,False,CF_NIV_SUIV,True,False,False,False,False,False,False,False,False,,CF_NIV_SUIV,CF_NIV_SUIV,False,,,,False,False,,,CF_NIV_SUIV,False,False,,,,False,,False,CF_NIV_SUIV,False,False,False,,,False,,False,CF_NIV_SUIV,,CF_NIV_SUIV,True,False,,False,,CF_NIV_SUIV,[],CF_NIV_SUIV,2021-09-23 23:00:00,2021-11-18 00:00:00,CF_NIV_SUIV,,,,
22-16535,,,,CF_NIV_SUIV,CF_NIV_SUIV,21-131261,CF_NIV_SUIV,CF_NIV_SUIV,False,True,False,False,False,CF_NIV_SUIV,True,False,False,False,False,False,False,False,False,,CF_NIV_SUIV,CF_NIV_SUIV,False,,,,False,False,,,CF_NIV_SUIV,False,False,,,,False,,False,CF_NIV_SUIV,False,False,False,,,False,,False,CF_NIV_SUIV,,CF_NIV_SUIV,True,False,,False,,CF_NIV_SUIV,[],CF_NIV_SUIV,2021-09-29 23:00:00,2021-11-04 00:00:00,CF_NIV_SUIV,,,,
22-16535,,,,CF_NIV_SUIV,CF_NIV_SUIV,21-140936,CF_NIV_SUIV,CF_NIV_SUIV,False,True,False,False,False,CF_NIV_SUIV,True,False,False,False,False,False,False,False,False,,CF_NIV_SUIV,CF_NIV_SUIV,False,,,,False,False,,,CF_NIV_SUIV,False,False,,,,False,,False,CF_NIV_SUIV,False,False,False,,,False,,False,CF_NIV_SUIV,,CF_NIV_SUIV,False,True,,False,,CF_NIV_SUIV,[],CF_NIV_SUIV,2021-10-19 23:00:00,2021-11-15 00:00:00,CF_NIV_SUIV,,,,
22-16561,,,,CF_NIV_SUIV,CF_NIV_SUIV,21-170069,CF_NIV_SUIV,CF_NIV_SUIV,False,True,False,False,False,CF_NIV_SUIV,True,False,False,False,False,False,False,False,False,,CF_NIV_SUIV,CF_NIV_SUIV,False,,,,False,False,,,CF_NIV_SUIV,False,False,,,,False,,False,CF_NIV_SUIV,False,False,False,,,False,,False,CF_NIV_SUIV,,CF_NIV_SUIV,True,False,,False,,CF_NIV_SUIV,[],CF_NIV_SUIV,2021-12-27 00:00:00,2022-02-07 00:00:00,CF_NIV_SUIV,,,,
22-16567,,,,CF_NIV_SUIV,CF_NIV_SUIV,21-128363,CF_NIV_SUIV,CF_NIV_SUIV,True,False,False,False,False,CF_NIV_SUIV,True,False,False,False,False,False,False,False,False,,CF_NIV_SUIV,CF_NIV_SUIV,False,,,,False,False,,,CF_NIV_SUIV,False,False,,,,False,,False,CF_NIV_SUIV,False,False,False,,,False,,False,CF_NIV_SUIV,,CF_NIV_SUIV,True,False,,False,,CF_NIV_SUIV,[],CF_NIV_SUIV,2021-09-23 23:00:00,2021-10-17 23:00:00,CF_NIV_SUIV,,,,
22-16571,,,,CF_NIV_SUIV,CF_NIV_SUIV,21-127527,CF_NIV_SUIV,CF_NIV_SUIV,False,True,False,False,False,CF_NIV_SUIV,True,False,False,False,False,False,False,False,False,,CF_NIV_SUIV,CF_NIV_SUIV,False,,,,False,False,,,CF_NIV_SUIV,False,False,,,,False,,False,CF_NIV_SUIV,False,False,False,,,False,,False,CF_NIV_SUIV,,CF_NIV_SUIV,True,False,,False,,CF_NIV_SUIV,[],CF_NIV_SUIV,2021-09-22 23:00:00,2021-10-21 23:00:00,CF_NIV_SUIV,,,,
22-16574,,,,CF_NIV_SUIV,CF_NIV_SUIV,21-128883,CF_NIV_SUIV,CF_NIV_SUIV,False,True,False,False,False,CF_NIV_SUIV,True,False,False,False,False,False,False,False,False,,CF_NIV_SUIV,CF_NIV_SUIV,False,,,,False,False,,,CF_NIV_SUIV,False,False,,,,False,,False,CF_NIV_SUIV,False,False,False,,,False,,False,CF_NIV_SUIV,,CF_NIV_SUIV,True,False,,False,,CF_NIV_SUIV,[],CF_NIV_SUIV,2021-09-26 23:00:00,2021-10-20 23:00:00,CF_NIV_SUIV,,,,
