BOAMP_AVIS_NUM,D_12_01_Conditionrelativemarche_Cautionnement,D_12_02_Conditionrelativemarche_Financement,D_12_03_Conditionrelativemarche_Formejuridique,D_12_04_Conditionrelativemarche_Participationelectroniqueoui,D_12_05_Conditionrelativemarche_Participationelectroniquenon,D_12_06_Conditionrelativemarche_Autresconditionspartoui,D_12_07_Conditionrelativemarche_Autresconditionspartnon,D_12_08_Conditionrelativemarche_Unitemonetaireeur,D_12_09_Conditionrelativemarche_Francaisseul,D_12_10_Conditionrelativemarche_Langues,D_12_10_01_Conditionrelativemarche_Langues_Langue,D_12_10_02_Conditionrelativemarche_Langues_Autres
22-4079,,,,False,False,,False,False,False,CF_NIV_SUIV,['FR'],
22-4111,,délai global de paiement de 30 jours à compter de la réception de la facture selon les dispositions de l'article r2192-10 du code de la commande publique,,False,False,,False,True,True,CF_NIV_SUIV,,
22-417,,,"Pas de forme imposée.En cas d'attribution du marché à un groupement conjoint, le mandataire du groupement sera solidaire, pour l'exécution du marché, de chacun des membres du groupement pour ses obligations contractuelles. Le pouvoir adjudicateur interdit aux candidats de présenter leurs offres en agissant à la fois en qualité de candidats individuels et de membres d'un ou plusieurs groupements",False,False,,False,True,False,CF_NIV_SUIV,['FR'],
22-4187,,le délai global de paiement des prestations est fixé à 30 joursréglement par mandat administratif selon les règles de la comptabilité publique,,False,False,,False,True,False,CF_NIV_SUIV,,
22-4221,"Aucune clause de garantie financière prévue. Garantie à première demande ou caution personnelle et solidaire couvrant 100,0 % du montant de l'avance.","Prestations réglées par un prix global forfaitaire Prix actualisables. Avance de 5,0 % accordée dans les conditions prévues au contrat. Délai global de paiement des prestations de 30 jours.",Aucune forme de groupement imposée à l'attributaire du marché.,False,False,,False,True,True,CF_NIV_SUIV,,
22-4281,Aucune clause de garantie financière prévue,"Modalités de financement : budget départemental (SAGE).Aucune avance prévue.Les prix relatifs à l'hébergement, la maintenance et l'assistance sont révisables.Le paiement des prestations se fera dans le respect du délai global de paiement de 30 jours","En cas de groupement d'opérateurs économiques, la forme souhaitée par le pouvoir adjudicateur est un groupement solidaire, compte-tenu du caractère homogène des prestations objet du contrat.Il est interdit aux candidats de présenter plusieurs offres en agissant à la fois en qualité de candidats individuels et de membres d'un ou plusieurs groupements",False,False,,False,True,False,CF_NIV_SUIV,['FR'],
22-4350,,,,False,False,,False,True,True,CF_NIV_SUIV,,
22-4353,,,,False,False,,False,True,False,CF_NIV_SUIV,,
22-4358,,Le marché sera financé sur le budget Berges et Rivières,,False,False,,False,True,False,CF_NIV_SUIV,['FR'],
22-4407,,,,False,False,,False,True,False,CF_NIV_SUIV,['FR'],
22-4416,Voir DCE,"Le mode de règlement du marché est le virement administratif.Les sommes dues au(x) titulaire(s), seront payées dans un délai global de trente (30) jours à compter de la date de réception des demandes de paiement.La facturation électronique devient obligatoire ( plateforme "" Chorus Pro "")","L'offre, qu'elle soit présentée par une seule entreprise ou par un groupement, devra indiquer tous les sous-traitants connus lors de son dépôt. S'agissant d'un marché de fournitures, seule la livraison peut être sous-traitée.En cas de retard de paiement, le titulaire a droit au versement d'intérêts moratoires, ainsi qu'à une indemnité forfaitaire pour frais de recouvrement d'un montant de 40 euro. Le taux des intérêts moratoires est égal au taux d'intérêt appliqué par la Banque centrale européenne à ses opérations principales de refinancement les plus récentes, en vigueur au premier jour du semestre de l'année civile au cours duquel les intérêts moratoires ont commencé à courir, majoré de huit points de pourcentage.",False,False,,False,True,True,CF_NIV_SUIV,,
22-4442,,Les éléments sont indiqués dans le RC,,False,False,,False,True,True,CF_NIV_SUIV,,
22-4514,,"Le mode de règlement proposé par l'administration est le virement ou le paiement par carte d'achat. Les paiements (avance éventuelle, acomptes éventuels, règlements partiels définitifs et solde) au titre du présent accord cadre s'effectuent conformément aux articles L.2391-1 à L.2391-4 et R.2391-1, R2391-12 à R.2391-17 du code de la commande publique. Le financement est assuré exclusivement par des ressources budgétaires. Le délai global de paiement par virement est fixé à 30 jours maximum. Paiement par carte achat : Pour que la carte achat fonctionne au Service industriel de l'aéronautique (SIAé), il est nécessaire d'avoir établi un contrat monétique avec son partenaire financier sur le réseau VISA. Si le fournisseur n'a pas de compte bancaire sur le réseau VISA, il doit impérativement faire la démarche d'une demande d'ouverture de compte (sous réserve d'accord des banques pour une ouverture de compte, les Banques se réservent le droit de l'acceptation ou du refus). Les délais de paiement carte d'achat sont estimés à J+2 ou J+5 sur le compte bancaire du titulaire suivant l'offre négociée dans le contrat avec l'une des 4 banques : BNP PARIBAS, SOCIETE GENERALE, CAISSE D'EPARGNE, CREDIT MUTUEL. Le contrat est un contrat de droit privé passé entre la banque et le fournisseur. C'est au fournisseur de le mettre en place avant le début d'exécution du marché. Une présentation plus exhaustive de la carte achat au SIAé est téléchargeable sur la Plate-forme des Achats de l'Etat. La forme des prix est fixée dans le cahier des clauses administratives particulières. La monnaie de compte du marché est l'euro.","Les groupements momentanés d'entreprises sont acceptés. Ils peuvent être solidaires ou conjoints. Toutefois, en cas de groupement conjoint, le mandataire devra être solidaire des autres membres du groupement.",False,False,,False,False,False,CF_NIV_SUIV,['FR'],
22-4535,,Les modalités prévisionnelles de financement sont les suivantes :- Financement sur les fonds propres de la Ville,,False,False,,False,True,False,CF_NIV_SUIV,['FR'],
22-4560,,,,False,False,,False,True,False,CF_NIV_SUIV,['FR'],
22-4597,,Financement en fonds propres,,False,False,,False,True,False,CF_NIV_SUIV,,
22-4635,sans objet,"- Financement : ressources propres du pouvoir adjudicateur.- paiement : par virement administratif selon les règles de la comptabilitépublique française, dans un délai maximum de 30 jours.- prix révisables- avances- acomptes",Forme libre,False,False,,False,True,False,CF_NIV_SUIV,['FR'],
22-4661,,,,False,False,,False,True,True,CF_NIV_SUIV,,
22-4668,,,,False,False,,False,True,False,CF_NIV_SUIV,,
22-4696,,"Les paiements sont effectués semestriellement, sur présentation des factures et attestation du service fait, par application des quantités réellement exécutées aux prix unitaires inscrits au BPU. Après exécution des prestations, le titulaire adresse sa facture en un exemplaire sous format électronique exclusivement sur le portail mutualisé Chorus Pro à l'adresse https://chorus-pro.gouv.fr.",,False,False,,False,False,True,CF_NIV_SUIV,,
22-4711,,,,False,False,,False,True,False,CF_NIV_SUIV,,
22-4749,,,,False,False,,False,True,False,CF_NIV_SUIV,['FR'],
22-4751,,,,False,False,,False,True,False,CF_NIV_SUIV,['FR'],
22-4772,,,,False,False,,False,True,True,CF_NIV_SUIV,,
22-4799,Néant,,,False,False,,False,True,True,CF_NIV_SUIV,,
22-4839,,Caractéristiques des prix : Prix unitaires. Modalités de variation des prix : Révision par ajustement. Modalité derèglement des comptes : selon les modalités du C.C.A.G.-F.C.S. Le délai global de paiement est de 30 jours.Modalités de financements : Financement sur les crédits ouverts au budget. Il ne sera pas versé d'avance,"En cas de groupement, la forme juridique imposée après attribution par le pouvoir adjudicateur est un groupement solidaire, nécessaire à la bonne exécution de l'accord-cadre.L'entreprise mandataire d'un groupement ne peut représenter, en cette qualité, plus d'un groupement pour un même accord-cadre.Il est interdit aux candidats de présenter plusieurs offres en agissant à la fois :- En qualité de candidats individuels et de membres d'un ou plusieurs groupements ; - En qualité de membres de plusieurs groupements.",False,False,,False,True,False,CF_NIV_SUIV,['FR'],
22-4852,Cf. le Règlement de la consultation (R.C.),Cf. le Règlement de la consultation (R.C.),Cf. le Règlement de la consultation (R.C.),False,False,,False,False,False,CF_NIV_SUIV,['FR'],
22-4880,Cf. dossier de consultation,,Cf. dossier de consultation,False,False,,False,True,True,CF_NIV_SUIV,,
22-4885,,Le délai global de paiement des prestations est fixé à 30 jours.Modalités de financement des prestations : Les dépenses effectuées au titre du présent marché seront imputées sur le Budget de la Commune de Saint-Cyprien au titre de l'exercice 2021 et suivants..Les prestations sont traitées à prix forfaitaires.,"Après l'attribution du marché, la personne signataire du marché pourra exiger que le titulaire adopte la forme juridique suivante : groupement solidaire.La même entreprise ne peut pas présenter pour le marché ou un de ses lots plusieurs offres, en agissant à la fois :en qualité de candidat individuel et de membre d'un ou plusieurs groupements ;en qualité de membre de plusieurs groupements.",False,False,,False,True,True,CF_NIV_SUIV,,
22-4894,Aucune clause de garantie financière ne sera appliquée.,Paiement par mandat administratif. Délai de paiement : 30 jours. Financement sur les fonds propres.Avance : 5% ou 10% du montant initial dumarché selon bénéficiaire,Le marché sera conclu avec une entreprise unique ou un groupement d'entreprises.,False,False,,False,True,True,CF_NIV_SUIV,,
22-4914,,,,False,False,,False,True,True,CF_NIV_SUIV,,
22-4915,,"Toute facture est établie par bon de commande : le fournisseur adressera une facture unique correspondant à la totalité du bon de commande.La facturation unique est à privilégier. Ainsi si le fournisseur réalise plusieurs livraisons partielles, le titulaire du marché adressera préférentiellement une facture correspondant à la totalité des livraisons effectuées. Les factures partielles sont autorisées, et devront correspondre à l'entièreté d'un lot pharmaceutique de médicaments.","Les entreprises peuvent présenter leur candidature ou leur offre sous forme de groupement solidaire ou de groupement conjoint. Dans l'hypothèse d'une candidature sous forme de groupement conjoint, la forme imposée du groupement après attribution pourra être le groupement solidaire des membres du groupement.Il est interdit aux candidats de présenter pour le marché plusieurs offres en agissant à la fois en qualité de candidat individuel ou de membre d'un ou plusieurs groupements.",False,False,,True,False,False,CF_NIV_SUIV,['FR'],
22-4924,,,,False,False,,False,True,False,CF_NIV_SUIV,['FR'],
22-4940,,,,False,False,,False,True,False,CF_NIV_SUIV,,
22-4964,,"Les versements interviendront sur présentation de factures (et d'un RIB pour le premier versement) :-Avance forfaitaire possible de 10% au démarrage des travaux ;-Un acompte possible dans la limite de 30% de la prestation totale sur présentation d'une facture détaillée et quantifiée des prestations, validée par le maître d'ouvrage ;-Solde au parfait achèvement du chantier.NB : toute facture devra obligatoirement porter la mention "" Travaux pelouses sèches des champs du Bois Banal "".",,False,False,,False,True,True,CF_NIV_SUIV,,
22-4985,,,,False,False,,False,True,True,CF_NIV_SUIV,,
22-4991,Néant,,,False,False,,False,True,True,CF_NIV_SUIV,,
22-501,,"Le mode de règlement proposé par l'administration est le virement. Les paiements (avance éventuelle, acomptes éventuels, règlements partiels définitifs et solde) au titre du présent marché s'effectuent conformément aux articles L.2391-1 à L.2391-4 et R.2391-1, R.2391-8 à R.2391-10 et R.2391-16 à R.2391-17 du code de la commande publique. Le financement est assuré exclusivement par des ressources budgétaires. La forme des prix (ferme ou révisable) est fixée dans le cahier des clauses administratives particulières. Le délai global de paiement est fixé à 30 jours maximum. La monnaie de compte du marché est l'euro.","Les groupements momentanés d'entreprises sont acceptés. Ils peuvent être solidaires ou conjoints. Toutefois, en cas de groupement conjoint, le mandataire devra être solidaire des autres membres du groupement.",False,False,,False,False,False,CF_NIV_SUIV,['FR'],
22-5015,,,,False,False,,False,True,True,CF_NIV_SUIV,,
22-5025,,Le règlement des dépenses se fera par virement bancaire. Ressources propres de la collectivité.,"L'accord-cadre sera conclu soit avec un prestataire unique soit avec un groupement momentané d'entreprises. Celui-ci pourra prendre la forme d'un groupement solidaire ou conjoint.En cas d'attribution de l'accord-cadre à un groupement conjoint, le mandataire du groupement sera solidaire, pour l'exécution de l'accord-cadre, de chacun des membres du groupement pour ses obligations contractuelles en application de l'article R.2142-24 du code de la commande publique.",False,False,,False,True,True,CF_NIV_SUIV,,
22-5051,,,,False,False,,False,True,False,CF_NIV_SUIV,['FR'],
22-5076,,,,False,False,,False,True,True,CF_NIV_SUIV,,
22-5165,,,,False,False,,False,True,False,CF_NIV_SUIV,['FR'],
22-5190,Le paiement de l'avance est conditionné par la constitution préalable d'une garantie à première demande,"Le financement sera assuré par les ressources propres de Roannaise de l'Eau, les subventions et emprunts le cas échéant","Les candidats peuvent présenter une offre soit en qualité de candidat individuel, soit en qualité de membre d'un groupement.Un candidat ne pourra présenter une offre en qualité de candidat individuel et de membre d'un groupement, ni être membre de plus d'un groupement.Les candidats sont informés qu'en cas d'attribution du marché à un groupement conjoint, le mandataire sera solidaire des autres membres du groupement afin de permettre la bonne exécution du marché.L'offre, qu'elle soit présentée par une seule entreprise ou par un groupement, devra indiquer tous les sous-traitants connus lors de son dépôt. Elle devra également indiquer les prestations (et leur montant) dont la sous-traitance est envisagée, la dénomination et la qualité des sous-traitants qui l'exécuteront à la place du titulaire",False,False,,False,True,False,CF_NIV_SUIV,['FR'],
22-5202,,Les prestations seront financés sur les fonds propres de la Ville,,False,False,,False,True,False,CF_NIV_SUIV,['FR'],
22-5255,,,,False,False,,False,True,False,CF_NIV_SUIV,,
22-5270,,,,False,False,,False,False,True,CF_NIV_SUIV,,
22-5274,,,,False,False,,False,True,True,CF_NIV_SUIV,,
22-5292,Se référer au réglement de la Consultation,Budget communal,Se référer au règlement de la consultation,False,False,,False,False,False,CF_NIV_SUIV,['FR'],
22-5295,,,,False,False,,False,False,False,CF_NIV_SUIV,['FR'],
22-5308,,,,False,False,,False,True,False,CF_NIV_SUIV,['FR'],
22-5312,,Prestations réglées par application de prix forfaitaires. Aucune avance n'est prévu. Délai global de paiement des prestations de 30 jours,Aucune forme de groupement imposé,False,False,,False,True,False,CF_NIV_SUIV,['FR'],
22-5315,,Les prestations seront réglées par virement administratif et selon les dispositions du titre IX du Code de la Commande Publique. L'opération sera financée intégralement par le budget de la collectivité sans financement par des fonds communautairesDélai de paiement : 30 jours à compter de la réception de la facture,"En cas de groupement conjoint, le mandataire devra être solidaire des membres du groupement",False,False,,False,True,False,CF_NIV_SUIV,['FR'],
22-5332,,- Modalités essentielles de financement et de paiement: Financement sur le budget annuel de la Collectivité Européenne d'Alsace en ressources propres.Les prix sont Fermes dans les conditions fixées dans le Cahier des Clauses Administratives Particulières.- Délai global de paiement : le délai de paiement est de 30 jours.- Comptable assignataire : Monsieur le payeur de la Collectivité européenne d'Alsace,Groupement conjoint ou solidaire.,False,False,,False,True,False,CF_NIV_SUIV,,
22-5342,,,,False,False,,False,False,False,CF_NIV_SUIV,['FR'],
22-5350,,,,False,False,,False,True,False,CF_NIV_SUIV,['FR'],
22-5368,,"L'exécution des prestations débute à compter de la date de notification du contrat.Aucune clause de garantie financière prévue.Le contrat prévoit le versement d'une avance, avec obligation de constituer une garantie à première demande ou une caution personnelle et solidaire en contrepartie.Les prestations sont réglées par des prix unitaires.Les prix sont fermes.Le paiement des prestations se fera dans le respect du délai global de paiement applicable à l'acheteur.La consultation comporte des conditions d'exécution à caractère environnemental détaillées au cahier des charges.Le paiement est assuré sur fonds propres du budget principal de Morbihan Énergies. Le paiement des prestations intervient selon les règles de la comptabilité publique dans le cadre du délai global de paiement avec ou sans acomptes et/ou avance. Les sommes dues au(x) titulaire(s) et au(x) sous-traitant(s) de premier rang éventuel(s) du marché seront payées dans un délai global de 30 jours à compter de la date de réception des factures ou des demandes de paiement équivalentes.",,False,False,,False,True,True,CF_NIV_SUIV,,
22-5378,,,,False,False,,False,True,False,CF_NIV_SUIV,['FR'],
22-5434,,,,False,False,,False,True,False,CF_NIV_SUIV,['FR'],
22-5436,,,,False,False,,False,True,False,CF_NIV_SUIV,['FR'],
22-5439,,"Sur fonds propres, emprunt et subventions (Département et Région)",Aucune forme juridique de groupement n'est imposée à ce stade de la consultation,False,False,,False,True,False,CF_NIV_SUIV,['FR'],
22-5443,Voir règlement de la consultation,Voir règlement de la consultation,Voir règlement de la consultation,False,False,,False,True,False,CF_NIV_SUIV,['FR'],
22-5447,,,,False,False,,False,True,False,CF_NIV_SUIV,['FR'],
22-5463,,,,False,False,,False,True,False,CF_NIV_SUIV,,
22-5469,,,,False,False,,False,True,False,CF_NIV_SUIV,['FR'],
22-5474,Aucune clause de garantie financière ne sera appliquée.Aucune avance ne sera versée.,"Les prestations seront financées sur le budget général de Limoges Métropole et rémunérées selon les prescriptions du C.C.A.P et en application du décret nº2012-1246 du 7 novembre 2012 relatif à la gestion budgétaire et comptable publique ainsi que des articles R2191-3 à R2191-63 du Code de la commande publique. Les paiements se feront par virement administratif du Trésorier Principal de Limoges Municipale sur le compte bancaire du titulaire du marché. Les sommes dues au(x) titulaire(s) et au(x) sous-traitant(s) de premier rang éventuel(s) du marché seront payées dans un délai global de 30 jours à compter de la date de réception des factures ou des demandes de paiement équivalentes.En cas de retard de paiement et en application des articles R.2191-35, R.2192-10 à R.2192-36, D.2392-11 et R.2392-12, R.3133-11 à R.3133-28 du Code de la commande publique, le titulaire a droit au versement d'intérêts moratoires, ainsi qu'à une indemnité forfaitaire pour frais de recouvrement d'un montant de 40 euros. Le taux des intérêts moratoires est égal au taux d'intérêt appliqué par la Banque centrale européenne à ses opérations principales de refinancement les plus récentes, en vigueur au premier jour du semestre de l'année civile au cours duquel les intérêts moratoires ont commencé à courir, majoré de huit points de pourcentage, conformément au décret précité.","L'offre, qu'elle soit présentée par une seule entreprise ou par un groupement, devra indiquer tous les sous-traitants connus lors de son dépôt. Elle devra également indiquer les prestations (et leur montant) dont la sous-traitance est envisagée, la dénomination et la qualité des sous-traitants qui l'exécuteront à la place du titulaire, sauf lorsque le montant est inférieur à 600 Euros T.T.C.  NB : Il importe de rappeler que la sous-traitance ne peut être utilisée que pour les travaux, les services et les marchés industriels : a contrario, la sous-traitance est interdite pour les fournitures. En cas de groupement, la forme souhaitée par le pouvoir adjudicateur est un groupement conjoint avec mandataire solidaire. Si le groupement attributaire du marché est d'une forme différente, il pourra se voir contraint d'assurer sa transformation pour se conformer au souhait du pouvoir adjudicateur tel qu'il est indiqué ci-dessus.Il est interdit aux candidats de présenter plusieurs offres en agissant à la fois en qualité de candidats individuels et de membres d'un ou plusieurs groupements ou en qualité de membres de plusieurs groupements.",False,False,,False,False,False,CF_NIV_SUIV,,
22-5502,,,Aucune forme n'est imposée au groupement,False,False,,False,True,False,CF_NIV_SUIV,['FR'],
22-5503,,,,False,False,,False,True,False,CF_NIV_SUIV,['FR'],
22-5507,,,"Aucune forme particulière de groupement n'est imposée après attribution. Mais en cas d'attribution à un groupement conjoint, le mandataire sera nécessairement solidaire pour l'exécution du marché, de chacun des membres du groupement pour ses obligations contractuelles",False,False,,False,True,False,CF_NIV_SUIV,['FR'],
22-5510,,,,False,False,,False,True,False,CF_NIV_SUIV,['FR'],
22-5579,,,,False,False,,False,True,True,CF_NIV_SUIV,,
22-5590,,,,False,False,,False,True,False,CF_NIV_SUIV,['FR'],
22-5595,"Chaque acte d'engagement prévoit le versement d'une avance. Le montant de l'avance est fixé à 30% du montant toutes taxes comprises du marché sans cautionnement ou garanties exigées, si le candidat n'y a pas renoncé.",Budget ENSA NANTES / Modalités de paiement : mandat administratif sous 30 jours / Modalités defacturation : le titulaire transmet sa facture électronique via la plateforme Chorus Pro,Opérateur unique ou groupement conjoint avec mandataire solidaire ou groupement solidaire.,False,False,,False,True,True,CF_NIV_SUIV,,
22-5681,,,,False,False,,False,True,True,CF_NIV_SUIV,,
22-5696,,,,False,False,,False,True,False,CF_NIV_SUIV,['FR'],
22-5710,,Financement sur fonds propres et par subventionsRèglement dans un délai de 30 jours par virement sur mandat administratif,,False,False,,False,True,True,CF_NIV_SUIV,,
22-5735,,,,False,False,,False,True,True,CF_NIV_SUIV,,
22-5742,Néant,,,False,False,,False,True,True,CF_NIV_SUIV,,
22-5751,SANS OBJET,"Modalités de financement et de paiementFinancement : Ville de Troyes.Le règlement des dépenses se fera par virement bancaire. Avance : Il ne sera pas alloué d'avance.Le défaut de paiement dans les délais prévus à l'article ci-dessus fait courir de plein droit, et sans autre formalité, des intérêts moratoires au bénéfice du titulaire ou du sous-traitant payé directement.Conformément à l'article R. 2192-31 du Code de la commande publique, le taux des intérêts moratoires est égal au taux d'intérêt de la principale facilité de refinancement appliquée par la Banque Centrale Européenne à son opération de refinancement principal la plus récente effectuée avant le premier jour de calendrier du semestre de l'année civile au cours duquel les intérêts moratoires ont commencé à courir, majoré de 8 points. Le retard de paiement donne lieu, de plein droit et sans autre formalité, au versement d'une indemnité forfaitaire pour frais de recouvrement, dont le montant est fixé à 40 euros par retard constaté.","Candidat unique ou groupement de candidats. Aucune forme de groupement n'est imposée par le pouvoir adjudicateur.Néanmoins, le pouvoir adjudicateur interdit aux candidats de présenter leurs offres en agissant à la fois en qualité de candidats individuels et de membres d'un ou plusieurs groupements, conformément à l'article R. 2142-21-1° du Code de la commande publique.Le pouvoir adjudicateur interdit aux candidats de présenter leurs offres en agissant à la fois en qualité de membres de plusieurs groupements, conformément à l'article R. 2142-21-2° du Code de la commande publique.En cas d'attribution du marché à un groupement conjoint, le mandataire du groupement sera solidaire, pour l'exécution de u contrat, de chacun des membres du groupement pour ses obligations contractuelles en application de l'article R. 2142-24 du Code de la commande publique.",False,False,,False,True,True,CF_NIV_SUIV,,
22-5767,Une retenue de garantie de 5 % du montant initial TTC du marché est prévue au cahier des clauses administratives particulières du marché. Cette retenue de garantie pourra être remplacée par une garantie à première demande. Les cautions personnelles et solidaires ne sont pas acceptées en remplacement de la retenue de garantie.,Fonds propres de la collectivité et subventions . Paiement par mandat administratif dans les 30 jours maximum à compter de la réception des demandes d'acompte présentées suivants les dispositions précisées au cahier des clauses administratives particulières du marché,"L'acheteur n'impose aucune forme de groupement aux soumissionnaires. Cependant, le mandataire devra être solidaire de sesCotraitants En application de l'article R2142-21 du code de la commande publique, Il est interdit aux soumissionnaires de présenterplusieurs offres en agissant à la fois :o En qualité de soumissionnaire individuels et de membres d'un ou plusieurs groupements ;o En qualité de membres de plusieurs groupements pour le même marché.",False,False,,False,True,True,CF_NIV_SUIV,,
22-5792,,,,False,False,,False,True,False,CF_NIV_SUIV,['FR'],
22-5856,Il est exigé une garantie à première demande en contrepartie de l'avance sauf pour les organismes publics. Le pouvoir adjudicateur accepte qu'une caution personnelle et solidaire remplace la garantie à première demande.,Sur les fonds propres du Sdis du Calvados,"Si le marché est attribué à un groupement conjoint, le mandataire conjoint sera solidaire de chacun des membres du groupement.",False,False,,False,True,True,CF_NIV_SUIV,,
22-5861,,,,False,False,,False,True,False,CF_NIV_SUIV,['FR'],
22-5883,,,,False,False,,False,True,True,CF_NIV_SUIV,,
22-5900,,"Notre établissement est soumis aux règles de la comptabilité publique : le paiement ne peut intervenir qu'une fois le service fait, c'est-à-dire lorsque l'acheteur public a constaté que les prestations ont bien été réalisées et qu'elles sont conformes au contrat signé.",,False,False,,False,True,True,CF_NIV_SUIV,,
22-5902,,,,False,False,,False,True,False,CF_NIV_SUIV,['FR'],
22-5903,,,,False,False,,False,True,False,CF_NIV_SUIV,['FR'],
22-5905,,,,False,False,,False,True,False,CF_NIV_SUIV,['FR'],
22-5907,,,,False,False,,False,True,False,CF_NIV_SUIV,['FR'],
22-5909,,,,False,False,,False,False,False,CF_NIV_SUIV,['FR'],
22-5910,,,,False,False,,False,True,False,CF_NIV_SUIV,['FR'],
22-5911,,,,False,False,,False,True,False,CF_NIV_SUIV,['FR'],
22-5930,,,,False,False,,False,True,False,CF_NIV_SUIV,['FR'],
22-5931,Une retenue de garantie est prévue au contrat. Elle peut être remplacée par une garantie à première demande,,,False,False,,False,True,False,CF_NIV_SUIV,['FR'],
22-5952,,,,False,False,,False,True,True,CF_NIV_SUIV,,
22-6001,,Le délai global de paiement des prestations est fixé à 30 jours.Règlement par Mandat administratif. Le marché s'inscrit dans un projet ou un programme financé par des fonds communautaires : PO INTERREG V Caraïbes 75%,"Après attribution, aucune forme de groupement ne sera exigée.La même entreprise peut présenter plusieurs offres pour le marché en agissant à la fois :o en qualité de candidat individuel et de membre d'un ou plusieurs groupements ;o en qualité de membre de plusieurs groupements.",False,False,,False,True,False,CF_NIV_SUIV,['FR'],
22-6007,,,,False,False,,False,False,True,CF_NIV_SUIV,,
22-6014,,,,False,False,,False,True,True,CF_NIV_SUIV,,
22-6020,,,,False,False,,False,True,True,CF_NIV_SUIV,,
22-6032,,"Les modalités de financement : budget de l'État. Les modalités de paiement : les prestations, objet du marché,sont rémunérées dans les conditions fixées par les règles de la comptabilité publique et financière, le paiementest sur service fait. Le marché est conclu à prix définitifs et révisables. L'avance est fixée à 5% et pour les PMEà 20%.",Le groupement qui serait attributaire du marché pourra indifféremment prendre la forme d'un groupement conjointou bien la forme d'un groupement solidaire.,False,False,,False,False,False,CF_NIV_SUIV,['FR'],
22-6035,,,,False,False,,False,True,True,CF_NIV_SUIV,,
22-6040,Pas de cautionnement et de garanties exigés.,"Le paiement s'effectue suivant la réglementation en vigueur. Les prestations sont financées par le budget communal, section de fonctionnement. Le délai de paiement ne peut excéder trente (30) jours. Si le dernier jour de ce délai est un jour férié, dimanche ou samedi, le délai expire à la fin du jour ouvrable suivant.Conformément à l'article L.2192-13 du code de la commande publique, le défaut de paiement dans le délai règlementaire : - fait courir de plein droit, et sans autre formalité, des intérêts moratoires dont le taux est fixé par l'article R.2192-31 du code de la commande publique ; - donne lieu de plein droit, et sans autre formalité, au versement d'une indemnité forfaitaire pour frais de recouvrement dont le montant est fixé par l'article D.2192-35 du code de la commande publique.","Le marché pourra être attribué à un opérateur économique unique ou à un groupement d'entreprises solidaire ou conjoint. Le groupement retenu pourra être conjoint à condition que les prestations à exécuter soient détaillées et précisées dans le contrat qui lie ses membres et que le mandataire du groupement soit solidaire, pour l'exécution du marché, de chacun des membres du groupement pour ses obligations contractuelles à l'égard de l'acheteur.",False,False,,False,True,False,CF_NIV_SUIV,['FR'],
22-6044,L'accord-cadre et ses marchés subséquents ne feront l'objet d'aucune retenue de garantie,"Aucune avance ne sera versée pour l'exécution du présent accord-cadre et de ses marchés subséquents.*Les prestations seront financées selon les modalités suivantes : budget de la collectivité, fonds propres, section fonctionnement.*Les prestations faisant l'objet de l'accord-cadre et de ses marchés subséquents seront réglées par un prix forfaitaire","En cas de groupement, la forme souhaitée par le pouvoir adjudicateur est un groupement conjoint avec mandataire solidaire. Si le groupement attributaire est d'une forme différente, il pourra se voir contraint d'assurer sa transformation pour se conformer au souhait du pouvoir adjudicateur tel qu'il est indiqué ci-dessus",False,False,,False,True,False,CF_NIV_SUIV,['FR'],
22-6048,,,,False,False,,False,True,False,CF_NIV_SUIV,['FR'],
22-6072,,- Modalités essentielles de financement et de paiement: Financement sur le budget annuel de la Collectivité Européenne d'Alsace en ressources propres.Les prix sont Révisables dans les conditions fixées dans le Cahier des Clauses Administratives Particulières.- Délai global de paiement : le délai de paiement est de 30 jours.- Comptable assignataire :,"Pour accomplir cette mission, l'équipe sera pluridisciplinaire et devra comprendre à minima les compétences suivantes :-Programmation architecturale et urbaine -Economie de la construction-Ingénierie Tout corps d'état (Structure, Clos-Couvert, Fluides, -) -Performances énergétiques et environnementales -Planification et ordonnancement des travauxSi l'équipe se présente en groupement, celui-ci sera obligatoirement solidaire et le programmiste en sera obligatoirement le mandataire.Il est précisé que le titulaire du marché ne pourra se voir attribuer l'éventuelle maîtrise d'oeuvre future de l'opération. Cette disposition s'applique également aux différents membres du groupement.",False,False,,False,True,False,CF_NIV_SUIV,,
22-6075,,,,False,False,,False,True,False,CF_NIV_SUIV,['FR'],
22-6080,,,,False,False,,False,False,True,CF_NIV_SUIV,,
22-6094,,,,False,False,,False,False,False,CF_NIV_SUIV,['FR'],
22-6106,,,,False,False,,False,True,False,CF_NIV_SUIV,['FR'],
22-6107,,,,False,False,,False,True,False,CF_NIV_SUIV,['FR'],
22-6108,,,,False,False,,False,True,False,CF_NIV_SUIV,['FR'],
22-6109,,,,False,False,,False,True,False,CF_NIV_SUIV,['FR'],
22-6110,,,,False,False,,False,True,False,CF_NIV_SUIV,['FR'],
22-6138,,,,False,False,,False,False,False,CF_NIV_SUIV,['FR'],
22-6161,,,,False,False,,False,True,False,CF_NIV_SUIV,['FR'],
22-6211,,,,False,False,,False,True,False,CF_NIV_SUIV,['FR'],
22-6282,,Origine du financement : vnf 100 % ;* les prix seront actualisables ;* les comptes seront réglés sous la forme de factures détaillées ;* le délai global de paiement du règlement des comptes sera fixé à 30 jours.,"Nature de l'attributaire, le marché sera conclu :- soit avec un prestataire unique ;- soit avec des prestataires groupés conjoints ou des prestataires groupés solidaires.Le mandataire du groupement conjoint sera solidaire, pour l'exécution du marché, de chacun des membres du groupement pour ses obligations contractuelles à l'égard du pouvoir adjudicateur.Chaque candidat ne pourra remettre, pour la présente consultation, qu'une seule candidature en agissant en qualité soit de candidat individuel, soit de membre d'un groupement.",False,False,,False,True,True,CF_NIV_SUIV,,
22-6295,,Les règlements s'effectuent par carte d'achat conformément à l'article R2392-13 du code de la commande publique et au décret no2004-1144 du 26 octobre 2004.Le financement est assuré exclusivement par les ressources budgétaires de l'Etat.La monnaie de compte est l'euro.,"Les candidats doivent indiquer dans leur dossier de candidature s'ils se présentent en tant que candidat individuel ou en tant que groupement d'opérateurs économiques.En application de l'article R2342-12 du code de la commande publique, un même opérateur économique ne peut pas être mandataire de plus d'un groupement pour un même marché public.De plus, le pouvoir adjudicateur interdit aux candidats de présenter une offre en agissant à la fois :- en qualité de candidats individuels et de membres d'un ou plusieurs groupements ;- en qualité de membres de plusieurs groupements.Pour l'exécution de l'accord-cadre, le mandataire du groupement est solidaire de chacun des membres du groupement pour ses obligations contractuelles.La constitution d'un groupement et la modification d'un groupement sont acceptées entre la remise des candidatures et la remise des offres initiales si tous les membres du groupement ont été autorisés à présenter une offre ou à y participer et le groupement nouvellement constitué doit respecter les exigences relatives aux capacités professionnelles, techniques et financières des candidats. En cas de modification ou de constitution d'un groupement, tous ses membres doivent avoir été autorisés à présenter une offre ou à y participer, au moins en tant que sous-contractant accepté dans la phase de candidature, et le groupement modifié ou nouvellement constitué doit respecter les exigences de l'acheteur relatives aux capacités des candidats.",False,False,,False,False,False,CF_NIV_SUIV,['FR'],
22-6342,,"Le financement est assuré exclusivement par des ressources budgétaires propres au ministère des armées. Le régime des paiements (versements d'avance, acomptes, soldes ...) est conforme aux dispositions des articles L 2391-2 à L 2392-10, R 2391-1 à R 2391-10, R 2391-16 à R 2391-28, R 2393-24 à R 2393-40 du code de la commande publique ;Le type et la forme de prix des prestations seront forfaitaires, définitifs et révisables.Pour le poste à provision, le type et la forme de prix seront forfaitaires ou unitaires, définitifs et fermes.Pour le poste à bons de commande, le type et la forme de prix seront unitaires, définitifs et révisables.Le délai de paiement est de 30 jours maximum et mis en oeuvre conformément aux articles R 2392-10 à R 2392-12 et D 2392-11 du code de la commande publique. Le mode de règlement est le virement. Le comptable assignataire est :L'agent comptable des services industriels de l'armement (ACSIA)Le Vendôme III11, rue du Rempart93 196 Noisy-Le Grand CEDEX","Cf articles R 2342-12 à R 2342-15 du code de la Commande publique.Les candidats doivent indiquer dans leur candidature s'ils se présentent en tant que candidat individuel ou groupement d'opérateurs économiques.La forme du groupement n'est pas imposée. Toutefois si le candidat se présente sous la forme d'un groupement conjoint, le mandataire sera solidaire pour l'exécution de l'accord-cadre, de chacun des membres du groupement pour ses obligations contractuelles à l'égard de l'acheteur.Il est interdit aux candidats de présenter pour l'accord-cadre plusieurs offres en agissant à la fois :1° en qualité de candidats individuels et de membres d'un ou plusieurs groupements ;2° en qualité de membres de plusieurs groupements.La composition des groupements peut être modifiée, et il est possible d'en constituer de nouveaux entre la remise des candidatures et la remise des offres initiales. En cas de modification ou de constitution d'un groupement, tous ses membres doivent avoir été autorisés à présenter une offre ou à y participer, au moins en tant que sous-contractant accepté dans la phase de candidature, et le groupement modifié ou nouvellement constitué doit respecter les exigences relatives aux capacités des candidats.Informations complémentaires sur la composition des groupements : se reporter au paragraphe VI.3",False,False,"Conformément à l'article R 2351-14 du code de la commande publique, les documents de la consultation comporteront des exigences relatives à la sécurité des informations.",False,False,False,CF_NIV_SUIV,['FR'],
22-6397,Voir article 3.1 du règlement de la consultation,Voir article 2.6 du règlement de la consultation,Voir article 3.4 du règlement de la consultation,False,False,,False,True,False,CF_NIV_SUIV,,
22-6428,Aucun cautionnement exigé.,Financement sur fonds propres,"Si le marché est attribué à un groupement, il est expressément demandé que le mandataire conjoint soit solidaire de chacun des membres du groupement pour ses obligations contractuelles à l'égard de la personne publique.",False,False,,False,True,True,CF_NIV_SUIV,,
22-6431,,,,False,False,,False,True,True,CF_NIV_SUIV,,
22-6457,,,,False,False,,False,True,True,CF_NIV_SUIV,,
22-6488,,Financement sur budget communal. Paiement par comptable public dans les délais légaux.,,False,False,,False,True,True,CF_NIV_SUIV,,
22-6504,Sans objet,Avance selon article L.2191-2 du Code de la Commande PubliqueModalités de paiement : mandat administratifDélais de paiement fixés par voie règlementaireModalités de financement : ressources propres,Groupement conjoint ou solidairfe,False,False,,False,True,False,CF_NIV_SUIV,['FR'],
22-6530,,,,False,False,,False,True,False,CF_NIV_SUIV,['FR'],
22-6584,,,,False,False,,False,False,True,CF_NIV_SUIV,,
22-6628,,Financement sur fonds propres de la collectivité et à l'aide de subventions d'autres collectivités territoriales.Règlement par virement administratif dans un délai global de 30 jours.,Le marché sera attribué à un opérateur économique ou un groupement conjoint avec mandataire solidaire.,False,False,,False,False,False,CF_NIV_SUIV,['FR'],
22-6708,,,"Le marché est attribué à un groupement conjoint. Le mandataire conjoint devra être solidaire, pour l'exécution du marché, de chacun des membres du groupement pour ses obligations contractuelles à l'égard du pouvoir adjudicateur.",False,False,,False,False,True,CF_NIV_SUIV,,
22-6720,"Aucune clause de garantie financière ne sera appliquée.Une avance est accordée au titulaire lorsque le montant initial du marché est supérieur à 50 000 euro HT et dans la mesure où le délai d'exécution est supérieur à 2 mois, sauf indication contraire de l'acte d'engagement. Le titulaire, sauf s'il s'agit d'un organisme public, doit justifier de la constitution d'une garantie à première demande à concurrence de 100,0 % du montant de l'avance. La caution personnelle et solidaire n'est pas autorisée.",Les prestations seront financées selon les modalités suivantes : Budget de la collectivité.Les modalités de règlement des comptes sont définies dans les conditions de l'article 11 du CCAG-PI.Le montant de chaque acompte relatif à la phase considérée sera déterminé sous forme de pourcentage du montant initial du marché.Les sommes dues au(x) titulaire(s) seront payées dans un délai global de 30 jours à compter de la date de réception des demandes de paiement.,Le pouvoir adjudicateur ne souhaite imposer aucune forme de groupement à l'attributaire du marché.Il est interdit aux candidats de présenter plusieurs offres en agissant à la fois en qualité de candidats individuels et de membres d'un ou plusieurs groupements ou en qualité de membres de plusieurs groupements.,False,False,,False,True,True,CF_NIV_SUIV,,
22-6786,Se référer au règlement de la Consultation,Budget communal,Se référer au règlement de la consultation,False,False,,False,False,False,CF_NIV_SUIV,['FR'],
22-6795,,,,False,False,,False,True,False,CF_NIV_SUIV,['FR'],
22-6805,,,,False,False,,False,True,False,CF_NIV_SUIV,,
22-6849,,,,False,False,,False,True,True,CF_NIV_SUIV,,
22-6853,,,,False,False,,False,False,False,CF_NIV_SUIV,['FR'],
22-6883,,,,False,False,,False,True,False,CF_NIV_SUIV,['FR'],
22-6887,,,,False,False,,False,True,True,CF_NIV_SUIV,,
22-6897,,Virement par mandatement. Délai global de paiement : 30 jours à réception factures.,,False,False,,False,False,True,CF_NIV_SUIV,,
22-6964,,,,False,False,,False,True,False,CF_NIV_SUIV,['FR'],
22-6970,,,,False,False,,False,True,True,CF_NIV_SUIV,,
22-6999,,,Aucune forme n'est imposée au groupement,False,False,,False,True,False,CF_NIV_SUIV,['FR'],
22-7002,Aucune clause de garantie financière prévue,Budget ECLA en fonds propre - Subvention de l'ADEME,Aucune forme de groupement n'est imposée,False,False,,False,True,False,CF_NIV_SUIV,['FR'],
22-7012,,,,False,False,,False,True,False,CF_NIV_SUIV,['FR'],
22-7037,se référer aux documents de la consultation,se référer aux documents de la consultation,"En cas d'attribution à un groupement, l'acheteur se réserve le droit d'imposer le groupement conjoint avec solidarité du mandataire",False,False,,False,True,False,CF_NIV_SUIV,['FR'],
22-7092,,"Budget public de l'EPTB Saône et Doubs : article 617Avec concours financier de l'Etat, et de fonds européens",,False,False,,False,True,True,CF_NIV_SUIV,,
22-7148,aucun.,,,False,False,,False,True,True,CF_NIV_SUIV,,
22-7155,"Dans le cas d'une demande de versement d'une avance forfaitaire, le titulaire devra fournir à la Communauté d'Agglomération, une garantie à première demande.",Financement par fonds propres de la Communauté d'Agglomération de la Provence Verte et éventuelles subventions.,"Après l'attribution du marché, le pouvoir adjudicateur pourra exiger que le titulaire adopte la forme juridique suivante : groupement solidaire ou conjoint avec mandataire solidaire.",False,False,,False,True,True,CF_NIV_SUIV,,
22-7206,,,,False,False,,False,True,False,CF_NIV_SUIV,,
22-7243,Cf : Règlement de consultation,Cf : Règlement de consultation,Cf : Règlement de consultation,False,False,,False,True,True,CF_NIV_SUIV,,
22-7251,Se référer au CCAP du marché le cas échéant,"Imputations budgétaires : budget du Port, chapitre 23, article 2318, opération 4028",,False,False,,False,False,False,CF_NIV_SUIV,,
22-7280,,Ressources propres.,Le pouvoir adjudicateur ne souhaite imposer aucune forme de groupement à l'attributaire du marché.,False,False,,False,True,False,CF_NIV_SUIV,,
22-7305,,,,False,False,,False,True,True,CF_NIV_SUIV,,
22-7316,,,,False,False,,False,True,True,CF_NIV_SUIV,,
22-7317,,,Aucune forme de groupement n'est imposée,False,False,,False,True,True,CF_NIV_SUIV,,
22-7325,,,,False,False,,False,True,False,CF_NIV_SUIV,['FR'],
22-7429,,,,False,False,,False,True,True,CF_NIV_SUIV,,
22-7452,,,,False,False,,False,True,False,CF_NIV_SUIV,['FR'],
22-7460,,,,False,False,,False,True,True,CF_NIV_SUIV,,
22-7470,,Mode de financement : AutofinancementMode de règlement : virement bancaire (mandat administratif),"En cas d'attribution du contrat à un groupement, l'acheteur se réserve la possibilité d'imposer la forme d'un groupement conjoint avec mandataire solidaire.Le candidat ne peut pas répondre à la fois en tant que titulaire et en tant que membre d'un groupement",False,False,,False,True,False,CF_NIV_SUIV,['FR'],
22-7501,Pas de caution ni garantie exigées,Financés sur les fonds propres de l'organisme,,False,False,,False,True,True,CF_NIV_SUIV,,
22-7505,,Le règlement des prestations a lieu par virement et s'effectue selon les règles de la comptabilité publique et du code de la commande publique. Le financement des prestations est sur fonds propres.,"Il est interdit de présenter pour le présent marché, plusieurs offres en agissant à la fois en qualité de candidat individuel et de membre d'un groupement ou en qualité de membre de plusieurs groupements.En cas de groupement conjoint, le mandataire sera solidaire, pour l'exécution du marché, de chacun des membres du groupement pour ses obligations contractuelles.Le mandataire d'un groupement ne peut représenter, en cette qualité, plus d'un groupement.En cas de groupement, le mandataire du groupement sera obligatoirement l'architecte, qui sera inscrit à l'ordre des Architectes.",False,False,,False,False,False,CF_NIV_SUIV,,
22-7561,,,,False,False,,False,True,False,CF_NIV_SUIV,['FR'],
22-7577,,Le financement est assuré sur des fonds régionaux propres.Le mode de règlement choisi par l'administration est le virement bancaire. Les références du ou des comptes bancaires où les paiements seront effectués doivent être précisées dans l'acte d'engagement.Le délai maximum de paiement ne peut excéder trente jours à compter de la réception de la facture par l'acheteur. Le taux de TVA applicable est celui en vigueur à la date du fait générateur de la TVA.,"Les entreprises candidates se présentent soit individuellement, soit en groupement.La forme du groupement sera précisée par les candidats sur l'acte d'engagement ainsi que le nom de l'entreprise mandataire. Ces indications devront être cohérentes avec les informations contenues dans la lettre de candidature. Le mandataire pourra signer, seul, les candidatures et les offres, s'il joint à la candidature du groupement les habilitations nécessaires pour représenter l'ensemble des co-traitants au stade de la passation de l'accord-cadre.Il est interdit aux candidats de présenter pour l'accord-cadre plusieurs offres en agissant à la fois :- en qualité de candidats individuels et de membres d'un ou plusieurs groupements- en qualité de membres de plusieurs groupements.",False,False,,False,True,True,CF_NIV_SUIV,,
22-7633,,délai global de paiement de 30 jours,titulaire unique ou groupement d'entreprises,False,False,,False,True,False,CF_NIV_SUIV,['FR'],
22-7673,caution de retenue de garantie,,,False,False,,False,True,True,CF_NIV_SUIV,,
22-7695,,,,False,False,,False,True,True,CF_NIV_SUIV,,
22-7711,Il n'est pas exigé de cautionnement ou de garanties particulières,Le financement sera assuré par des ressources budgétaires propres. Les paiements interviendront conformément aux dispositions relatives à la commande Publique,Opérateur économique unique ou groupement d'opérateurs économiques solidaires,False,False,,False,True,False,CF_NIV_SUIV,['FR'],
22-7756,,,,False,False,,False,True,True,CF_NIV_SUIV,,
22-7763,,,,False,False,,False,True,True,CF_NIV_SUIV,,
22-7782,,,,False,False,,False,True,True,CF_NIV_SUIV,,
22-7788,,,,False,False,,False,True,False,CF_NIV_SUIV,['FR'],
22-7801,"Une retenue de garantie de 5,00 % du montant initial du marché (augmenté le cas échéant du montant des avenants) sera prélevée sur le montant de chaque acompte par le comptable assignataire des paiements.Cette retenue de garantie peut être remplacée au gré du titulaire par une garantie à première demande, constituée en totalité au plus tard à la date à laquelle le titulaire remet la demande de paiement correspondant au premier acompte. Il ne sera par contre pas accepté de caution personnelle et solidaire",,,False,False,,False,True,False,CF_NIV_SUIV,['FR'],
22-7829,,,,False,False,,False,True,True,CF_NIV_SUIV,,
22-7832,,,,False,False,,False,True,True,CF_NIV_SUIV,,
22-7841,,Prix global et forfaitaire révisable annuellement. Financement par les ressources propres du pouvoir adjudicateur. Délai global de paiement: 30 jours à compter de la réception des factures.,,False,False,,False,False,True,CF_NIV_SUIV,,
22-7870,,,,False,False,,False,True,False,CF_NIV_SUIV,['FR'],
22-7915,"Une avance est accordée au titulaire lorsque le montant initial du marché est supérieur à 50 000 euros HT et dans la mesureoù le délai d'exécution est supérieur à 2 mois, sauf indication contraire de l'acte d'engagementAucune garantie financière ne sera demandée au titulaire pour le versement de l'avance",Les sommes dues au(x) titulaire(s) seront payées dans un délai global de 30 jours à compter de la date de réception desdemandes de paiement,Aucune forme de groupement imposée,False,False,,False,True,False,CF_NIV_SUIV,['FR'],
22-7989,,,,False,False,,False,True,True,CF_NIV_SUIV,,
22-8037,,,,False,False,,False,False,True,CF_NIV_SUIV,,
22-8116,,,,False,False,,False,True,True,CF_NIV_SUIV,,
22-8131,"L'option retenue pour le calcul de l'avance est l'option B du CCAG - Maîtrise d'oeuvre.Une avance est accordée au titulaire lorsque le montant initial du marché est supérieur à 50 000 euros HT et dans la mesure où le délai d'exécution est supérieur à 2 mois, sauf indication contraire de l'acte d'engagement.Aucune garantie financière ne sera demandée au titulaire pour le versement de l'avance",Les crédits sont inscrits au budget du département (ressources propres). Les paiements seront effectués par mandat administratif dans un délai de 30 jours,"Il n'est pas imposé de forme de groupement. Toutefois, en application de l'article R2142-24 du Code de la commande publique, le mandataire du groupement (architecte) sera solidaire de l'ensemble des membres",False,False,,False,True,False,CF_NIV_SUIV,['FR'],
22-8139,,,,False,False,,False,True,True,CF_NIV_SUIV,,
22-8159,Aucune garantie financière n'est exigée.,Aucune avance ne sera accordée.Les prestations seront financées sur les fonds propres de laRégie. Les sommes dues au Titulaire seront payées dans un délai global de trente jours à compter de la date de réception des demandes de paiement.,La Régie ne souhaite imposer aucune forme de groupement àl'attributaire du marché.,False,False,,False,True,True,CF_NIV_SUIV,,
22-8185,,,,False,False,,False,True,False,CF_NIV_SUIV,,
22-8204,"critère de sélection des candidatures : capacité économique et financière, références professionnelles (qualifications ou références équivalentes).",suivant règlement de consultation,suivant règlement de consultation,False,False,,False,True,False,CF_NIV_SUIV,,
22-8232,,,,False,False,,False,True,False,CF_NIV_SUIV,['FR'],
22-8256,,,"Le contrat sera attribué à un opérateur économique ou à un groupement d'opérateurs économiques solidaires (avec désignation d'un mandataire commun) ou conjoints (avec désignation d'un mandataire commun solidaire).  En cas de groupement, le mandataire du groupement sera obligatoirement désigné dès la candidature.Il est précisé qu'un mandataire ne peut représenter plus d'un candidat pour un même contrat et ne peut signer plus d'une offre.Pour éviter de fausser la concurrence, un cotraitant ne pourra pas être retenu dans plusieurs groupements.En outre, de manière générale, un opérateur économique ne pourra signer plus d'une offre.",False,False,,False,True,True,CF_NIV_SUIV,,
22-8258,,,,False,False,,False,True,False,CF_NIV_SUIV,['FR'],
22-8264,,,,False,False,,False,True,False,CF_NIV_SUIV,['FR'],
22-8266,,,,False,False,,False,True,False,CF_NIV_SUIV,['FR'],
22-8292,,Financement par fonds propres à l'établissement Paiement par virement administratif (mandat) dans la limite réglementaire (50 jours),,False,False,,False,False,False,CF_NIV_SUIV,['FR'],
22-8299,,,,False,False,,False,False,False,CF_NIV_SUIV,['FR'],
22-8327,"Une retenue de garantie est prévue au contrat. Elle peut être remplacée par une garantie à première demande.Le contrat prévoit le versement d'une avance, avec obligation de constituer une garantie à première demande en contrepartie",Articles R2191-3 à R2192-36 du code de la commande publiqueModalités de règlement des comptes : Règlement des comptes selon les modalités du C.C.A.G.-TravauxLes prestations sont réglées par des prix unitaires et forfaitaires.Les prix sont actualisables.Le paiement des prestations se fera dans le respect du délai global de paiement applicable à l'acheteur,,False,False,,False,True,False,CF_NIV_SUIV,['FR'],
22-833,,,,False,False,,False,True,True,CF_NIV_SUIV,,
22-8330,,,Aucune forme de groupement imposée à l'attributaire du marché,False,False,,False,True,False,CF_NIV_SUIV,['FR'],
22-8333,,,,False,False,,False,True,False,CF_NIV_SUIV,['FR'],
22-8371,,,,False,False,,False,True,True,CF_NIV_SUIV,,
22-851,,,Aucune forme n'est imposée au groupement,False,False,,False,True,False,CF_NIV_SUIV,['FR'],
22-8542,,,,False,False,,False,False,False,CF_NIV_SUIV,['FR'],
22-8549,Aucun cautionnement ni garantie n'est exigé,Financement sur fonds propres.Délai de paiement à 30 jours.Le marché ouvre droit au versement d'une avance dans le respect des dispositions des articles R.2191-3 et 2191-5 du Code de la Commande publique,Aucune forme juridique imposée,False,False,,False,True,False,CF_NIV_SUIV,['FR'],
22-8558,,,,False,False,,False,True,False,CF_NIV_SUIV,['FR'],
22-8597,,,,False,False,,False,False,False,CF_NIV_SUIV,['FR'],
22-8611,,,,False,False,,False,True,False,CF_NIV_SUIV,['FR'],
22-8615,Aucune retenue de garantie sera effectuée,Financement sur les crédits du département et plus particulièrement sur les crédits de la direction générale a adjointe des ressources humaines,pas de forme imposée. si groupement conjoint le mandataire sera solidaire.,False,False,,False,True,False,CF_NIV_SUIV,['FR'],
22-8621,Cf règlement de consultation,Cf règlement de consultation,Cf règlement de consultation,False,False,,False,True,True,CF_NIV_SUIV,,
22-8647,Le prestataire est dispensé de retenue de garantie,"Financements propres, subventions. Paiement selon les règles de la comptabilité publique","La forme juridique du groupement n'est pas imposée. Cependant, en cas de groupement conjoint, lemandataire sera solidaire.(cf.3.1 du RC)",False,False,,False,True,False,CF_NIV_SUIV,['FR'],
22-8649,,,,False,False,,False,True,False,CF_NIV_SUIV,['FR'],
22-8668,"Une retenue de garantie de 5,00 % du montant initial du marché (augmenté le cas échéant du montant des avenants) sera constituée. Cette retenue de garantie sera prélevée sur le montant de chaque acompte par le comptable assignataire des paiements.Cette retenue de garantie peut être remplacée au gré du titulaire par une garantie à première demande ou, si les deux parties en sont d'accord, par une caution personnelle et solidaire, constituée en totalité au plus tard à la date à laquelle le titulaire remet la demande de paiement correspondant au premier acompte du marché.Dans l'hypothèse où la garantie ou la caution ne serait pas constituée ou complétée, dans ce délai, la fraction de la retenue de garantie correspondant à l'acompte est prélevée. Le titulaire garde la possibilité, pendant toute la durée du marché, de substituer une garantie à première demande ou une caution personnelle et solidaire à la retenue de garantie.",Autofinancement b.p. 2022 - section investissement. Application d'un prix forfaitaire. Mode de règlement : virement avec mandatement. Délai global de paiement de 30 jours.,"Groupement conjoint avec mandataire solidaire. Les candidats ne sont pas autorisés à présenter, pour le marché , plusieurs offres en agissant à la fois en qualité de candidat individuel ou de membres d'un ou plusieurs groupements. Un même opérateur économique peut faire partie de plusieurs groupements concurrents à condition de ne pas être plus d'une fois mandataire pour un même marché.",False,False,,False,True,True,CF_NIV_SUIV,,
22-8684,L'entreprise est dispensée de cautionnement.,Financement sur fonds propres.Paiement des factures conformément au Code de la Commande Publique.,"En cas de groupement, le candidat doit préciser si le groupement d'entreprises est conjoint ou solidaire.Le cas échéant, le mandataire du groupement conjoint est solidaire, pour l'exécution du marché, de chacun des membres du groupement pour ses obligations contractuelles à l'égard du pouvoir adjudicateur.",False,False,,False,False,True,CF_NIV_SUIV,,
22-8686,,,,False,False,,False,False,True,CF_NIV_SUIV,,
22-8705,,,,False,False,,False,True,False,CF_NIV_SUIV,['FR'],
22-8706,,,,False,False,,False,True,False,CF_NIV_SUIV,['FR'],
22-8710,,,,False,False,,False,True,False,CF_NIV_SUIV,['FR'],
22-8712,,,,False,False,,False,True,False,CF_NIV_SUIV,['FR'],
22-8714,,,,False,False,,False,True,False,CF_NIV_SUIV,['FR'],
22-8727,"Une avance est accordée au titulaire lorsque le montant total est supérieur à 50 000 euros HT et dans la mesure où le délai d'exécution est supérieur à 2 mois, sauf indication contraire de l'acte d'engagement. Sauf demande expresse contraire de l'entreprise laissée à la libre appréciation du pouvoir adjudicateur, le montant de l'avance est fixé à :- pour les TPE/PME (mentionnées à l'article R.2151-13 du CCP) : 20% ;- pour les autres opérateurs économiques : 5,0 %du montant initial du marché, si sa durée est inférieure ou égale à douze mois ; si cette durée est supérieure à douze mois, l'avance est égale à 20% pour les TPE/PME ou 5,0 % pour les autres opérateurs économiques d'une somme égale à douze fois le montant mentionné ci-dessus divisé par cette durée exprimée en mois. Le titulaire, sauf s'il s'agit d'un organisme public, doit justifier de la constitution d'une garantie à première demande à concurrence de 100,0 % du montant de l'avance. La caution personnelle et solidaire n'est pas autorisée. Les articles R.2191-32 à R.2191 35 du Code de la commande Publique prévoient une retenue de garantie. Elle se monte à :- Pour les TPE/PME (mentionnées à l'article R.2151-13 du CCP) : 3,00 % ;- Pour les autres opérateurs économiques : 5,00 % ;du montant initial du marché (augmenté le cas échéant du montant des avenants) sera constituée. Cette retenue de garantie peut être remplacée au gré du titulaire par une garantie à première demande, constituée en totalité au plus tard à la date à laquelle le titulaire remet la demande de paiement correspondant au premier acompte. Il ne sera par contre pas accepté de caution personnelle et solidaire.","Les prestations seront financées sur le budget général de Limoges Métropole et seront rémunérées selon les prescriptions du présent CCAP et en application du décret no2012-1246 du 07 novembre 2012 relatif à la gestion budgétaire et comptable publique, ainsi que des articles R. 2191-1 et suivants du code de la commande publique du 1er avril 2019. Les sommes dues au(x) titulaire(s) et aux éventuels sous-traitants seront payées dans un délai global de 30 jours à compter de la date de réception des demandes de paiement. En cas de retard de paiement et en application du décret no2013-269 du 26 mars 2013 relatif à la lutte contre les retards de paiement dans les contrats de la commande publique, le titulaire a droit au versement d'intérêts moratoires, ainsi qu'à une indemnité forfaitaire pour frais de recouvrement d'un montant de 40euros. Le taux des intérêts moratoires est égal au taux d'intérêt appliqué par la Banque centrale européenne à ses opérations principales de refinancement les plus récentes, en vigueur au premier jour du semestre de l'année civile au cours duquel les intérêts moratoires ont commencé à courir, majoré de huit points de pourcentage.","En cas de groupement d'opérateurs économiques, la forme souhaitée par le pouvoir adjudicateur est un groupement conjoint avec mandataire solidaire. Si le groupement attributaire est d'une forme différente, il pourra se voir contraint d'assurer sa transformation pour se conformer au souhait du pouvoir adjudicateur.L'offre, qu'elle soit présentée par une seule entreprise ou par un groupement, devra indiquer tous les sous-traitants connus lors de son dépôt. Elle devra également indiquer les prestations (et leur montant) dont la sous-traitance est envisagée, la dénomination et la qualité des sous-traitants qui l'exécuteront à la place du titulaire, sauf lorsque le montant est inférieur à 600 Euros TTC.",False,False,,False,True,False,CF_NIV_SUIV,,
22-8753,,,,False,False,,False,True,False,CF_NIV_SUIV,['FR'],
22-8778,,,,False,False,,False,True,False,CF_NIV_SUIV,['FR'],
22-8839,,,,False,False,,False,True,True,CF_NIV_SUIV,,
22-8847,Néant,Le délai global de paiement des prestations est fixé à 30 jours.Règlement par mandat administratif.,"Après attribution, aucune forme de groupement ne sera exigée.",False,False,,False,True,True,CF_NIV_SUIV,,
22-8848,,Le paiement se fera à 30 jours par mandat administratif suivi d'un virement et à compter de la date de réception de la demande de paiement.,,False,False,,False,True,False,CF_NIV_SUIV,,
22-8864,,,,False,False,,False,True,False,CF_NIV_SUIV,['FR'],
22-8884,,Modalités de paiement : le paiement s'effectuera par virement bancaire selon les modalités fixées au CCP.Modalités de financement : ressources propres,Groupement solidaire ou groupement conjoint avec mandataire solidaire.,False,False,,False,True,True,CF_NIV_SUIV,,
22-8901,,le paiement s'effectuera par virement bancaire selon les modalités fixées au CCAP.,Groupement solidaire ou conjoint avec mandataire solidaire,False,False,,False,True,True,CF_NIV_SUIV,,
22-8916,,,,False,False,,False,True,True,CF_NIV_SUIV,,
22-8951,,,,False,False,,False,True,False,CF_NIV_SUIV,['FR'],
22-8954,,,Aucune forme n'est imposée au groupement,False,False,,False,True,False,CF_NIV_SUIV,['FR'],
22-8964,,Modalité essentielle de paiement : les factures sont payées au plus tard le 30ème jour suivant de la date certaine de réception de chaque facture acceptée sous réserve de service fait.Modalité essentielle de financement : 100 % Université Gustave Eiffel,La forme du groupement est détaillée à l'article 7 du règlement de la consultation,False,False,,False,True,True,CF_NIV_SUIV,,
22-8981,,Les règlements s'effectuent par virement avec délai de paiement à 30 jours maximum conformément aux articles L2392-10 et R2392-10 du CCP.Le financement est assuré exclusivement par les ressources budgétaires de l'Etat.La monnaie de compte est l'euro.,"Les candidats doivent indiquer dans leur dossier de candidature s'ils se présentent en tant que candidat individuel ou en tant que groupement d'opérateurs économiques. En application de l'article R2342-12 du code de la commande publique, un même opérateur économique ne peut pas être mandataire de plus d'un groupement pour un même marché public.De plus, le pouvoir adjudicateur interdit aux candidats de présenter une offre en agissant à la fois :-en qualité de candidats individuels et de membres d'un ou plusieurs groupements ;-en qualité de membres de plusieurs groupements.En cas de groupement d'opérateurs économiques, celui-ci devra revêtir la forme d'un groupement d'entreprise solidaire.Pour l'exécution de l'accord-cadre, le mandataire du groupement est solidaire de chacun des membres du groupement pour ses obligations contractuelles. 1La constitution d'un groupement et la modification d'un groupement sont acceptées entre la remise des candidatures et la remise des offres initiales si tous les membres du groupement ont été autorisés à présenter une offre ou à y participer et le groupement nouvellement constitué doit respecter les exigences relatives aux capacités professionnelles, techniques et financières des candidats.En cas de modification ou de constitution d'un groupement, tous ses membres doivent avoir été autorisés à présenter une offre ou à y participer, au moins en tant que sous-contractant accepté dans la phase de candidature, et le groupement modifié ou nouvellement constitué doit respecter les exigences de l'acheteur relatives aux capacités des candidats.",False,False,,False,False,False,CF_NIV_SUIV,['FR'],
22-9019,Néant,,,False,False,,False,True,True,CF_NIV_SUIV,,
22-9028,,Mode de financement : Fonds propres.Mode de paiement : Virement bancaire (Mandat administratif).Les prix sont révisables dans les conditions fixées dans le Cahier des Clauses Administratives Particulières.,"Le marché pourra être attribué à une seule entreprise ou à un groupement d'entreprises.Si le marché est attribué à un groupement conjoint, le mandataire conjoint sera solidaire de chacun des membres du groupement.Possibilité de présenter pour le marché plusieurs offres en agissant à la fois en qualité de candidats individuels et de membres d'un ou plusieurs groupements : NonOu en qualité de membres de plusieurs groupements : Non",False,False,,False,True,False,CF_NIV_SUIV,,
22-9034,,,Aucune forme n'est imposée au groupement,False,False,,False,True,False,CF_NIV_SUIV,['FR'],
22-9087,,,,False,False,,False,True,True,CF_NIV_SUIV,,
22-912,,,,False,False,,False,True,False,CF_NIV_SUIV,['FR'],
22-9134,"Le titulaire, sauf s'il s'agit d'un organisme public, doit justifier de la constitution d'une garantie à première demande à concurrence de 100,0 % du montant de l'avance. La caution personnelle et solidaire n'est pas autorisée.",,,False,False,,False,True,True,CF_NIV_SUIV,,
22-9160,"Conformément aux articles L2391-7 et R2391-21 à 2391-24 du code de la commande publique, le marché peut prévoir une retenue de garantie.",Les règlements s'effectuent par virement avec délai de paiement à 30 jours maximum en application des dispositions de l'article R 2392-10 du code de la commande publique.Le financement est assuré exclusivement par les ressources budgétaires de l'Etat.La monnaie de compte est l'euro,"Les candidats doivent indiquer dans leur dossier de candidature s'ils se présentent en tant que candidat individuel ou en tant que groupement d'opérateurs économiques. En application de l'article R2342-12 du code de la commande publique, un même opérateur économique ne peut pas être mandataire de plus d'un groupement pour un même marché public.De plus, le pouvoir adjudicateur interdit aux candidats de présenter une offre en agissant à la fois :-en qualité de candidats individuels et de membres d'un ou plusieurs groupements ;-en qualité de membres de plusieurs groupements.En cas de groupement d'opérateurs économiques, celui-ci devra revêtir la forme d'un groupement d'entreprise solidaire.Pour l'exécution de l'accord-cadre le mandataire du groupement est solidaire de chacun des membres du groupement pour ses obligations contractuelles. - La constitution d'un groupement et la modification d'un groupement sont acceptées entre la remise des candidatures et la remise des offres initiales si tous les membres du groupement ont été autorisés à présenter une offre ou à y participer et le groupement nouvellement constitué doit respecter les exigences relatives aux capacités professionnelles, techniques et financières des candidats.",False,False,Sans objet.,False,False,False,CF_NIV_SUIV,['FR'],
22-9168,,,,False,False,,False,True,True,CF_NIV_SUIV,,
22-9182,,,,False,False,,False,True,False,CF_NIV_SUIV,,
22-9195,,Les paiements interviennent à l'issue de la réception des prestations.Les prestations du contrat sont réglées par paiement partiel définitif,Aucune forme particulière de groupement n'est imposée après attribution.Le candidat ne peut pas répondre en tant que titulaire et cotraitant d'un ou plusieurs groupements,False,False,,False,True,False,CF_NIV_SUIV,['FR'],
22-9223,,,,False,False,,False,True,True,CF_NIV_SUIV,,
22-9224,,Financement par le budget général de la Communauté de communes du Grand Chambord. Paiement sous 30 jours.,Groupement solidaire ou conjoint avec solidarité du mandataire,False,False,,False,True,False,CF_NIV_SUIV,['FR'],
22-9236,,,,False,False,,False,False,True,CF_NIV_SUIV,,
22-9252,,Le délai global de paiement des prestations est fixé à 30 jours.Modalités de financement des prestations : Les dépenses effectuées au titre du présent marché seront imputées sur le Budget de la Commune de Saint-Cyprien au titre de l'exercice 2021 et suivants..Les prestations sont traitées à prix unitaires.,"Après l'attribution du marché, la personne signataire du marché pourra exiger que le titulaire adopte la forme juridique suivante : groupement solidaire.La même entreprise ne peut pas présenter pour le marché ou un de ses lots plusieurs offres, en agissant à la fois :en qualité de candidat individuel et de membre d'un ou plusieurs groupements ;en qualité de membre de plusieurs groupements.",False,False,,False,True,True,CF_NIV_SUIV,,
22-9258,Voir DCE,Voir DCE,Voir DCE,False,False,,False,True,False,CF_NIV_SUIV,['FR'],
22-9308,,,,False,False,,False,True,True,CF_NIV_SUIV,,
22-9313,"Retenue de garantie de 5%. Une avance est accordée au titulaire, sauf indication contraire dans l'acte d'engagement, lorsque le montant de latranche affermie est supérieur à 50 000euros HT et dans la mesure où le délai d'exécution est supérieur à 2 mois.","Financement sur fonds propres, application des règles de comptabilité publique, paiement sous 30 jours par mandat administratif","En cas de groupement, le mandataire devra être solidaire afin de faciliter le suivi administratif et financier.",False,False,,False,True,True,CF_NIV_SUIV,,
22-9341,- garantie financière de l'avance sous forme d'une garantie à première demande à concurrence de 100% du montant de l'avance. la caution personnelle estsolidaire n'est pas autorisée.- retenue de garantie de 5% du montant initial du marché sera constituée. elle pourra être remplacée par une garantie à première demande. la caution personnelle et solidaire n'est pas acceptée.- garantie de parfait achèvement des travaux d'un an dont le point de départ est la date d'effet de leur réception. les modalités de cette garantie sont définies à l'article 44.1 du ccag-travaux.- garantie des dommages divers causés par la conduite des travaux ou les modalités de leur exécution par dérogation à l'article 35 du ccag-travaux,"- Ressources propres du Département - délai global de paiement fixé à 30 jours, application des règles de la comptabilité publique, des articles r2191-3 à r 21-91-19 du code de la commande publique et du ccag travaux- avance de 30% selon les dispositions du code de la commande publique et du ccap","Le pouvoir adjudicateur ne souhaite imposer aucune forme de groupement à l'attributaire du marché. Toutefois quelle que soit la forme retenue, le groupement devra présenter un mandataire solidaire. Enfin, il n'est pas possible d'être mandataire de plusieurs groupements.",False,False,,False,True,False,CF_NIV_SUIV,,
22-9379,,,,False,False,,False,True,False,CF_NIV_SUIV,,
22-9395,,,,False,False,,False,True,False,CF_NIV_SUIV,['FR'],
22-9407,,,,False,False,,False,True,True,CF_NIV_SUIV,,
22-9415,"Garanties financières de l'avance : le titulaire, sauf s'il s'agit d'un organisme public, doit justifier de la constitution d'une caution personnelle et solidaire ou d'une garantie à première demande à concurrence de 100,0 % du montant de l'avance.",Le règlement des dépenses se fera par virement bancaire - délai global de paiement : 30 jours - imputation budgétaire : budget principal Ville.,Le pouvoir adjudicateur ne souhaite imposer aucune forme de groupement à l'attributaire du marché.Il est interdit aux candidats de présenter plusieurs offres en agissant à la fois en qualité de candidats individuels et de membres d'un ou plusieurs groupements ou en qualité de membres de plusieurs groupements.,False,False,,False,True,False,CF_NIV_SUIV,['FR'],
22-9436,,,,False,False,,False,False,False,CF_NIV_SUIV,['FR'],
22-9443,,,,False,False,,False,False,False,CF_NIV_SUIV,['FR'],
22-9445,Obligation de fournir une garantie à première demande (ou caution personnelle et solidaire) pour recevoir l'avance,Règlement : par mandat administratif en 30 jours maximum.Financement : budget communal,,False,False,,False,True,False,CF_NIV_SUIV,['FR'],
22-9447,,,,False,False,,False,False,False,CF_NIV_SUIV,['FR'],
22-9487,,,,False,False,,False,True,True,CF_NIV_SUIV,,
22-9496,,,,False,False,,False,True,True,CF_NIV_SUIV,,
22-9522,Aucune clause de garantie financière ne sera appliquée,"Le financement du présent marché s'effectuera au moyen des ressources propres inscrites au budget du Conseil départemental, emprunts et subventions.Virement bancaire à échéance maximum de 30 jours",Aucune forme de groupement n'est imposée à l'attributaire,False,False,,False,True,False,CF_NIV_SUIV,['FR'],
22-9560,,,,False,False,,False,True,True,CF_NIV_SUIV,,
22-9575,,,,False,False,,False,True,False,CF_NIV_SUIV,['FR'],
22-9645,Voir les documents de la consultation,,,False,False,,False,False,False,CF_NIV_SUIV,,
22-9651,,,,False,False,,False,True,True,CF_NIV_SUIV,,
22-9681,Aucun cautionnement exigé.,"Les dépenses sont financées sur les fonds propres de la collectivité. Le délai global de paiement est de 30 jours selon les dispositions de l'article R. 2192-10 du Code de la commande publique.En cas de retard de paiement, le Titulaire a droit au versement d'intérêts moratoires, ainsi qu'à une indemnité forfaitaire pour frais de recouvrement d'un montant de 40 euro(s). Le taux des intérêts moratoires est égal au taux d'intérêt appliqué par la Banque centrale européenne à ses opérations principales de refinancement les plus récentes, en vigueur au premier jour du semestre de l'année civile au cours duquel les intérêts moratoires ont commencé à courir, majoré de huit points de pourcentage.","Le marché sera attribué soit à une entreprise seule soit à un groupement d'entreprises conjoint ou solidaire. Le mandataire du groupement est solidaire, pour l'exécution de l'Accord-Cadre, de chacun des membres du groupement pour ses obligations contractuelles à l'égard du pouvoir adjudicateur. En application des articles R.2142-19 à R.2142-27 du Code de la Commande Publique, le pouvoir adjudicateur interdit aux candidats de présenter pour l'accord-cadre plusieurs offres en agissant à la fois en qualité de candidats individuels ou de membres d'un ou plusieurs groupements.",False,False,,False,True,True,CF_NIV_SUIV,,
22-9714,,,,False,False,,False,False,False,CF_NIV_SUIV,['FR'],
22-9715,,,,False,False,,False,True,False,CF_NIV_SUIV,,
22-9789,,,,False,False,,False,True,True,CF_NIV_SUIV,,
22-9801,Il pourra être fait application de l'article 87 du Code des Marchés Publics,Le présent marché sera financé sur les fonds propres de la collectivité,"En cas de groupement, la forme souhaitée par le pouvoir adjudicateur est un groupement conjoint avec mandataire solidaire. Si le groupement attributaire du marché est d'une forme différente, il pourra se voir contraint d'assurer sa transformation pour se conformer au souhait du pouvoir adjudicateur tel qu'il est indiqué ci-dessus.Il est interdit aux candidats de présenter plusieurs offres en agissant à la fois :- En qualité de candidats individuels et de membres d'un ou plusieurs groupements ;- En qualité de membres de plusieurs groupements",False,False,,False,True,False,CF_NIV_SUIV,['FR'],
22-9806,,,,False,False,,False,True,False,CF_NIV_SUIV,['FR'],
22-9808,,"Les prestations seront rémunérées dans les conditions fixées par la comptabilitépublique. Fonds propres.Les sommes seront réglées après accord du Maître d'Ouvrage par mandat administratif dans un délai global de trente jours à réception de la facture par la commune de la Hague.Les crédits seront prélevés au budget général.L'opérateur économique à droit automatiquement au versement d'intérêts moratoires en cas de dépassement du délai de paiement, dans les conditions prévues par les articles L2192-12 à 14 et R2192-31 à 36 du code de la commande publique",Le pouvoir adjudicateur ne souhaite imposer aucune forme de groupement à l'attributaire du marché. Il est interdit aux candidats de présenter plusieurs offres en agissant à la fois en qualité de candidats individuels et de membres d'un ou plusieurs groupements,False,False,,False,True,False,CF_NIV_SUIV,['FR'],
22-9810,,,,False,False,,False,True,False,CF_NIV_SUIV,['FR'],
22-9813,,Financement sur les ressources propres de l'organisme.,,False,False,,False,True,True,CF_NIV_SUIV,,
22-9823,,,,False,False,,False,True,False,CF_NIV_SUIV,['FR'],
22-9831,Aucune retenue de garantie ne sera effectuée.,Financement sur les crédits du département du Calvados et plus précisément sur les crédits d'investissement de la direction des Bâtiments.,"Pas de forme imposée. Si le groupement est conjoint, le mandataire sera solidaire.",False,False,,False,True,False,CF_NIV_SUIV,['FR'],
22-9885,,,,False,False,,False,True,False,CF_NIV_SUIV,,
22-9966,Aucune clause de garantie financière prévue,Prestations réglées par des prix forfaitaires et prix unitaires Prix fermes. Aucune avance prévue. Délai global de paiement des prestations de 30 jours. Modalités de financement des prestations : Assuré en totalité par la Communauté des Communes du Pays des Ecrins,"Aucune forme de groupement imposée à l'attributaire du marché. En cas de groupement conjoint, le mandataire est solidaire des autres membres du groupement.Interdiction de présenter plusieurs offres en agissant à la fois en qualité de candidats individuels et de membres d'un ou plusieurs groupements ou en qualité de membres de plusieurs groupements",False,False,,False,False,False,CF_NIV_SUIV,,
