BOAMP_AVIS_NUM,D_11_01_Conditiondelai_Receptcandidat,D_11_02_Conditiondelai_Receptoffres,D_11_03_Conditiondelai_Limiteenvoiinvit,D_11_04_Conditiondelai_Validiteoffre,D_11_04_01_Conditiondelai_Validiteoffre_Jusquau,D_11_04_02_Conditiondelai_Validiteoffre_Dureemois,D_11_04_03_Conditiondelai_Validiteoffre_Dureejour,D_11_05_Conditiondelai_Dureesystemequalification
22-16779,,2022-03-07 09:00:00,,CF_NIV_SUIV,,4.0,,
22-16786,,2022-03-07 15:00:00,,CF_NIV_SUIV,,,120.0,
22-16791,,2022-03-02 11:00:00,,CF_NIV_SUIV,,,,
22-16810,,2022-03-07 15:00:00,,CF_NIV_SUIV,,6.0,,
22-16819,,2022-03-01 16:00:00,,CF_NIV_SUIV,,,120.0,
22-16821,,2022-03-01 16:00:00,,CF_NIV_SUIV,,,120.0,
22-16856,,2022-02-24 11:00:00,,CF_NIV_SUIV,,,,
22-16864,,2022-02-23 16:00:00,,CF_NIV_SUIV,,,120.0,
22-16913,,2022-03-01 11:00:00,,CF_NIV_SUIV,,,,
22-16934,,2022-03-02 11:00:00,,CF_NIV_SUIV,,,90.0,
22-16936,,2022-02-25 11:00:00,,CF_NIV_SUIV,,,120.0,
22-16966,,2022-02-23 11:00:00,,CF_NIV_SUIV,,,120.0,
22-17006,,2022-02-21 11:00:00,,CF_NIV_SUIV,,3.0,,
22-17023,,2022-02-25 11:00:00,,CF_NIV_SUIV,,,120.0,
22-17070,,2022-02-23 15:00:00,,CF_NIV_SUIV,,,120.0,
22-17082,,2022-03-07 15:00:00,,CF_NIV_SUIV,,4.0,,
22-17087,,2022-02-21 10:00:00,,CF_NIV_SUIV,,,,
22-17088,,2022-03-08 16:00:00,,CF_NIV_SUIV,,,120.0,
22-17093,,2022-02-21 11:00:00,,CF_NIV_SUIV,,4.0,,
22-17114,,2022-02-23 11:00:00,,CF_NIV_SUIV,,,120.0,
22-17128,,2022-03-01 10:00:00,,CF_NIV_SUIV,,,120.0,
22-17133,2022-03-07 11:00:00,,,CF_NIV_SUIV,,,,
22-17158,,2022-02-22 14:00:00,,CF_NIV_SUIV,,,120.0,
22-17163,,2022-02-14 09:00:00,,CF_NIV_SUIV,,,,
22-17178,,2022-02-24 11:00:00,,CF_NIV_SUIV,,,180.0,
22-17212,,2022-03-03 10:00:00,,CF_NIV_SUIV,,,,
22-17232,,2022-02-23 11:00:00,,CF_NIV_SUIV,,,120.0,
22-17246,,2022-02-23 14:00:00,,CF_NIV_SUIV,,,120.0,
22-17276,,2022-02-25 14:00:00,,CF_NIV_SUIV,,,90.0,
22-17285,,2022-02-23 13:00:00,,CF_NIV_SUIV,,,120.0,
22-17296,,2022-02-21 11:00:00,,CF_NIV_SUIV,,90.0,,
22-17308,,2022-02-23 11:00:00,,CF_NIV_SUIV,,,120.0,
22-17315,,2022-02-21 10:00:00,,CF_NIV_SUIV,,4.0,,
22-17322,,2022-02-28 14:00:00,,CF_NIV_SUIV,,,,
22-17335,,2022-02-18 16:00:00,,CF_NIV_SUIV,,,,
22-17344,2022-03-01 17:00:00,2022-03-11 11:00:00,,CF_NIV_SUIV,,,,
22-17355,,2022-03-04 11:00:00,,CF_NIV_SUIV,,,,
22-17360,,2022-03-08 15:00:00,,CF_NIV_SUIV,,6.0,,
22-17363,,2022-03-04 11:00:00,,CF_NIV_SUIV,,,,
22-17376,,2022-03-04 11:00:00,,CF_NIV_SUIV,,,120.0,
22-17378,,2022-03-07 11:00:00,,CF_NIV_SUIV,,,120.0,
22-17420,,2022-02-23 11:00:00,,CF_NIV_SUIV,,,120.0,
22-17429,,2022-03-04 17:00:00,,CF_NIV_SUIV,,6.0,,
22-17438,,2022-03-04 17:00:00,,CF_NIV_SUIV,,6.0,,
22-17442,,2022-03-07 15:00:00,,CF_NIV_SUIV,,4.0,,
